Alamosa,Month,Day,1,2,3,4,5,6,7,8,9,10,11,12,13,14,15,16,17,18,19,20,21,22,23,24
1/1/2016,1,1,0.00,0.00,0.00,0.00,0.00,0.00,0.08,0.07,0.36,3.59,5.37,5.77,5.14,5.07,5.45,5.89,3.77,0.68,0.07,0.00,0.00,0.00,0.00,0.00
1/2/2016,1,2,0.00,0.00,0.00,0.00,0.00,0.00,0.08,0.07,0.36,2.52,4.53,5.77,5.14,5.07,5.45,5.89,4.17,0.78,0.07,0.00,0.00,0.00,0.00,0.00
1/3/2016,1,3,0.00,0.00,0.00,0.00,0.00,0.00,0.08,0.07,0.36,2.52,4.53,5.77,5.27,5.27,5.67,5.89,4.34,0.84,0.07,0.00,0.00,0.00,0.00,0.00
1/4/2016,1,4,0.00,0.00,0.00,0.00,0.00,0.00,0.07,0.07,0.36,2.52,4.76,5.77,5.48,5.27,5.67,5.87,4.58,0.92,0.07,0.00,0.00,0.00,0.00,0.00
1/5/2016,1,5,0.00,0.00,0.00,0.00,0.00,0.00,0.07,0.07,0.36,2.52,5.48,6.00,5.51,5.45,5.85,5.98,4.58,0.92,0.07,0.00,0.00,0.00,0.00,0.00
1/6/2016,1,6,0.00,0.00,0.00,0.00,0.00,0.00,0.07,0.07,0.38,2.51,5.48,6.00,5.55,5.45,5.85,5.98,4.58,0.93,0.07,0.00,0.00,0.00,0.00,0.00
1/7/2016,1,7,0.00,0.00,0.00,0.00,0.00,0.00,0.07,0.07,0.38,2.65,5.56,6.00,5.55,5.45,5.72,5.98,4.58,0.93,0.07,0.00,0.00,0.00,0.00,0.00
1/8/2016,1,8,0.00,0.00,0.00,0.00,0.00,0.00,0.07,0.07,0.38,2.65,5.56,6.00,5.55,5.45,5.85,5.98,4.58,0.93,0.08,0.00,0.00,0.00,0.00,0.00
1/9/2016,1,9,0.00,0.00,0.00,0.00,0.00,0.00,0.11,0.07,0.38,2.65,5.56,6.00,5.55,5.45,5.89,5.98,4.58,0.93,0.08,0.00,0.00,0.00,0.00,0.00
1/10/2016,1,10,0.00,0.00,0.00,0.00,0.00,0.00,0.11,0.07,0.38,3.38,5.78,6.00,5.55,5.45,5.89,5.98,4.58,1.03,0.08,0.00,0.00,0.00,0.00,0.00
1/11/2016,1,11,0.00,0.00,0.00,0.00,0.00,0.00,0.13,0.07,0.38,3.38,5.78,6.00,5.55,5.45,5.89,5.98,4.60,1.03,0.08,0.00,0.00,0.00,0.00,0.00
1/12/2016,1,12,0.00,0.00,0.00,0.00,0.00,0.00,0.13,0.07,0.38,3.38,5.78,5.94,5.55,5.41,5.89,6.40,5.09,1.28,0.09,0.00,0.00,0.00,0.00,0.00
1/13/2016,1,13,0.00,0.00,0.00,0.00,0.00,0.00,0.13,0.07,0.37,3.38,5.78,5.94,5.55,5.34,5.89,6.40,5.09,1.28,0.09,0.00,0.00,0.00,0.00,0.00
1/14/2016,1,14,0.00,0.00,0.00,0.00,0.00,0.00,0.13,0.07,0.37,3.38,5.78,5.83,5.59,5.34,5.89,6.40,5.09,1.28,0.09,0.00,0.00,0.00,0.00,0.00
1/15/2016,1,15,0.00,0.00,0.00,0.00,0.00,0.00,0.13,0.07,0.37,3.38,5.78,5.83,5.59,5.43,5.89,6.40,5.09,1.28,0.09,0.00,0.00,0.00,0.00,0.00
1/16/2016,1,16,0.00,0.00,0.00,0.00,0.00,0.00,0.13,0.07,0.37,3.69,5.78,6.14,5.59,5.54,5.67,6.40,5.09,1.28,0.10,0.00,0.00,0.00,0.00,0.00
1/17/2016,1,17,0.00,0.00,0.00,0.00,0.00,0.00,0.13,0.07,0.37,3.72,6.12,6.14,5.68,5.54,5.83,6.40,5.09,1.45,0.10,0.00,0.00,0.00,0.00,0.00
1/18/2016,1,18,0.00,0.00,0.00,0.00,0.00,0.00,0.11,0.07,0.37,3.72,6.12,6.14,5.68,5.54,5.87,6.40,5.09,1.52,0.10,0.00,0.00,0.00,0.00,0.00
1/19/2016,1,19,0.00,0.00,0.00,0.00,0.00,0.00,0.06,0.07,0.37,3.72,6.12,6.14,5.81,5.67,5.98,6.22,5.20,1.63,0.10,0.00,0.00,0.00,0.00,0.00
1/20/2016,1,20,0.00,0.00,0.00,0.00,0.00,0.00,0.06,0.07,0.37,3.72,6.12,6.22,5.83,5.68,6.01,6.22,5.25,1.69,0.11,0.00,0.00,0.00,0.00,0.00
1/21/2016,1,21,0.00,0.00,0.00,0.00,0.00,0.00,0.06,0.07,0.37,3.72,6.12,6.31,5.83,5.74,6.05,6.22,5.28,1.74,0.11,0.00,0.00,0.00,0.00,0.00
1/22/2016,1,22,0.00,0.00,0.00,0.00,0.00,0.00,0.06,0.07,0.37,3.72,6.12,6.31,5.84,5.74,6.05,6.24,5.28,1.77,0.11,0.00,0.00,0.00,0.00,0.00
1/23/2016,1,23,0.00,0.00,0.00,0.00,0.00,0.00,0.06,0.07,0.37,3.72,6.26,6.39,5.87,5.74,6.08,6.28,5.38,1.90,0.11,0.00,0.00,0.00,0.00,0.00
1/24/2016,1,24,0.00,0.00,0.00,0.00,0.00,0.00,0.09,0.07,0.38,3.75,6.29,6.39,5.87,5.78,6.08,6.28,5.38,1.90,0.11,0.00,0.00,0.00,0.00,0.00
1/25/2016,1,25,0.00,0.00,0.00,0.00,0.00,0.00,0.09,0.07,0.46,3.75,6.29,6.39,5.87,5.78,6.08,6.28,5.38,1.90,0.12,0.00,0.00,0.00,0.00,0.00
1/26/2016,1,26,0.00,0.00,0.00,0.00,0.00,0.00,0.09,0.07,0.46,3.75,6.29,6.39,5.87,5.78,6.08,6.28,5.38,1.90,0.12,0.00,0.00,0.00,0.00,0.00
1/27/2016,1,27,0.00,0.00,0.00,0.00,0.00,0.00,0.09,0.07,0.46,3.75,6.29,6.39,5.87,5.78,6.08,6.28,5.38,1.90,0.13,0.00,0.00,0.00,0.00,0.00
1/28/2016,1,28,0.00,0.00,0.00,0.00,0.00,0.00,0.09,0.07,0.46,3.75,6.29,6.39,5.87,5.78,6.08,6.28,5.39,2.13,0.13,0.00,0.00,0.00,0.00,0.00
1/29/2016,1,29,0.00,0.00,0.00,0.00,0.00,0.00,0.09,0.07,0.46,3.75,6.29,6.39,5.87,5.78,6.08,6.28,5.39,2.13,0.13,0.00,0.00,0.00,0.00,0.00
1/30/2016,1,30,0.00,0.00,0.00,0.00,0.00,0.00,0.09,0.07,0.46,3.75,6.29,6.37,5.73,5.78,5.95,6.23,6.14,2.13,0.17,0.00,0.00,0.00,0.00,0.00
1/31/2016,1,31,0.00,0.00,0.00,0.00,0.00,0.00,0.07,0.07,0.46,4.44,6.63,6.60,5.88,6.01,6.22,6.54,6.14,2.13,0.17,0.00,0.00,0.00,0.00,0.00
2/1/2016,2,1,0.00,0.00,0.00,0.00,0.00,0.00,0.07,0.07,0.49,4.44,6.63,6.60,5.88,6.01,6.22,6.54,6.14,2.24,0.17,0.00,0.00,0.00,0.00,0.00
2/2/2016,2,2,0.00,0.00,0.00,0.00,0.00,0.00,0.07,0.07,0.49,4.44,6.63,6.60,5.88,6.01,6.22,6.54,6.14,2.32,0.17,0.00,0.00,0.00,0.00,0.00
2/3/2016,2,3,0.00,0.00,0.00,0.00,0.00,0.00,0.08,0.07,0.49,4.44,6.63,6.60,5.88,6.01,6.22,6.54,6.14,2.32,0.17,0.00,0.00,0.00,0.00,0.00
2/4/2016,2,4,0.00,0.00,0.00,0.00,0.00,0.00,0.12,0.07,0.49,4.44,6.63,6.60,5.88,6.01,6.22,6.54,6.14,2.32,0.17,0.00,0.00,0.00,0.00,0.00
2/5/2016,2,5,0.00,0.00,0.00,0.00,0.00,0.00,0.12,0.07,0.50,4.44,6.63,6.60,5.88,6.01,6.22,6.54,6.14,2.73,0.17,0.00,0.00,0.00,0.00,0.00
2/6/2016,2,6,0.00,0.00,0.00,0.00,0.00,0.00,0.12,0.07,0.56,4.44,6.63,6.60,5.88,6.01,6.22,6.54,5.65,2.73,0.21,0.00,0.00,0.00,0.00,0.00
2/7/2016,2,7,0.00,0.00,0.00,0.00,0.00,0.00,0.12,0.07,0.56,4.28,5.97,6.00,5.62,5.48,5.68,5.88,5.37,2.73,0.21,0.00,0.00,0.00,0.00,0.00
2/8/2016,2,8,0.00,0.00,0.00,0.00,0.00,0.00,0.12,0.07,0.60,4.41,6.12,6.00,5.62,5.50,5.73,5.94,5.49,2.77,0.22,0.00,0.00,0.00,0.00,0.00
2/9/2016,2,9,0.00,0.00,0.00,0.00,0.00,0.00,0.12,0.07,0.60,4.41,6.12,6.48,6.10,6.03,6.17,6.49,5.94,2.93,0.22,0.00,0.00,0.00,0.00,0.00
2/10/2016,2,10,0.00,0.00,0.00,0.00,0.00,0.00,0.12,0.07,0.69,4.83,6.61,6.48,6.10,6.03,6.17,6.49,5.94,2.93,0.22,0.00,0.00,0.00,0.00,0.00
2/11/2016,2,11,0.00,0.00,0.00,0.00,0.00,0.00,0.07,0.07,0.69,4.83,6.61,6.48,6.10,6.03,6.17,6.49,5.94,2.93,0.22,0.00,0.00,0.00,0.00,0.00
2/12/2016,2,12,0.00,0.00,0.00,0.00,0.00,0.00,0.07,0.07,0.69,4.83,6.61,6.48,6.10,6.03,6.17,6.49,5.94,2.93,0.26,0.00,0.00,0.00,0.00,0.00
2/13/2016,2,13,0.00,0.00,0.00,0.00,0.00,0.00,0.07,0.07,0.78,5.23,6.79,6.68,6.42,6.28,6.48,6.67,6.17,3.32,0.32,0.00,0.00,0.00,0.00,0.00
2/14/2016,2,14,0.00,0.00,0.00,0.00,0.00,0.00,0.10,0.07,0.82,5.35,6.79,6.68,6.42,6.28,6.48,6.67,6.17,3.42,0.36,0.00,0.00,0.00,0.00,0.00
2/15/2016,2,15,0.00,0.00,0.00,0.00,0.00,0.00,0.10,0.08,0.82,5.35,6.79,6.68,6.42,6.28,6.48,6.76,6.49,3.58,0.38,0.00,0.00,0.00,0.00,0.00
2/16/2016,2,16,0.00,0.00,0.00,0.00,0.00,0.00,0.10,0.08,0.82,5.35,6.79,6.68,6.69,6.47,6.71,6.90,6.49,3.71,0.40,0.00,0.00,0.00,0.00,0.00
2/17/2016,2,17,0.00,0.00,0.00,0.00,0.00,0.00,0.10,0.08,1.01,5.63,6.79,6.68,6.69,6.47,6.71,6.90,6.49,3.71,0.42,0.00,0.00,0.00,0.00,0.00
2/18/2016,2,18,0.00,0.00,0.00,0.00,0.00,0.00,0.10,0.08,1.01,5.63,6.79,6.68,6.69,6.47,6.71,6.90,6.49,3.71,0.46,0.00,0.00,0.00,0.00,0.00
2/19/2016,2,19,0.00,0.00,0.00,0.00,0.00,0.00,0.10,0.08,1.02,6.00,7.19,7.00,6.69,6.52,6.71,6.90,6.53,3.86,0.49,0.00,0.00,0.00,0.00,0.00
2/20/2016,2,20,0.00,0.00,0.00,0.00,0.00,0.00,0.10,0.09,1.18,6.00,7.19,7.00,6.69,6.52,6.71,6.90,6.53,3.86,0.49,0.00,0.00,0.00,0.00,0.00
2/21/2016,2,21,0.00,0.00,0.00,0.00,0.00,0.00,0.09,0.09,1.18,6.00,7.19,7.00,6.69,6.52,6.71,6.90,6.53,3.86,0.49,0.00,0.00,0.00,0.00,0.00
2/22/2016,2,22,0.00,0.00,0.00,0.00,0.00,0.00,0.09,0.09,1.18,6.00,7.19,7.00,6.69,6.58,6.71,6.90,6.53,3.86,0.49,0.00,0.00,0.00,0.00,0.00
2/23/2016,2,23,0.00,0.00,0.00,0.00,0.00,0.00,0.09,0.09,1.18,6.00,7.19,7.00,6.63,6.58,6.62,6.88,6.53,3.86,0.49,0.00,0.00,0.00,0.00,0.00
2/24/2016,2,24,0.00,0.00,0.00,0.00,0.00,0.00,0.09,0.09,1.20,6.28,7.19,7.00,6.64,6.58,6.62,6.88,6.53,3.87,0.55,0.00,0.00,0.00,0.00,0.00
2/25/2016,2,25,0.00,0.00,0.00,0.00,0.00,0.00,0.09,0.09,1.20,6.28,7.19,7.00,6.84,6.58,6.62,6.88,6.53,3.87,0.55,0.00,0.00,0.00,0.00,0.00
2/26/2016,2,26,0.00,0.00,0.00,0.00,0.00,0.00,0.08,0.10,1.67,6.64,7.28,7.15,6.92,6.72,6.78,6.94,6.73,4.36,0.75,0.00,0.00,0.00,0.00,0.00
2/27/2016,2,27,0.00,0.00,0.00,0.00,0.00,0.00,0.08,0.12,1.75,6.64,7.28,7.15,6.92,6.72,6.78,6.94,6.73,4.36,0.75,0.00,0.00,0.00,0.00,0.00
2/28/2016,2,28,0.00,0.00,0.00,0.00,0.00,0.00,0.08,0.13,1.95,6.68,7.28,7.15,6.92,6.72,6.88,7.10,6.87,4.58,0.82,0.00,0.00,0.00,0.00,0.00
3/1/2016,3,1,0.00,0.00,0.00,0.00,0.00,0.00,0.08,0.14,1.95,6.68,7.28,7.15,6.92,6.72,6.88,7.10,6.87,4.58,0.82,0.00,0.00,0.00,0.00,0.00
3/2/2016,3,2,0.00,0.00,0.00,0.00,0.00,0.00,0.06,0.14,2.10,6.68,7.28,7.15,6.94,6.72,6.88,7.17,6.92,4.58,0.86,0.00,0.00,0.00,0.00,0.00
3/3/2016,3,3,0.00,0.00,0.00,0.00,0.00,0.00,0.06,0.14,2.10,6.68,7.28,7.15,6.94,6.72,6.88,7.17,6.92,4.58,0.86,0.00,0.00,0.00,0.00,0.00
3/4/2016,3,4,0.00,0.00,0.00,0.00,0.00,0.00,0.06,0.14,2.10,6.68,7.28,7.15,6.94,6.72,6.88,7.17,6.92,4.58,0.86,0.00,0.00,0.00,0.00,0.00
3/5/2016,3,5,0.00,0.00,0.00,0.00,0.00,0.00,0.11,0.14,2.10,6.68,7.14,7.12,6.94,6.67,6.88,7.17,6.92,5.23,1.04,0.00,0.00,0.00,0.00,0.00
3/6/2016,3,6,0.00,0.00,0.00,0.00,0.00,0.00,0.11,0.21,2.75,6.68,7.14,7.12,6.94,6.67,6.88,7.17,6.92,5.23,1.04,0.00,0.00,0.00,0.00,0.00
3/7/2016,3,7,0.00,0.00,0.00,0.00,0.00,0.00,0.11,0.21,2.75,6.62,7.14,7.12,6.94,6.67,6.86,7.17,6.92,5.23,1.04,0.00,0.00,0.00,0.00,0.00
3/8/2016,3,8,0.00,0.00,0.00,0.00,0.00,0.00,0.11,0.21,3.01,6.62,7.14,7.12,6.94,6.67,6.86,7.17,6.92,5.23,1.12,0.00,0.00,0.00,0.00,0.00
3/9/2016,3,9,0.00,0.00,0.00,0.00,0.00,0.00,0.11,0.33,3.01,6.62,7.13,6.94,6.75,6.65,6.71,6.97,6.82,5.23,1.12,0.00,0.00,0.00,0.00,0.00
3/10/2016,3,10,0.00,0.00,0.00,0.00,0.00,0.00,0.11,0.33,3.01,6.62,7.13,6.94,6.75,6.65,6.71,6.97,6.82,5.23,1.12,0.00,0.00,0.00,0.00,0.00
3/11/2016,3,11,0.00,0.00,0.00,0.00,0.00,0.00,0.11,0.33,3.01,6.62,7.13,6.94,6.75,6.65,6.81,7.03,7.02,5.33,1.31,0.00,0.00,0.00,0.00,0.00
3/12/2016,3,12,0.00,0.00,0.00,0.00,0.00,0.00,0.07,0.33,3.23,6.68,7.13,6.94,6.75,6.65,6.81,7.03,7.02,5.33,1.31,0.00,0.00,0.00,0.00,0.00
3/13/2016,3,13,0.00,0.00,0.00,0.00,0.00,0.00,0.07,0.33,3.23,6.68,7.13,6.94,6.77,6.85,6.81,7.03,7.02,5.33,1.31,0.00,0.00,0.00,0.00,0.00
3/14/2016,3,14,0.00,0.00,0.00,0.00,0.00,0.00,0.07,0.38,3.95,6.81,7.13,6.84,6.77,6.85,6.81,7.03,7.02,5.33,1.31,0.00,0.00,0.00,0.00,0.00
3/15/2016,3,15,0.00,0.00,0.00,0.00,0.00,0.00,0.07,0.38,3.95,6.81,7.05,6.88,6.77,6.85,6.81,7.03,7.02,5.33,1.47,0.00,0.00,0.00,0.00,0.00
3/16/2016,3,16,0.00,0.00,0.00,0.00,0.00,0.00,0.07,0.38,3.95,6.81,7.08,6.88,6.77,6.85,6.81,7.03,7.02,5.33,1.48,0.00,0.00,0.00,0.00,0.00
3/17/2016,3,17,0.00,0.00,0.00,0.00,0.00,0.00,0.07,0.38,3.95,6.81,7.08,6.88,6.77,6.85,6.81,7.03,7.02,5.33,1.48,0.00,0.00,0.00,0.00,0.00
3/18/2016,3,18,0.00,0.00,0.00,0.00,0.00,0.00,0.07,0.47,3.95,6.81,7.08,6.88,6.77,6.85,6.78,6.79,6.71,5.24,1.48,0.00,0.00,0.00,0.00,0.00
3/19/2016,3,19,0.00,0.00,0.00,0.00,0.00,0.00,0.06,0.58,4.52,6.83,7.08,6.88,6.77,6.87,7.18,7.19,6.86,5.24,1.67,0.00,0.00,0.00,0.00,0.00
3/20/2016,3,20,0.00,0.00,0.00,0.00,0.00,0.00,0.06,0.58,4.52,6.83,7.08,6.88,6.77,6.87,7.18,7.19,6.86,5.24,1.67,0.00,0.00,0.00,0.00,0.00
3/21/2016,3,21,0.00,0.00,0.00,0.00,0.00,0.00,0.06,0.59,4.84,6.83,7.08,6.88,6.77,6.87,7.18,7.19,6.86,5.24,1.67,0.00,0.00,0.00,0.00,0.00
3/22/2016,3,22,0.00,0.00,0.00,0.00,0.00,0.00,0.06,0.59,4.84,6.83,7.08,6.86,6.76,6.87,7.18,7.19,6.86,4.85,1.67,0.00,0.00,0.00,0.00,0.00
3/23/2016,3,23,0.00,0.00,0.00,0.00,0.00,0.00,0.06,0.90,5.02,6.83,7.04,6.70,6.76,6.87,7.18,7.19,6.86,4.85,1.67,0.00,0.00,0.00,0.00,0.00
3/24/2016,3,24,0.00,0.00,0.00,0.00,0.00,0.00,0.07,0.90,5.11,6.83,7.04,6.70,6.76,6.87,7.18,7.19,6.86,4.85,1.67,0.00,0.00,0.00,0.00,0.00
3/25/2016,3,25,0.00,0.00,0.00,0.00,0.00,0.00,0.07,1.07,5.68,7.09,7.26,7.30,6.81,6.87,7.18,7.19,6.86,4.85,1.67,0.00,0.00,0.00,0.00,0.00
3/26/2016,3,26,0.00,0.00,0.00,0.00,0.00,0.00,0.07,1.22,5.86,7.12,7.29,7.30,7.20,7.24,7.23,7.23,7.08,5.92,1.91,0.00,0.00,0.00,0.00,0.00
3/27/2016,3,27,0.00,0.00,0.00,0.00,0.00,0.00,0.07,1.22,5.86,7.12,7.29,7.30,7.20,7.24,7.23,7.23,7.08,5.92,1.91,0.00,0.00,0.00,0.00,0.00
3/28/2016,3,28,0.00,0.00,0.00,0.00,0.00,0.00,0.07,1.22,5.86,7.12,7.29,7.30,7.20,7.24,7.23,7.23,7.08,5.92,1.91,0.00,0.00,0.00,0.00,0.00
3/29/2016,3,29,0.00,0.00,0.00,0.00,0.00,0.00,0.07,1.22,5.86,7.12,7.29,7.30,7.20,7.24,7.23,7.23,7.08,5.92,1.91,0.00,0.00,0.00,0.00,0.00
3/30/2016,3,30,0.00,0.00,0.00,0.00,0.00,0.00,0.07,1.33,5.86,7.12,7.29,7.30,7.20,7.24,7.23,7.23,7.08,5.92,2.02,0.00,0.00,0.00,0.00,0.00
3/31/2016,3,31,0.00,0.00,0.00,0.00,0.00,0.00,0.07,1.50,5.86,7.12,7.29,7.30,7.20,7.24,7.23,7.23,7.08,5.92,2.02,0.00,0.00,0.00,0.00,0.00
4/1/2016,4,1,0.00,0.00,0.00,0.00,0.00,0.00,0.08,1.71,5.96,7.12,7.29,7.29,7.20,7.24,7.23,7.23,7.08,5.92,2.02,0.00,0.00,0.00,0.00,0.00
4/2/2016,4,2,0.00,0.00,0.00,0.00,0.00,0.00,0.08,1.71,5.96,7.04,7.12,7.10,7.06,7.07,7.02,7.11,6.78,5.80,2.09,0.00,0.00,0.00,0.00,0.00
4/3/2016,4,3,0.00,0.00,0.00,0.00,0.00,0.00,0.08,1.92,6.02,7.04,7.12,7.10,7.06,7.07,7.02,7.11,6.78,5.80,2.09,0.00,0.00,0.00,0.00,0.00
4/4/2016,4,4,0.00,0.00,0.00,0.00,0.00,0.00,0.08,1.92,6.02,7.04,7.12,7.06,6.98,7.07,7.02,7.11,6.78,5.80,2.35,0.00,0.00,0.00,0.00,0.00
4/5/2016,4,5,0.00,0.00,0.00,0.00,0.00,0.00,0.09,2.08,6.17,7.04,7.12,7.14,7.11,7.16,7.06,7.11,6.78,5.80,2.35,0.00,0.00,0.00,0.00,0.00
4/6/2016,4,6,0.00,0.00,0.00,0.00,0.00,0.00,0.09,2.08,6.17,7.04,7.12,7.14,7.11,7.16,7.06,7.11,6.78,6.00,2.35,0.00,0.00,0.00,0.00,0.00
4/7/2016,4,7,0.00,0.00,0.00,0.00,0.00,0.00,0.11,2.09,6.17,7.04,7.12,7.14,7.11,7.16,7.06,7.11,6.78,6.00,2.35,0.00,0.00,0.00,0.00,0.00
4/8/2016,4,8,0.00,0.00,0.00,0.00,0.00,0.00,0.11,2.09,6.17,7.04,7.15,7.14,7.11,7.16,7.06,6.89,6.63,6.00,2.35,0.00,0.00,0.00,0.00,0.00
4/9/2016,4,9,0.00,0.00,0.00,0.00,0.00,0.00,0.11,2.09,6.17,7.04,7.15,7.14,7.11,7.16,7.06,6.38,6.48,6.00,2.35,0.00,0.00,0.00,0.00,0.00
4/10/2016,4,10,0.00,0.00,0.00,0.00,0.00,0.00,0.11,2.09,6.17,7.04,7.15,7.14,7.11,7.16,7.06,6.38,6.48,6.00,2.35,0.00,0.00,0.00,0.00,0.00
4/11/2016,4,11,0.00,0.00,0.00,0.00,0.00,0.00,0.11,2.09,6.17,7.04,7.15,7.18,7.11,7.16,7.06,6.38,6.48,6.00,2.21,0.00,0.00,0.00,0.00,0.00
4/12/2016,4,12,0.00,0.00,0.00,0.00,0.00,0.00,0.16,3.13,5.86,6.93,7.15,7.18,6.74,6.95,6.99,6.11,6.15,6.00,3.43,0.00,0.00,0.00,0.00,0.00
4/13/2016,4,13,0.00,0.00,0.00,0.00,0.00,0.00,0.16,3.18,6.52,7.10,7.27,7.18,6.74,6.95,6.99,6.11,5.86,5.79,3.43,0.00,0.00,0.00,0.00,0.00
4/14/2016,4,14,0.00,0.00,0.00,0.00,0.00,0.00,0.20,3.37,6.52,7.10,7.27,7.30,7.33,7.25,6.99,6.56,5.22,5.79,3.43,0.00,0.00,0.00,0.00,0.00
4/15/2016,4,15,0.00,0.00,0.00,0.00,0.00,0.00,0.20,3.37,6.52,7.10,7.27,7.30,7.33,7.25,6.99,6.56,6.67,6.55,3.45,0.00,0.00,0.00,0.00,0.00
4/16/2016,4,16,0.00,0.00,0.00,0.00,0.00,0.00,0.20,3.37,6.52,7.10,7.27,7.30,7.33,7.25,6.99,6.69,6.67,6.55,3.45,0.00,0.00,0.00,0.00,0.00
4/17/2016,4,17,0.00,0.00,0.00,0.00,0.00,0.00,0.21,3.37,6.54,7.10,7.27,7.30,7.33,7.25,6.99,6.69,6.67,6.55,3.45,0.00,0.00,0.00,0.00,0.00
4/18/2016,4,18,0.00,0.00,0.00,0.00,0.00,0.00,0.21,3.37,6.54,7.10,7.27,7.30,7.33,7.25,6.99,6.69,6.67,6.55,3.45,0.00,0.00,0.00,0.00,0.00
4/19/2016,4,19,0.00,0.00,0.00,0.00,0.00,0.00,0.21,3.37,6.54,7.10,7.27,7.30,7.33,7.25,6.84,6.69,6.67,6.55,3.51,0.00,0.00,0.00,0.00,0.00
4/20/2016,4,20,0.00,0.00,0.00,0.00,0.00,0.00,0.25,3.37,6.54,7.07,7.24,7.30,7.33,7.25,6.84,6.70,6.67,6.55,3.51,0.00,0.00,0.00,0.00,0.00
4/21/2016,4,21,0.00,0.00,0.00,0.00,0.00,0.00,0.25,3.34,6.54,6.61,6.78,6.79,6.74,6.77,6.84,6.70,6.67,6.55,3.51,0.00,0.00,0.00,0.00,0.00
4/22/2016,4,22,0.00,0.00,0.00,0.00,0.00,0.00,0.25,3.55,6.54,6.64,6.78,6.79,6.74,6.77,6.84,6.70,6.56,6.01,3.51,0.00,0.00,0.00,0.00,0.00
4/23/2016,4,23,0.00,0.00,0.00,0.00,0.00,0.00,0.25,3.76,6.62,6.64,6.78,6.79,6.74,6.77,6.75,6.70,6.67,6.01,3.51,0.00,0.00,0.00,0.00,0.00
4/24/2016,4,24,0.00,0.00,0.00,0.00,0.00,0.00,0.25,3.76,6.62,6.64,6.78,6.79,6.74,6.77,6.75,6.70,6.67,6.01,3.51,0.00,0.00,0.00,0.00,0.00
4/25/2016,4,25,0.00,0.00,0.00,0.00,0.00,0.00,0.48,3.76,6.62,6.92,7.26,7.27,6.74,6.91,7.10,7.08,6.67,6.01,3.51,0.00,0.00,0.00,0.00,0.00
4/26/2016,4,26,0.00,0.00,0.00,0.00,0.00,0.00,0.48,3.76,6.62,6.92,7.26,7.27,7.11,6.91,7.10,7.08,6.67,5.33,3.40,0.00,0.00,0.00,0.00,0.00
4/27/2016,4,27,0.00,0.00,0.00,0.00,0.00,0.00,0.48,3.76,6.62,6.92,7.26,7.27,7.11,6.91,7.10,7.08,6.67,4.67,3.40,0.00,0.00,0.00,0.00,0.00
4/28/2016,4,28,0.00,0.00,0.00,0.00,0.00,0.00,0.56,4.23,6.62,7.06,7.26,7.27,7.22,7.22,7.18,7.08,6.67,6.46,3.93,0.00,0.00,0.00,0.00,0.00
4/29/2016,4,29,0.00,0.00,0.00,0.00,0.00,0.00,0.56,4.33,6.67,7.06,7.26,7.27,7.22,7.22,7.18,7.08,6.67,6.46,3.93,0.00,0.00,0.00,0.00,0.00
4/30/2016,4,30,0.00,0.00,0.00,0.00,0.00,0.00,0.60,4.45,6.67,7.06,7.26,7.27,7.22,7.22,7.18,7.08,6.51,6.46,3.93,0.00,0.00,0.00,0.00,0.00
5/1/2016,5,1,0.00,0.00,0.00,0.00,0.00,0.00,0.60,4.45,6.67,7.06,7.26,7.27,7.22,7.22,7.18,7.08,6.51,6.46,3.93,0.00,0.00,0.00,0.00,0.00
5/2/2016,5,2,0.00,0.00,0.00,0.00,0.00,0.00,0.60,4.45,6.67,7.06,7.19,7.23,7.22,7.22,7.18,7.04,6.51,6.46,3.93,0.00,0.00,0.00,0.00,0.00
5/3/2016,5,3,0.00,0.00,0.00,0.00,0.00,0.00,0.76,4.87,6.94,7.19,7.19,7.34,7.36,7.33,7.29,7.22,7.07,6.58,4.28,0.00,0.00,0.00,0.00,0.00
5/4/2016,5,4,0.00,0.00,0.00,0.00,0.00,0.00,0.83,4.88,6.94,7.19,7.25,7.34,7.36,7.33,7.29,7.22,7.07,6.58,4.28,0.00,0.00,0.00,0.00,0.00
5/5/2016,5,5,0.00,0.00,0.00,0.00,0.00,0.00,0.84,4.88,6.94,7.19,7.25,7.34,7.36,7.33,7.29,7.22,7.07,6.58,4.28,0.00,0.00,0.00,0.00,0.00
5/6/2016,5,6,0.00,0.00,0.00,0.00,0.00,0.00,0.84,4.88,6.94,7.19,7.25,7.34,7.36,7.33,7.29,7.22,7.07,6.58,4.28,0.00,0.00,0.00,0.00,0.00
5/7/2016,5,7,0.00,0.00,0.00,0.00,0.00,0.00,0.84,4.88,6.94,7.19,7.25,7.34,7.36,7.33,7.29,7.22,7.07,6.58,4.28,0.00,0.00,0.00,0.00,0.00
5/8/2016,5,8,0.00,0.00,0.00,0.00,0.00,0.00,0.84,4.88,6.94,7.19,7.25,7.34,7.36,7.33,7.29,7.22,7.07,6.58,4.28,0.00,0.00,0.00,0.00,0.00
5/9/2016,5,9,0.00,0.00,0.00,0.00,0.00,0.00,0.84,4.88,6.94,7.19,7.25,7.34,7.36,7.33,7.29,7.22,7.07,6.58,4.28,0.00,0.00,0.00,0.00,0.00
5/10/2016,5,10,0.00,0.00,0.00,0.00,0.00,0.00,0.84,4.88,6.87,7.16,7.25,7.24,7.23,7.23,7.19,6.84,7.00,6.48,4.21,0.00,0.00,0.00,0.00,0.00
5/11/2016,5,11,0.00,0.00,0.00,0.00,0.00,0.00,1.05,4.93,6.84,7.16,7.25,7.28,7.19,7.20,7.19,6.84,7.13,6.54,3.90,0.00,0.00,0.00,0.00,0.00
5/12/2016,5,12,0.00,0.00,0.00,0.00,0.00,0.00,1.08,4.93,6.84,7.16,7.25,7.28,7.00,6.50,5.86,6.81,7.13,6.54,3.90,0.00,0.00,0.00,0.00,0.00
5/13/2016,5,13,0.00,0.00,0.00,0.00,0.00,0.00,1.08,4.93,6.84,7.16,7.25,7.28,7.03,6.50,5.86,6.81,7.13,6.54,3.90,0.00,0.00,0.00,0.00,0.00
5/14/2016,5,14,0.00,0.00,0.00,0.00,0.00,0.00,1.08,4.93,6.84,7.16,7.25,7.28,7.03,7.00,6.98,6.81,7.13,6.54,3.90,0.00,0.00,0.00,0.00,0.00
5/15/2016,5,15,0.00,0.00,0.00,0.00,0.00,0.00,1.23,5.00,6.84,7.13,7.21,7.28,7.03,7.00,6.98,6.81,7.13,6.54,2.74,0.00,0.00,0.00,0.00,0.00
5/16/2016,5,16,0.00,0.00,0.00,0.00,0.00,0.00,1.23,5.00,6.84,7.13,7.21,7.28,7.03,7.00,6.98,6.39,7.13,6.54,2.74,0.00,0.00,0.00,0.00,0.00
5/17/2016,5,17,0.00,0.00,0.00,0.00,0.00,0.00,1.26,5.03,6.67,7.13,7.21,7.28,7.14,7.18,6.98,6.39,7.13,6.54,4.53,0.00,0.00,0.00,0.00,0.00
5/18/2016,5,18,0.00,0.00,0.00,0.00,0.00,0.00,1.32,5.25,6.66,7.13,7.19,7.21,7.14,7.18,6.98,6.39,5.67,6.20,4.83,0.00,0.00,0.00,0.00,0.00
5/19/2016,5,19,0.00,0.00,0.00,0.00,0.00,0.00,1.32,5.25,6.64,7.10,7.19,7.21,7.14,7.18,6.98,6.39,5.67,6.20,4.83,0.00,0.00,0.00,0.00,0.00
5/20/2016,5,20,0.00,0.00,0.00,0.00,0.00,0.00,1.32,5.25,6.64,7.10,7.19,7.21,7.14,7.18,6.98,6.39,4.79,6.20,4.83,0.00,0.00,0.00,0.00,0.00
5/21/2016,5,21,0.00,0.00,0.00,0.00,0.00,0.00,1.57,5.31,6.91,7.13,7.25,7.21,7.14,7.18,6.60,5.82,4.63,6.20,4.83,0.00,0.00,0.00,0.00,0.00
5/22/2016,5,22,0.00,0.00,0.00,0.00,0.00,0.00,1.57,5.62,6.94,7.14,7.30,7.31,7.30,7.30,6.60,5.95,5.41,6.20,4.83,0.00,0.00,0.00,0.00,0.00
5/23/2016,5,23,0.00,0.00,0.00,0.00,0.00,0.00,1.57,5.62,6.94,7.14,7.30,7.31,7.30,7.30,6.03,5.95,6.32,6.53,5.08,0.00,0.00,0.00,0.00,0.00
5/24/2016,5,24,0.00,0.00,0.00,0.00,0.00,0.00,1.63,5.62,6.94,7.14,7.30,7.31,7.30,7.30,6.58,5.95,6.32,6.53,5.08,0.00,0.00,0.00,0.00,0.00
5/25/2016,5,25,0.00,0.00,0.00,0.00,0.00,0.00,1.66,5.62,6.94,7.15,7.30,7.31,7.30,7.30,7.25,7.21,7.08,6.53,5.08,0.00,0.00,0.00,0.00,0.00
5/26/2016,5,26,0.00,0.00,0.00,0.00,0.00,0.00,1.66,5.62,6.94,7.15,7.30,7.31,7.30,7.30,7.25,7.21,7.08,6.69,5.08,0.00,0.00,0.00,0.00,0.00
5/27/2016,5,27,0.00,0.00,0.00,0.00,0.00,0.00,1.66,5.62,6.94,7.15,7.30,7.31,7.30,7.30,7.25,7.21,7.08,6.69,5.08,0.00,0.00,0.00,0.00,0.00
5/28/2016,5,28,0.00,0.00,0.00,0.00,0.00,0.00,1.77,5.62,6.94,7.15,7.30,7.31,7.30,7.30,7.25,7.21,7.08,6.69,5.08,0.00,0.00,0.00,0.00,0.00
5/29/2016,5,29,0.00,0.00,0.00,0.00,0.00,0.00,1.77,5.55,6.89,7.15,7.21,7.30,7.29,7.25,7.25,7.21,7.08,6.69,5.08,0.00,0.00,0.00,0.00,0.00
5/30/2016,5,30,0.00,0.00,0.00,0.00,0.00,0.00,1.77,5.55,6.89,7.15,7.21,7.30,7.29,7.25,7.25,7.21,7.08,6.69,4.87,0.00,0.00,0.00,0.00,0.00
5/31/2016,5,31,0.00,0.00,0.00,0.00,0.00,0.00,1.77,5.55,6.89,7.15,7.22,7.30,7.29,7.25,7.25,7.21,7.08,6.69,4.87,0.00,0.00,0.00,0.00,0.00
6/1/2016,6,1,0.00,0.00,0.00,0.00,0.00,0.00,1.77,5.39,6.71,7.13,7.12,7.10,7.13,6.94,6.96,6.94,6.89,6.69,4.87,0.00,0.00,0.00,0.00,0.00
6/2/2016,6,2,0.00,0.00,0.00,0.00,0.00,0.00,1.83,5.24,6.40,7.03,7.03,7.02,6.72,6.75,6.90,6.87,6.59,6.22,4.80,0.00,0.00,0.00,0.00,0.00
6/3/2016,6,3,0.00,0.00,0.00,0.00,0.00,0.00,1.83,5.24,6.40,6.84,6.86,6.89,6.72,6.75,6.81,6.79,6.58,6.11,4.75,0.00,0.00,0.00,0.00,0.00
6/4/2016,6,4,0.00,0.00,0.00,0.00,0.00,0.00,1.83,5.24,6.40,6.66,6.71,6.73,6.69,6.75,6.75,6.73,6.57,6.04,4.71,0.00,0.00,0.00,0.00,0.00
6/5/2016,6,5,0.00,0.00,0.00,0.00,0.00,0.00,1.83,5.24,6.40,6.66,6.91,6.77,6.91,6.75,6.75,6.73,6.57,6.04,4.71,0.00,0.00,0.00,0.00,0.00
6/6/2016,6,6,0.00,0.00,0.00,0.00,0.00,0.00,1.83,5.24,6.48,6.94,7.02,7.08,6.91,6.75,6.75,6.73,6.57,6.04,4.71,0.00,0.00,0.00,0.00,0.00
6/7/2016,6,7,0.00,0.00,0.00,0.00,0.00,0.00,1.83,5.24,6.54,6.94,7.02,7.08,7.12,6.75,6.68,6.61,6.49,6.04,4.71,0.00,0.00,0.00,0.00,0.00
6/8/2016,6,8,0.00,0.00,0.00,0.00,0.00,0.00,1.83,5.24,6.54,6.94,7.02,7.08,7.12,6.74,6.68,6.62,6.49,6.04,4.59,0.00,0.00,0.00,0.00,0.00
6/9/2016,6,9,0.00,0.00,0.00,0.00,0.00,0.00,1.83,5.00,6.54,6.94,7.02,7.08,7.12,6.74,6.47,5.53,5.40,5.72,5.07,0.00,0.00,0.00,0.00,0.00
6/10/2016,6,10,0.00,0.00,0.00,0.00,0.00,0.00,1.83,5.36,6.56,6.94,7.10,7.19,7.13,7.04,7.01,6.85,6.75,6.25,5.07,0.00,0.00,0.00,0.00,0.00
6/11/2016,6,11,0.00,0.00,0.00,0.00,0.00,0.00,1.83,5.39,6.56,6.94,7.10,7.19,7.13,7.04,7.02,6.85,6.75,6.25,5.45,0.00,0.00,0.00,0.00,0.00
6/12/2016,6,12,0.00,0.00,0.00,0.00,0.00,0.00,1.90,5.39,6.56,6.94,7.10,7.19,7.21,7.13,7.16,6.99,6.92,6.60,5.45,0.00,0.00,0.00,0.00,0.00
6/13/2016,6,13,0.00,0.00,0.00,0.00,0.00,0.00,1.90,5.39,6.56,6.94,7.10,7.19,7.21,7.13,7.16,6.99,6.92,6.60,5.45,0.00,0.00,0.00,0.00,0.00
6/14/2016,6,14,0.00,0.00,0.00,0.00,0.00,0.00,1.90,5.39,6.56,6.94,7.10,7.19,7.21,7.13,7.16,6.99,6.92,6.60,5.45,0.00,0.00,0.00,0.00,0.00
6/15/2016,6,15,0.00,0.00,0.00,0.00,0.00,0.00,1.90,5.39,6.56,6.94,7.10,7.19,7.21,7.13,7.16,6.99,6.97,6.60,5.45,0.00,0.00,0.00,0.00,0.00
6/16/2016,6,16,0.00,0.00,0.00,0.00,0.00,0.00,1.90,5.39,6.56,6.96,7.10,7.19,7.21,7.13,7.16,6.99,6.97,6.60,5.45,0.00,0.00,0.00,0.00,0.00
6/17/2016,6,17,0.00,0.00,0.00,0.00,0.00,0.00,1.90,5.39,6.49,6.96,7.06,7.15,7.21,7.13,7.16,6.99,6.97,6.60,5.45,0.00,0.00,0.00,0.00,0.00
6/18/2016,6,18,0.00,0.00,0.00,0.00,0.00,0.00,1.77,5.20,6.54,6.96,7.06,7.15,7.21,7.13,7.16,6.99,6.97,6.60,5.33,0.00,0.00,0.00,0.00,0.00
6/19/2016,6,19,0.00,0.00,0.00,0.00,0.00,0.00,1.77,5.20,6.54,6.96,7.06,7.13,7.11,7.09,7.18,5.80,6.97,5.89,5.05,0.00,0.00,0.00,0.00,0.00
6/20/2016,6,20,0.00,0.00,0.00,0.00,0.00,0.00,1.84,5.35,6.56,7.01,7.12,7.24,7.20,7.17,7.18,7.09,7.05,6.11,5.05,0.00,0.00,0.00,0.00,0.00
6/21/2016,6,21,0.00,0.00,0.00,0.00,0.00,0.00,1.84,5.68,6.81,7.04,7.13,7.24,7.20,7.19,7.20,7.16,7.05,6.11,5.05,0.00,0.00,0.00,0.00,0.00
6/22/2016,6,22,0.00,0.00,0.00,0.00,0.00,0.00,1.84,5.68,6.81,7.04,7.13,7.24,7.20,7.19,7.20,7.16,7.05,6.11,5.05,0.00,0.00,0.00,0.00,0.00
6/23/2016,6,23,0.00,0.00,0.00,0.00,0.00,0.00,1.84,5.68,6.81,7.04,7.13,7.24,7.20,7.19,7.20,7.16,7.05,6.11,5.05,0.00,0.00,0.00,0.00,0.00
6/24/2016,6,24,0.00,0.00,0.00,0.00,0.00,0.00,1.84,5.68,6.81,7.04,7.13,7.24,7.20,7.19,7.20,7.16,7.05,6.11,5.05,0.00,0.00,0.00,0.00,0.00
6/25/2016,6,25,0.00,0.00,0.00,0.00,0.00,0.00,1.84,5.68,6.81,7.04,7.13,7.24,7.20,7.19,7.20,7.16,7.05,6.11,5.05,0.00,0.00,0.00,0.00,0.00
6/26/2016,6,26,0.00,0.00,0.00,0.00,0.00,0.00,1.84,5.68,6.81,7.04,7.13,7.24,7.20,7.19,7.20,7.16,7.05,6.11,3.22,0.00,0.00,0.00,0.00,0.00
6/27/2016,6,27,0.00,0.00,0.00,0.00,0.00,0.00,1.76,5.68,6.81,7.04,7.13,7.18,7.20,7.19,7.20,7.16,6.83,5.58,3.22,0.00,0.00,0.00,0.00,0.00
6/28/2016,6,28,0.00,0.00,0.00,0.00,0.00,0.00,1.76,5.44,6.59,6.96,7.07,7.13,7.20,7.17,7.17,7.16,5.92,5.58,4.24,0.00,0.00,0.00,0.00,0.00
6/29/2016,6,29,0.00,0.00,0.00,0.00,0.00,0.00,1.61,4.83,6.41,6.91,7.04,7.11,7.20,7.17,7.17,7.16,5.92,5.58,4.24,0.00,0.00,0.00,0.00,0.00
6/30/2016,6,30,0.00,0.00,0.00,0.00,0.00,0.00,1.61,4.83,6.41,6.91,7.04,7.11,7.20,7.17,7.17,7.16,5.92,5.58,4.24,0.00,0.00,0.00,0.00,0.00
7/1/2016,7,1,0.00,0.00,0.00,0.00,0.00,0.00,1.61,4.83,6.41,6.91,7.04,6.98,7.07,6.90,7.12,7.09,5.92,5.58,4.24,0.00,0.00,0.00,0.00,0.00
7/2/2016,7,2,0.00,0.00,0.00,0.00,0.00,0.00,1.61,4.83,6.52,6.93,7.04,6.98,6.88,6.99,7.25,6.99,6.00,5.58,4.24,0.00,0.00,0.00,0.00,0.00
7/3/2016,7,3,0.00,0.00,0.00,0.00,0.00,0.00,1.62,4.89,6.52,6.98,7.08,7.14,7.14,6.99,7.25,6.99,6.00,5.58,4.24,0.00,0.00,0.00,0.00,0.00
7/4/2016,7,4,0.00,0.00,0.00,0.00,0.00,0.00,1.62,4.89,6.52,6.98,7.08,7.14,7.14,7.04,7.25,6.99,6.00,4.79,4.24,0.00,0.00,0.00,0.00,0.00
7/5/2016,7,5,0.00,0.00,0.00,0.00,0.00,0.00,1.62,4.89,6.52,6.98,7.08,7.14,7.14,7.04,7.25,6.99,6.00,4.17,3.82,0.00,0.00,0.00,0.00,0.00
7/6/2016,7,6,0.00,0.00,0.00,0.00,0.00,0.00,1.62,4.89,6.52,6.98,7.08,7.14,7.14,7.04,7.25,6.99,6.00,4.17,3.82,0.00,0.00,0.00,0.00,0.00
7/7/2016,7,7,0.00,0.00,0.00,0.00,0.00,0.00,1.62,4.89,6.52,6.98,7.08,7.14,7.14,7.04,7.25,6.99,6.00,4.17,3.82,0.00,0.00,0.00,0.00,0.00
7/8/2016,7,8,0.00,0.00,0.00,0.00,0.00,0.00,1.62,4.89,6.52,6.98,7.08,7.14,7.14,7.04,7.25,6.99,6.00,4.17,3.82,0.00,0.00,0.00,0.00,0.00
7/9/2016,7,9,0.00,0.00,0.00,0.00,0.00,0.00,1.62,4.89,6.32,6.98,7.08,7.14,7.14,7.04,6.95,6.87,6.82,6.82,6.82,0.00,0.00,0.00,0.00,0.00
7/10/2016,7,10,0.00,0.00,0.00,0.00,0.00,0.00,1.28,4.87,6.28,6.94,7.00,6.99,7.09,7.04,6.95,6.87,6.82,6.82,6.82,0.00,0.00,0.00,0.00,0.00
7/11/2016,7,11,0.00,0.00,0.00,0.00,0.00,0.00,1.28,4.60,6.11,6.73,7.00,6.99,6.89,6.85,6.95,6.87,6.82,6.82,6.82,0.00,0.00,0.00,0.00,0.00
7/12/2016,7,12,0.00,0.00,0.00,0.00,0.00,0.00,1.02,4.09,6.11,6.73,6.94,6.89,6.82,6.82,6.95,6.82,6.82,6.82,6.82,0.00,0.00,0.00,0.00,0.00
7/13/2016,7,13,0.00,0.00,0.00,0.00,0.00,0.00,1.02,4.09,6.11,6.73,6.94,6.89,6.91,7.08,6.95,6.82,6.82,6.82,6.82,0.00,0.00,0.00,0.00,0.00
7/14/2016,7,14,0.00,0.00,0.00,0.00,0.00,0.00,1.02,4.28,6.11,6.73,6.94,6.89,6.91,7.08,6.95,6.82,6.82,6.82,6.82,0.00,0.00,0.00,0.00,0.00
7/15/2016,7,15,0.00,0.00,0.00,0.00,0.00,0.00,0.78,4.28,6.11,6.73,6.94,7.00,6.91,7.08,6.82,6.82,6.82,6.82,6.82,0.00,0.00,0.00,0.00,0.00
7/16/2016,7,16,0.00,0.00,0.00,0.00,0.00,0.00,0.78,4.28,6.04,6.62,6.94,7.00,6.91,7.08,6.08,5.89,6.81,3.82,4.67,0.00,0.00,0.00,0.00,0.00
7/17/2016,7,17,0.00,0.00,0.00,0.00,0.00,0.00,0.78,4.28,6.04,6.62,6.94,7.00,6.91,7.08,6.08,5.89,6.81,5.28,4.67,0.00,0.00,0.00,0.00,0.00
7/18/2016,7,18,0.00,0.00,0.00,0.00,0.00,0.00,0.76,4.32,6.37,6.96,7.07,7.00,7.11,7.08,7.05,6.97,6.87,6.40,4.95,0.00,0.00,0.00,0.00,0.00
7/19/2016,7,19,0.00,0.00,0.00,0.00,0.00,0.00,0.76,4.32,6.37,6.96,7.07,7.00,7.11,7.08,7.05,6.97,6.87,6.40,4.95,0.00,0.00,0.00,0.00,0.00
7/20/2016,7,20,0.00,0.00,0.00,0.00,0.00,0.00,0.74,4.32,6.37,6.96,7.07,7.00,7.11,7.07,7.05,6.97,6.87,6.40,4.95,0.00,0.00,0.00,0.00,0.00
7/21/2016,7,21,0.00,0.00,0.00,0.00,0.00,0.00,0.69,4.32,6.37,6.96,7.07,7.00,7.11,7.07,7.05,6.97,6.87,6.40,4.95,0.00,0.00,0.00,0.00,0.00
7/22/2016,7,22,0.00,0.00,0.00,0.00,0.00,0.00,0.69,4.32,6.37,6.96,7.07,6.95,7.11,7.07,7.05,6.97,6.87,6.40,4.95,0.00,0.00,0.00,0.00,0.00
7/23/2016,7,23,0.00,0.00,0.00,0.00,0.00,0.00,0.69,4.32,6.37,6.96,7.07,6.95,7.11,7.07,7.05,6.97,6.87,6.40,4.95,0.00,0.00,0.00,0.00,0.00
7/24/2016,7,24,0.00,0.00,0.00,0.00,0.00,0.00,0.69,4.32,6.37,6.96,7.07,6.95,7.11,7.07,7.05,6.97,6.87,6.40,4.95,0.00,0.00,0.00,0.00,0.00
7/25/2016,7,25,0.00,0.00,0.00,0.00,0.00,0.00,0.62,4.28,6.35,6.84,6.97,6.95,6.90,6.91,6.83,6.81,6.59,4.71,2.73,0.00,0.00,0.00,0.00,0.00
7/26/2016,7,26,0.00,0.00,0.00,0.00,0.00,0.00,0.58,4.06,6.16,6.64,6.84,6.90,6.94,6.96,6.88,6.70,6.59,5.26,3.10,0.00,0.00,0.00,0.00,0.00
7/27/2016,7,27,0.00,0.00,0.00,0.00,0.00,0.00,0.58,4.06,6.16,6.64,6.84,6.90,6.94,6.96,6.88,6.70,6.59,5.56,3.47,0.00,0.00,0.00,0.00,0.00
7/28/2016,7,28,0.00,0.00,0.00,0.00,0.00,0.00,0.58,3.64,5.96,6.64,6.82,6.90,6.94,6.96,6.88,6.56,6.59,5.56,3.47,0.00,0.00,0.00,0.00,0.00
7/29/2016,7,29,0.00,0.00,0.00,0.00,0.00,0.00,0.58,3.64,5.87,6.62,6.82,6.90,6.94,6.96,6.88,6.56,6.59,5.56,3.47,0.00,0.00,0.00,0.00,0.00
7/30/2016,7,30,0.00,0.00,0.00,0.00,0.00,0.00,0.49,3.64,5.68,6.72,6.95,6.90,6.94,6.96,6.88,6.56,6.59,5.56,3.47,0.00,0.00,0.00,0.00,0.00
7/31/2016,7,31,0.00,0.00,0.00,0.00,0.00,0.00,0.49,3.61,6.34,6.84,6.95,6.90,6.94,6.96,6.96,6.99,6.76,6.14,4.29,0.00,0.00,0.00,0.00,0.00
8/1/2016,8,1,0.00,0.00,0.00,0.00,0.00,0.00,0.49,3.61,6.34,6.84,6.95,6.92,6.98,6.96,6.96,6.99,6.76,6.14,4.29,0.00,0.00,0.00,0.00,0.00
8/2/2016,8,2,0.00,0.00,0.00,0.00,0.00,0.00,0.49,3.61,6.34,6.84,6.95,6.92,6.98,6.96,6.96,6.99,6.76,6.14,4.29,0.00,0.00,0.00,0.00,0.00
8/3/2016,8,3,0.00,0.00,0.00,0.00,0.00,0.00,0.46,3.61,6.34,6.84,6.95,6.92,6.98,6.96,7.02,6.99,6.76,6.14,4.29,0.00,0.00,0.00,0.00,0.00
8/4/2016,8,4,0.00,0.00,0.00,0.00,0.00,0.00,0.40,3.61,6.34,6.84,6.95,6.92,6.98,6.96,7.02,6.99,6.76,6.14,4.29,0.00,0.00,0.00,0.00,0.00
8/5/2016,8,5,0.00,0.00,0.00,0.00,0.00,0.00,0.40,3.61,6.34,6.84,6.95,6.92,6.98,6.96,7.02,6.99,6.76,6.14,4.29,0.00,0.00,0.00,0.00,0.00
8/6/2016,8,6,0.00,0.00,0.00,0.00,0.00,0.00,0.40,3.61,6.34,6.84,6.84,6.92,6.98,6.96,7.02,6.99,6.76,6.14,4.29,0.00,0.00,0.00,0.00,0.00
8/7/2016,8,7,0.00,0.00,0.00,0.00,0.00,0.00,0.40,3.46,6.29,6.71,6.84,6.92,6.98,6.82,7.02,6.79,6.55,5.89,3.65,0.00,0.00,0.00,0.00,0.00
8/8/2016,8,8,0.00,0.00,0.00,0.00,0.00,0.00,0.40,3.25,6.09,6.71,6.84,6.88,6.83,6.82,7.02,5.05,5.09,3.91,2.90,0.00,0.00,0.00,0.00,0.00
8/9/2016,8,9,0.00,0.00,0.00,0.00,0.00,0.00,0.40,3.25,6.09,6.71,6.84,6.88,6.83,6.82,7.02,5.05,4.77,3.91,1.79,0.00,0.00,0.00,0.00,0.00
8/10/2016,8,10,0.00,0.00,0.00,0.00,0.00,0.00,0.40,2.60,6.00,6.77,7.00,6.93,6.92,6.82,6.46,5.05,4.77,6.23,4.59,0.00,0.00,0.00,0.00,0.00
8/11/2016,8,11,0.00,0.00,0.00,0.00,0.00,0.00,0.40,2.77,6.12,6.77,7.00,6.99,6.99,7.13,5.91,5.05,3.55,6.23,4.59,0.00,0.00,0.00,0.00,0.00
8/12/2016,8,12,0.00,0.00,0.00,0.00,0.00,0.00,0.40,2.77,6.12,6.80,7.03,7.02,7.00,7.13,6.97,6.92,6.84,6.36,4.59,0.00,0.00,0.00,0.00,0.00
8/13/2016,8,13,0.00,0.00,0.00,0.00,0.00,0.00,0.31,2.77,6.12,6.80,7.03,7.02,7.00,7.13,6.97,6.92,6.84,6.36,4.59,0.00,0.00,0.00,0.00,0.00
8/14/2016,8,14,0.00,0.00,0.00,0.00,0.00,0.00,0.26,2.77,6.28,6.87,7.03,7.02,7.00,7.13,6.97,6.92,6.84,6.36,4.59,0.00,0.00,0.00,0.00,0.00
8/15/2016,8,15,0.00,0.00,0.00,0.00,0.00,0.00,0.26,2.77,6.28,6.90,7.03,7.02,7.00,7.13,6.97,6.92,6.84,6.36,4.59,0.00,0.00,0.00,0.00,0.00
8/16/2016,8,16,0.00,0.00,0.00,0.00,0.00,0.00,0.26,2.77,6.28,6.90,7.03,7.02,7.00,7.13,6.97,6.92,6.84,6.36,4.59,0.00,0.00,0.00,0.00,0.00
8/17/2016,8,17,0.00,0.00,0.00,0.00,0.00,0.00,0.26,2.77,6.28,6.90,7.03,7.02,7.00,7.13,6.97,6.92,6.84,6.36,4.02,0.00,0.00,0.00,0.00,0.00
8/18/2016,8,18,0.00,0.00,0.00,0.00,0.00,0.00,0.24,2.60,6.28,6.90,7.03,7.02,7.00,7.04,6.97,6.92,6.84,6.36,4.02,0.00,0.00,0.00,0.00,0.00
8/19/2016,8,19,0.00,0.00,0.00,0.00,0.00,0.00,0.24,2.60,6.28,6.90,6.98,6.90,6.87,6.97,6.65,6.58,6.84,6.06,3.45,0.00,0.00,0.00,0.00,0.00
8/20/2016,8,20,0.00,0.00,0.00,0.00,0.00,0.00,0.24,2.60,6.28,6.90,6.98,6.90,6.87,6.97,6.65,6.58,6.84,6.06,3.45,0.00,0.00,0.00,0.00,0.00
8/21/2016,8,21,0.00,0.00,0.00,0.00,0.00,0.00,0.24,2.53,6.16,6.90,6.98,6.90,6.87,6.97,6.65,6.58,6.84,6.06,3.16,0.00,0.00,0.00,0.00,0.00
8/22/2016,8,22,0.00,0.00,0.00,0.00,0.00,0.00,0.24,2.42,6.15,6.77,6.89,6.80,6.71,6.84,6.65,6.83,6.39,5.57,3.16,0.00,0.00,0.00,0.00,0.00
8/23/2016,8,23,0.00,0.00,0.00,0.00,0.00,0.00,0.24,2.20,5.91,6.68,6.72,6.79,6.71,6.84,6.65,6.83,6.39,5.57,3.16,0.00,0.00,0.00,0.00,0.00
8/24/2016,8,24,0.00,0.00,0.00,0.00,0.00,0.00,0.24,2.10,5.91,6.68,6.71,6.79,6.71,6.84,6.61,6.83,6.70,5.93,3.15,0.00,0.00,0.00,0.00,0.00
8/25/2016,8,25,0.00,0.00,0.00,0.00,0.00,0.00,0.18,2.10,5.91,6.68,6.71,6.79,6.71,6.78,6.61,6.83,6.70,5.93,3.15,0.00,0.00,0.00,0.00,0.00
8/26/2016,8,26,0.00,0.00,0.00,0.00,0.00,0.00,0.18,2.03,5.91,6.68,6.71,6.79,6.71,6.78,6.61,6.83,6.70,5.93,3.15,0.00,0.00,0.00,0.00,0.00
8/27/2016,8,27,0.00,0.00,0.00,0.00,0.00,0.00,0.18,2.03,5.91,6.68,6.84,6.74,6.68,6.78,6.61,6.83,6.70,5.93,3.15,0.00,0.00,0.00,0.00,0.00
8/28/2016,8,28,0.00,0.00,0.00,0.00,0.00,0.00,0.18,1.94,5.88,6.64,6.84,6.74,6.68,6.78,6.61,6.83,6.70,5.93,3.15,0.00,0.00,0.00,0.00,0.00
8/29/2016,8,29,0.00,0.00,0.00,0.00,0.00,0.00,0.18,1.78,5.88,6.64,6.84,6.74,6.68,6.78,6.61,6.32,6.70,5.93,3.15,0.00,0.00,0.00,0.00,0.00
8/30/2016,8,30,0.00,0.00,0.00,0.00,0.00,0.00,0.18,1.78,5.88,6.64,6.84,6.74,6.55,6.42,6.41,6.32,6.70,5.93,3.15,0.00,0.00,0.00,0.00,0.00
8/31/2016,8,31,0.00,0.00,0.00,0.00,0.00,0.00,0.18,1.78,5.88,6.64,6.84,6.74,6.56,6.26,6.66,6.19,6.30,5.83,2.83,0.00,0.00,0.00,0.00,0.00
9/1/2016,9,1,0.00,0.00,0.00,0.00,0.00,0.00,0.13,1.78,5.88,6.64,6.84,6.74,6.56,6.51,6.66,6.19,6.30,5.83,2.83,0.00,0.00,0.00,0.00,0.00
9/2/2016,9,2,0.00,0.00,0.00,0.00,0.00,0.00,0.13,1.78,5.88,6.64,6.84,6.74,6.56,6.51,6.66,6.19,6.30,5.83,2.83,0.00,0.00,0.00,0.00,0.00
9/3/2016,9,3,0.00,0.00,0.00,0.00,0.00,0.00,0.13,1.51,5.25,6.39,6.62,6.56,6.56,6.54,6.66,6.64,4.55,5.83,2.57,0.00,0.00,0.00,0.00,0.00
9/4/2016,9,4,0.00,0.00,0.00,0.00,0.00,0.00,0.10,1.51,5.68,6.47,6.62,6.56,6.56,6.54,6.66,6.64,4.55,5.83,2.57,0.00,0.00,0.00,0.00,0.00
9/5/2016,9,5,0.00,0.00,0.00,0.00,0.00,0.00,0.10,1.51,5.70,6.47,6.62,6.56,6.56,6.54,6.66,6.74,6.38,5.83,2.57,0.00,0.00,0.00,0.00,0.00
9/6/2016,9,6,0.00,0.00,0.00,0.00,0.00,0.00,0.10,1.51,5.70,6.47,6.62,6.56,6.56,6.54,6.64,6.74,6.38,5.49,2.48,0.00,0.00,0.00,0.00,0.00
9/7/2016,9,7,0.00,0.00,0.00,0.00,0.00,0.00,0.10,1.33,5.70,6.47,6.62,6.50,6.50,6.54,6.54,6.74,6.38,5.15,2.43,0.00,0.00,0.00,0.00,0.00
9/8/2016,9,8,0.00,0.00,0.00,0.00,0.00,0.00,0.10,1.33,5.70,6.50,6.67,6.57,6.50,6.54,6.54,6.74,6.38,5.23,2.43,0.00,0.00,0.00,0.00,0.00
9/9/2016,9,9,0.00,0.00,0.00,0.00,0.00,0.00,0.10,1.33,5.70,6.50,6.67,6.57,6.50,6.54,6.54,6.74,6.38,5.23,2.43,0.00,0.00,0.00,0.00,0.00
9/10/2016,9,10,0.00,0.00,0.00,0.00,0.00,0.00,0.10,1.65,5.70,6.51,6.67,6.57,6.47,6.48,6.46,6.74,6.38,5.23,2.43,0.00,0.00,0.00,0.00,0.00
9/11/2016,9,11,0.00,0.00,0.00,0.00,0.00,0.00,0.10,1.65,5.70,6.51,6.67,6.57,6.47,6.48,6.46,6.74,6.38,5.23,2.43,0.00,0.00,0.00,0.00,0.00
9/12/2016,9,12,0.00,0.00,0.00,0.00,0.00,0.00,0.10,1.65,5.61,6.51,6.54,6.57,6.47,6.44,6.46,6.47,6.30,5.23,2.43,0.00,0.00,0.00,0.00,0.00
9/13/2016,9,13,0.00,0.00,0.00,0.00,0.00,0.00,0.09,1.65,5.61,6.51,6.67,6.57,6.47,6.44,6.46,6.47,6.30,5.23,2.43,0.00,0.00,0.00,0.00,0.00
9/14/2016,9,14,0.00,0.00,0.00,0.00,0.00,0.00,0.09,1.65,5.61,6.51,6.67,6.57,6.47,6.44,6.46,6.47,6.30,5.23,2.05,0.00,0.00,0.00,0.00,0.00
9/15/2016,9,15,0.00,0.00,0.00,0.00,0.00,0.00,0.09,1.65,5.39,6.51,6.44,6.46,6.39,6.44,6.46,6.30,6.20,5.04,1.95,0.00,0.00,0.00,0.00,0.00
9/16/2016,9,16,0.00,0.00,0.00,0.00,0.00,0.00,0.09,1.65,5.32,6.51,6.44,6.48,6.37,6.44,6.31,6.30,6.12,4.62,1.95,0.00,0.00,0.00,0.00,0.00
9/17/2016,9,17,0.00,0.00,0.00,0.00,0.00,0.00,0.07,0.77,4.94,5.89,5.59,6.48,5.95,6.41,6.32,6.12,6.12,4.62,1.95,0.00,0.00,0.00,0.00,0.00
9/18/2016,9,18,0.00,0.00,0.00,0.00,0.00,0.00,0.07,0.89,4.94,6.04,6.18,6.48,5.98,6.41,6.32,6.12,6.12,4.62,1.95,0.00,0.00,0.00,0.00,0.00
9/19/2016,9,19,0.00,0.00,0.00,0.00,0.00,0.00,0.07,0.89,4.94,6.04,6.18,6.48,5.98,6.41,6.32,6.12,6.12,4.62,1.95,0.00,0.00,0.00,0.00,0.00
9/20/2016,9,20,0.00,0.00,0.00,0.00,0.00,0.00,0.07,0.89,4.94,6.07,6.18,6.48,5.98,6.41,6.32,6.16,6.12,4.62,1.95,0.00,0.00,0.00,0.00,0.00
9/21/2016,9,21,0.00,0.00,0.00,0.00,0.00,0.00,0.07,1.00,5.01,6.15,6.23,6.48,6.06,6.41,6.32,6.16,6.12,4.62,1.25,0.00,0.00,0.00,0.00,0.00
9/22/2016,9,22,0.00,0.00,0.00,0.00,0.00,0.00,0.07,1.00,5.01,6.15,6.23,6.48,6.06,6.41,6.32,6.16,6.12,4.62,1.25,0.00,0.00,0.00,0.00,0.00
9/23/2016,9,23,0.00,0.00,0.00,0.00,0.00,0.00,0.06,1.00,5.01,6.15,6.23,6.12,6.06,6.41,6.32,6.16,5.77,4.33,1.05,0.00,0.00,0.00,0.00,0.00
9/24/2016,9,24,0.00,0.00,0.00,0.00,0.00,0.00,0.06,1.00,5.01,6.15,6.56,6.12,6.06,6.50,6.60,6.16,5.77,4.45,1.05,0.00,0.00,0.00,0.00,0.00
9/25/2016,9,25,0.00,0.00,0.00,0.00,0.00,0.00,0.06,1.02,5.08,6.21,6.62,6.68,6.56,6.64,6.64,6.65,6.35,4.53,1.05,0.00,0.00,0.00,0.00,0.00
9/26/2016,9,26,0.00,0.00,0.00,0.00,0.00,0.00,0.06,1.07,5.43,6.65,6.77,6.69,6.63,6.64,6.77,6.81,6.49,4.53,1.05,0.00,0.00,0.00,0.00,0.00
9/27/2016,9,27,0.00,0.00,0.00,0.00,0.00,0.00,0.06,1.07,5.43,6.86,6.96,6.78,6.63,6.69,6.86,6.92,6.61,4.53,1.05,0.00,0.00,0.00,0.00,0.00
9/28/2016,9,28,0.00,0.00,0.00,0.00,0.00,0.00,0.06,1.07,5.43,6.86,6.96,6.78,6.63,6.69,6.86,6.92,6.61,4.53,1.02,0.00,0.00,0.00,0.00,0.00
9/29/2016,9,29,0.00,0.00,0.00,0.00,0.00,0.00,0.06,1.10,5.48,6.86,6.96,6.78,6.63,6.69,6.86,6.92,6.61,4.53,0.94,0.00,0.00,0.00,0.00,0.00
9/30/2016,9,30,0.00,0.00,0.00,0.00,0.00,0.00,0.06,1.10,5.48,6.86,6.96,6.78,6.63,6.69,6.86,6.92,6.61,4.53,0.94,0.00,0.00,0.00,0.00,0.00
10/1/2016,10,1,0.00,0.00,0.00,0.00,0.00,0.00,0.06,1.10,5.48,6.86,6.96,6.78,6.63,6.69,6.86,6.92,6.61,4.53,0.92,0.00,0.00,0.00,0.00,0.00
10/2/2016,10,2,0.00,0.00,0.00,0.00,0.00,0.00,0.06,1.10,5.48,6.86,6.96,6.78,6.63,6.69,6.86,6.92,6.61,4.50,0.92,0.00,0.00,0.00,0.00,0.00
10/3/2016,10,3,0.00,0.00,0.00,0.00,0.00,0.00,0.06,1.10,5.48,6.86,6.96,6.78,6.60,6.69,6.86,6.92,6.61,4.50,0.92,0.00,0.00,0.00,0.00,0.00
10/4/2016,10,4,0.00,0.00,0.00,0.00,0.00,0.00,0.06,1.10,5.48,6.75,6.86,6.73,6.57,6.55,6.63,6.73,6.30,4.21,0.92,0.00,0.00,0.00,0.00,0.00
10/5/2016,10,5,0.00,0.00,0.00,0.00,0.00,0.00,0.06,1.10,5.48,6.96,7.18,6.73,6.57,6.55,6.63,6.73,6.30,4.21,0.70,0.00,0.00,0.00,0.00,0.00
10/6/2016,10,6,0.00,0.00,0.00,0.00,0.00,0.00,0.06,1.02,5.28,6.96,7.18,6.78,6.50,6.45,6.60,6.71,6.24,3.71,0.57,0.00,0.00,0.00,0.00,0.00
10/7/2016,10,7,0.00,0.00,0.00,0.00,0.00,0.00,0.06,0.91,5.28,6.96,7.18,6.78,6.50,6.45,6.60,6.71,6.24,3.71,0.57,0.00,0.00,0.00,0.00,0.00
10/8/2016,10,8,0.00,0.00,0.00,0.00,0.00,0.00,0.06,0.91,5.28,6.96,7.18,6.78,6.50,6.45,6.60,6.71,6.24,3.71,0.48,0.00,0.00,0.00,0.00,0.00
10/9/2016,10,9,0.00,0.00,0.00,0.00,0.00,0.00,0.06,0.91,5.28,6.96,7.18,6.78,6.50,6.45,6.60,6.71,6.24,3.71,0.48,0.00,0.00,0.00,0.00,0.00
10/10/2016,10,10,0.00,0.00,0.00,0.00,0.00,0.00,0.06,0.91,5.28,6.96,7.18,6.78,6.50,6.55,6.60,6.71,6.24,3.71,0.45,0.00,0.00,0.00,0.00,0.00
10/11/2016,10,11,0.00,0.00,0.00,0.00,0.00,0.00,0.06,0.87,5.28,6.96,7.18,6.78,6.50,6.45,6.60,6.71,6.19,3.71,0.41,0.00,0.00,0.00,0.00,0.00
10/12/2016,10,12,0.00,0.00,0.00,0.00,0.00,0.00,0.06,0.87,5.28,6.92,6.56,6.78,6.50,6.45,6.60,6.62,6.19,3.71,0.41,0.00,0.00,0.00,0.00,0.00
10/13/2016,10,13,0.00,0.00,0.00,0.00,0.00,0.00,0.06,0.87,5.14,6.48,6.52,6.30,6.23,6.25,6.46,6.31,5.92,3.47,0.36,0.00,0.00,0.00,0.00,0.00
10/14/2016,10,14,0.00,0.00,0.00,0.00,0.00,0.00,0.07,0.86,4.96,6.48,6.52,6.30,6.23,6.25,6.46,6.31,5.84,3.17,0.29,0.00,0.00,0.00,0.00,0.00
10/15/2016,10,15,0.00,0.00,0.00,0.00,0.00,0.00,0.07,0.86,4.68,6.48,6.52,6.55,6.45,6.25,6.46,6.29,5.77,3.17,0.29,0.00,0.00,0.00,0.00,0.00
10/16/2016,10,16,0.00,0.00,0.00,0.00,0.00,0.00,0.07,0.86,4.68,6.48,6.52,6.55,6.45,6.25,6.46,6.11,5.77,2.93,0.29,0.00,0.00,0.00,0.00,0.00
10/17/2016,10,17,0.00,0.00,0.00,0.00,0.00,0.00,0.07,0.86,4.68,6.48,6.52,6.55,6.45,6.25,6.46,6.33,5.77,2.93,0.20,0.00,0.00,0.00,0.00,0.00
10/18/2016,10,18,0.00,0.00,0.00,0.00,0.00,0.00,0.07,0.70,4.68,6.48,6.52,6.55,6.45,6.25,6.46,6.41,5.77,2.93,0.20,0.00,0.00,0.00,0.00,0.00
10/19/2016,10,19,0.00,0.00,0.00,0.00,0.00,0.00,0.07,0.70,4.68,6.79,6.52,6.55,6.47,6.40,6.56,6.67,5.95,2.93,0.20,0.00,0.00,0.00,0.00,0.00
10/20/2016,10,20,0.00,0.00,0.00,0.00,0.00,0.00,0.07,0.63,4.53,6.79,6.52,6.55,6.47,6.40,6.56,6.67,5.95,2.57,0.16,0.00,0.00,0.00,0.00,0.00
10/21/2016,10,21,0.00,0.00,0.00,0.00,0.00,0.00,0.06,0.55,4.53,6.79,6.51,6.55,6.47,6.40,6.56,6.67,5.95,2.57,0.16,0.00,0.00,0.00,0.00,0.00
10/22/2016,10,22,0.00,0.00,0.00,0.00,0.00,0.00,0.06,0.55,4.46,6.79,6.51,6.32,6.47,6.40,6.56,6.67,5.95,2.57,0.16,0.00,0.00,0.00,0.00,0.00
10/23/2016,10,23,0.00,0.00,0.00,0.00,0.00,0.00,0.06,0.55,4.46,6.79,6.51,6.32,6.47,6.40,6.56,6.67,5.95,2.57,0.16,0.00,0.00,0.00,0.00,0.00
10/24/2016,10,24,0.00,0.00,0.00,0.00,0.00,0.00,0.06,0.55,4.46,6.79,6.51,6.49,6.47,6.40,6.56,6.67,5.95,2.57,0.16,0.00,0.00,0.00,0.00,0.00
10/25/2016,10,25,0.00,0.00,0.00,0.00,0.00,0.00,0.06,0.55,4.46,6.79,6.33,6.18,6.47,6.40,6.56,6.67,5.95,2.57,0.14,0.00,0.00,0.00,0.00,0.00
10/26/2016,10,26,0.00,0.00,0.00,0.00,0.00,0.00,0.06,0.55,4.46,6.20,6.33,6.18,6.05,6.04,6.22,6.26,5.60,2.39,0.14,0.00,0.00,0.00,0.00,0.00
10/27/2016,10,27,0.00,0.00,0.00,0.00,0.00,0.00,0.06,0.44,3.97,6.20,6.33,6.18,6.00,6.04,6.19,6.17,5.42,2.16,0.13,0.00,0.00,0.00,0.00,0.00
10/28/2016,10,28,0.00,0.00,0.00,0.00,0.00,0.00,0.06,0.44,3.97,6.20,6.33,6.18,6.00,6.04,6.19,6.17,5.42,2.16,0.13,0.00,0.00,0.00,0.00,0.00
10/29/2016,10,29,0.00,0.00,0.00,0.00,0.00,0.00,0.06,0.44,3.97,6.12,6.32,6.03,5.76,5.80,5.86,5.99,5.07,1.85,0.11,0.00,0.00,0.00,0.00,0.00
10/30/2016,10,30,0.00,0.00,0.00,0.00,0.00,0.00,0.06,0.41,3.96,6.08,6.29,6.07,6.03,5.80,5.86,5.99,5.07,1.69,0.11,0.00,0.00,0.00,0.00,0.00
10/31/2016,10,31,0.00,0.00,0.00,0.00,0.00,0.00,0.06,0.29,3.59,5.98,6.25,6.07,6.03,5.80,5.86,5.99,5.07,1.55,0.10,0.00,0.00,0.00,0.00,0.00
11/1/2016,11,1,0.00,0.00,0.00,0.00,0.00,0.00,0.06,0.27,3.59,5.98,6.25,6.07,6.03,5.79,5.86,6.17,5.07,1.55,0.10,0.00,0.00,0.00,0.00,0.00
11/2/2016,11,2,0.00,0.00,0.00,0.00,0.00,0.00,0.06,0.27,3.59,5.98,6.25,6.07,6.03,5.79,6.09,6.17,5.07,1.55,0.10,0.00,0.00,0.00,0.00,0.00
11/3/2016,11,3,0.00,0.00,0.00,0.00,0.00,0.00,0.06,0.27,3.59,5.98,6.25,6.07,6.03,5.79,6.09,6.17,5.07,1.46,0.10,0.00,0.00,0.00,0.00,0.00
11/4/2016,11,4,0.00,0.00,0.00,0.00,0.00,0.00,0.07,0.22,3.52,5.98,6.25,6.07,6.03,5.79,6.09,6.17,5.07,1.32,0.09,0.00,0.00,0.00,0.00,0.00
11/5/2016,11,5,0.00,0.00,0.00,0.00,0.00,0.00,0.07,0.22,3.49,5.98,6.25,6.07,6.03,5.79,6.09,6.17,5.07,1.32,0.09,0.00,0.00,0.00,0.00,0.00
11/6/2016,11,6,0.00,0.00,0.00,0.00,0.00,0.00,0.07,0.22,3.43,5.91,6.05,6.38,5.62,5.69,6.09,6.17,5.07,1.32,0.09,0.00,0.00,0.00,0.00,0.00
11/7/2016,11,7,0.00,0.00,0.00,0.00,0.00,0.00,0.07,0.21,3.39,5.91,6.10,6.38,5.62,5.69,6.09,6.17,5.07,1.32,0.09,0.00,0.00,0.00,0.00,0.00
11/8/2016,11,8,0.00,0.00,0.00,0.00,0.00,0.00,0.07,0.21,3.39,5.87,6.10,6.38,5.62,5.69,6.09,6.15,5.03,1.32,0.09,0.00,0.00,0.00,0.00,0.00
11/9/2016,11,9,0.00,0.00,0.00,0.00,0.00,0.00,0.07,0.21,3.39,5.87,6.10,6.38,5.62,5.69,6.01,6.13,4.82,1.23,0.09,0.00,0.00,0.00,0.00,0.00
11/10/2016,11,10,0.00,0.00,0.00,0.00,0.00,0.00,0.08,0.17,3.17,5.87,6.10,6.38,5.62,5.69,6.01,6.13,4.63,1.20,0.09,0.00,0.00,0.00,0.00,0.00
11/11/2016,11,11,0.00,0.00,0.00,0.00,0.00,0.00,0.08,0.17,3.17,5.87,6.10,6.38,5.62,5.69,6.01,6.13,4.63,1.03,0.08,0.00,0.00,0.00,0.00,0.00
11/12/2016,11,12,0.00,0.00,0.00,0.00,0.00,0.00,0.08,0.16,2.90,5.87,6.10,6.38,5.56,5.64,5.93,5.95,4.63,1.03,0.08,0.00,0.00,0.00,0.00,0.00
11/13/2016,11,13,0.00,0.00,0.00,0.00,0.00,0.00,0.08,0.16,2.90,5.87,6.10,5.81,5.56,5.64,5.93,5.95,4.63,1.03,0.08,0.00,0.00,0.00,0.00,0.00
11/14/2016,11,14,0.00,0.00,0.00,0.00,0.00,0.00,0.10,0.13,2.86,5.75,6.02,5.73,5.42,5.45,5.73,5.79,4.49,0.96,0.08,0.00,0.00,0.00,0.00,0.00
11/15/2016,11,15,0.00,0.00,0.00,0.00,0.00,0.00,0.10,0.12,2.69,5.72,6.02,5.73,5.42,5.45,5.73,5.74,4.49,0.96,0.08,0.00,0.00,0.00,0.00,0.00
11/16/2016,11,16,0.00,0.00,0.00,0.00,0.00,0.00,0.10,0.12,2.65,5.66,5.93,5.61,5.34,5.36,5.65,5.68,4.34,0.89,0.06,0.00,0.00,0.00,0.00,0.00
11/17/2016,11,17,0.00,0.00,0.00,0.00,0.00,0.00,0.10,0.11,2.53,5.66,5.93,5.61,5.33,5.36,5.65,5.68,4.31,0.84,0.06,0.00,0.00,0.00,0.00,0.00
11/18/2016,11,18,0.00,0.00,0.00,0.00,0.00,0.00,0.10,0.11,2.51,5.66,5.90,5.54,5.28,5.35,5.61,5.67,4.28,0.82,0.06,0.00,0.00,0.00,0.00,0.00
11/19/2016,11,19,0.00,0.00,0.00,0.00,0.00,0.00,0.10,0.10,2.35,5.48,5.86,5.54,5.26,5.30,5.59,5.64,4.23,0.80,0.06,0.00,0.00,0.00,0.00,0.00
11/20/2016,11,20,0.00,0.00,0.00,0.00,0.00,0.00,0.10,0.10,2.35,5.47,5.86,5.54,5.26,5.29,5.59,5.63,4.07,0.71,0.06,0.00,0.00,0.00,0.00,0.00
11/21/2016,11,21,0.00,0.00,0.00,0.00,0.00,0.00,0.08,0.08,2.04,5.39,5.86,5.54,5.26,5.29,5.59,5.63,4.07,0.71,0.06,0.00,0.00,0.00,0.00,0.00
11/22/2016,11,22,0.00,0.00,0.00,0.00,0.00,0.00,0.08,0.08,2.04,5.39,5.86,5.54,5.26,5.29,5.55,5.54,4.06,0.71,0.06,0.00,0.00,0.00,0.00,0.00
11/23/2016,11,23,0.00,0.00,0.00,0.00,0.00,0.00,0.08,0.07,2.04,5.39,5.86,5.54,5.26,5.29,5.55,5.54,3.94,0.71,0.06,0.00,0.00,0.00,0.00,0.00
11/24/2016,11,24,0.00,0.00,0.00,0.00,0.00,0.00,0.09,0.07,1.93,5.39,5.86,5.54,5.26,5.29,5.55,5.54,3.94,0.64,0.06,0.00,0.00,0.00,0.00,0.00
11/25/2016,11,25,0.00,0.00,0.00,0.00,0.00,0.00,0.09,0.07,1.82,5.39,5.80,5.51,5.21,4.94,5.17,5.17,3.66,0.57,0.06,0.00,0.00,0.00,0.00,0.00
11/26/2016,11,26,0.00,0.00,0.00,0.00,0.00,0.00,0.09,0.07,1.41,5.00,5.16,4.73,4.94,4.85,4.70,4.79,3.11,0.46,0.07,0.00,0.00,0.00,0.00,0.00
11/27/2016,11,27,0.00,0.00,0.00,0.00,0.00,0.00,0.09,0.07,1.02,3.66,4.36,5.69,5.33,5.46,5.88,5.85,4.01,0.54,0.07,0.00,0.00,0.00,0.00,0.00
11/28/2016,11,28,0.00,0.00,0.00,0.00,0.00,0.00,0.09,0.07,0.50,2.39,4.36,5.69,5.33,5.46,5.88,5.85,4.01,0.54,0.07,0.00,0.00,0.00,0.00,0.00
11/29/2016,11,29,0.00,0.00,0.00,0.00,0.00,0.00,0.11,0.07,0.39,2.30,4.33,5.69,5.33,5.46,5.88,5.85,4.01,0.54,0.07,0.00,0.00,0.00,0.00,0.00
11/30/2016,11,30,0.00,0.00,0.00,0.00,0.00,0.00,0.11,0.07,0.39,2.30,4.33,5.69,5.33,5.46,5.88,5.85,4.01,0.54,0.07,0.00,0.00,0.00,0.00,0.00
12/1/2016,12,1,0.00,0.00,0.00,0.00,0.00,0.00,0.11,0.07,0.39,2.30,4.33,5.69,5.33,5.46,5.88,5.85,4.01,0.54,0.07,0.00,0.00,0.00,0.00,0.00
12/2/2016,12,2,0.00,0.00,0.00,0.00,0.00,0.00,0.11,0.07,0.39,2.30,4.33,5.69,5.33,5.46,5.88,5.85,4.01,0.54,0.07,0.00,0.00,0.00,0.00,0.00
12/3/2016,12,3,0.00,0.00,0.00,0.00,0.00,0.00,0.11,0.07,0.39,2.30,4.33,5.69,5.33,5.46,5.88,5.85,4.01,0.54,0.07,0.00,0.00,0.00,0.00,0.00
12/4/2016,12,4,0.00,0.00,0.00,0.00,0.00,0.00,0.11,0.07,0.37,4.15,6.70,5.79,5.33,5.41,5.60,5.49,3.79,0.49,0.07,0.00,0.00,0.00,0.00,0.00
12/5/2016,12,5,0.00,0.00,0.00,0.00,0.00,0.00,0.11,0.07,0.67,4.15,6.70,5.79,5.40,5.41,5.60,5.66,3.61,0.49,0.07,0.00,0.00,0.00,0.00,0.00
12/6/2016,12,6,0.00,0.00,0.00,0.00,0.00,0.00,0.07,0.07,0.67,4.15,6.70,5.79,5.40,5.41,5.60,5.66,3.73,0.49,0.07,0.00,0.00,0.00,0.00,0.00
12/7/2016,12,7,0.00,0.00,0.00,0.00,0.00,0.00,0.07,0.06,0.86,4.48,6.70,5.79,5.40,5.41,5.79,5.85,3.94,0.51,0.08,0.00,0.00,0.00,0.00,0.00
12/8/2016,12,8,0.00,0.00,0.00,0.00,0.00,0.00,0.05,0.07,0.86,4.48,6.70,5.79,5.40,5.41,5.79,5.85,3.94,0.51,0.08,0.00,0.00,0.00,0.00,0.00
12/9/2016,12,9,0.00,0.00,0.00,0.00,0.00,0.00,0.08,0.07,0.86,4.48,6.70,5.79,5.40,5.41,5.79,5.85,3.94,0.51,0.08,0.00,0.00,0.00,0.00,0.00
12/10/2016,12,10,0.00,0.00,0.00,0.00,0.00,0.00,0.08,0.07,0.86,4.48,6.70,5.79,5.40,5.41,5.79,5.85,3.94,0.51,0.08,0.00,0.00,0.00,0.00,0.00
12/11/2016,12,11,0.00,0.00,0.00,0.00,0.00,0.00,0.08,0.07,0.86,4.48,5.71,5.52,5.40,5.32,5.79,5.85,4.01,0.52,0.08,0.00,0.00,0.00,0.00,0.00
12/12/2016,12,12,0.00,0.00,0.00,0.00,0.00,0.00,0.08,0.07,0.86,4.48,5.71,5.52,5.25,5.32,5.79,5.85,4.01,0.53,0.08,0.00,0.00,0.00,0.00,0.00
12/13/2016,12,13,0.00,0.00,0.00,0.00,0.00,0.00,0.08,0.07,0.86,4.57,5.91,5.80,5.29,5.32,5.79,5.85,4.01,0.55,0.08,0.00,0.00,0.00,0.00,0.00
12/14/2016,12,14,0.00,0.00,0.00,0.00,0.00,0.00,0.08,0.07,0.80,4.57,5.91,5.86,5.37,5.30,5.72,5.78,4.01,0.55,0.07,0.00,0.00,0.00,0.00,0.00
12/15/2016,12,15,0.00,0.00,0.00,0.00,0.00,0.00,0.08,0.07,0.80,4.57,5.91,5.86,5.37,5.30,5.72,5.78,4.01,0.55,0.07,0.00,0.00,0.00,0.00,0.00
12/16/2016,12,16,0.00,0.00,0.00,0.00,0.00,0.00,0.06,0.07,0.80,4.57,5.91,5.86,5.37,5.30,5.72,5.78,4.01,0.55,0.07,0.00,0.00,0.00,0.00,0.00
12/17/2016,12,17,0.00,0.00,0.00,0.00,0.00,0.00,0.06,0.06,0.76,4.57,5.91,5.86,5.37,5.30,5.72,5.78,4.01,0.55,0.07,0.00,0.00,0.00,0.00,0.00
12/18/2016,12,18,0.00,0.00,0.00,0.00,0.00,0.00,0.06,0.06,0.76,4.57,5.91,5.86,5.37,5.30,5.72,5.78,3.99,0.55,0.07,0.00,0.00,0.00,0.00,0.00
12/19/2016,12,19,0.00,0.00,0.00,0.00,0.00,0.00,0.06,0.05,0.76,4.57,5.91,5.86,5.37,5.30,5.65,5.70,3.92,0.55,0.07,0.00,0.00,0.00,0.00,0.00
12/20/2016,12,20,0.00,0.00,0.00,0.00,0.00,0.00,0.06,0.06,0.68,4.41,5.88,5.86,5.37,5.24,5.65,5.70,3.92,0.54,0.07,0.00,0.00,0.00,0.00,0.00
12/21/2016,12,21,0.00,0.00,0.00,0.00,0.00,0.00,0.06,0.07,0.68,4.41,5.88,5.72,5.23,5.24,5.60,5.65,3.84,0.54,0.07,0.00,0.00,0.00,0.00,0.00
12/22/2016,12,22,0.00,0.00,0.00,0.00,0.00,0.00,0.06,0.07,0.63,4.28,5.77,5.65,5.23,5.19,5.52,5.54,3.84,0.54,0.07,0.00,0.00,0.00,0.00,0.00
12/23/2016,12,23,0.00,0.00,0.00,0.00,0.00,0.00,0.06,0.07,0.50,4.18,5.71,5.63,5.22,5.17,5.51,5.50,3.77,0.54,0.07,0.00,0.00,0.00,0.00,0.00
12/24/2016,12,24,0.00,0.00,0.00,0.00,0.00,0.00,0.06,0.07,0.45,3.87,5.66,5.69,5.21,5.17,5.51,5.50,3.95,0.62,0.07,0.00,0.00,0.00,0.00,0.00
12/25/2016,12,25,0.00,0.00,0.00,0.00,0.00,0.00,0.06,0.07,0.45,3.89,5.66,5.69,5.20,5.12,5.51,5.50,3.95,0.62,0.07,0.00,0.00,0.00,0.00,0.00
12/26/2016,12,26,0.00,0.00,0.00,0.00,0.00,0.00,0.06,0.07,0.45,3.89,5.66,5.69,5.20,5.12,5.51,5.50,3.95,0.63,0.06,0.00,0.00,0.00,0.00,0.00
12/27/2016,12,27,0.00,0.00,0.00,0.00,0.00,0.00,0.06,0.07,0.45,3.89,5.66,5.69,5.20,5.12,5.51,5.50,3.95,0.64,0.06,0.00,0.00,0.00,0.00,0.00
12/28/2016,12,28,0.00,0.00,0.00,0.00,0.00,0.00,0.08,0.06,0.45,3.89,5.66,5.69,5.20,5.12,5.51,5.50,3.95,0.66,0.06,0.00,0.00,0.00,0.00,0.00
12/29/2016,12,29,0.00,0.00,0.00,0.00,0.00,0.00,0.08,0.06,0.45,3.89,5.66,5.69,5.20,5.12,5.51,5.50,3.95,0.66,0.06,0.00,0.00,0.00,0.00,0.00
12/30/2016,12,30,0.00,0.00,0.00,0.00,0.00,0.00,0.08,0.07,0.45,3.89,5.66,5.69,5.20,5.12,5.46,5.47,3.95,0.67,0.06,0.00,0.00,0.00,0.00,0.00
12/31/2016,12,31,0.00,0.00,0.00,0.00,0.00,0.00,0.08,0.07,0.41,3.89,5.66,5.64,5.10,4.85,5.40,5.59,4.24,0.78,0.06,0.00,0.00,0.00,0.00,0.00
1/1/2016,1,1,0.00,0.00,0.00,0.00,0.00,0.00,0.08,0.07,0.41,3.89,5.66,5.64,5.10,4.85,5.40,5.59,4.24,0.78,0.06,0.00,0.00,0.00,0.00,0.00
1/2/2016,1,2,0.00,0.00,0.00,0.00,0.00,0.00,0.08,0.07,0.41,3.89,5.66,5.64,5.10,4.85,4,1,4.24,0.78,0.06,0.00,0.00,0.00,0.00,0.00
1/3/2016,1,3,0.00,0.00,0.00,0.00,0.00,0.00,0.08,0.07,0.41,3.89,5.66,5.64,5.10,4.85,4,1,4.24,0.78,0.06,0.00,0.00,0.00,0.00,0.00
1/4/2016,1,4,0.00,0.00,0.00,0.00,0.00,0.00,0.08,0.07,0.41,3.89,5.66,5.64,5.10,4.85,4,1,4.24,0.78,0.06,0.00,0.00,0.00,0.00,0.00
1/5/2016,1,5,0.00,0.00,0.00,0.00,0.00,0.00,0.08,0.07,0.41,3.89,5.66,5.64,5.10,4.85,4,1,4.24,0.78,0.06,0.00,0.00,0.00,0.00,0.00
1/6/2016,1,6,0.00,0.00,0.00,0.00,0.00,0.00,0.08,0.07,0.41,3.89,5.66,5.64,5.10,4.85,4,1,4.24,0.78,0.06,0.00,0.00,0.00,0.00,0.00
1/7/2016,1,7,0.00,0.00,0.00,0.00,0.00,0.00,0.08,0.07,0.41,3.89,5.66,5.64,5.10,4.85,4,1,4.24,0.78,0.06,0.00,0.00,0.00,0.00,0.00
1/8/2016,1,8,0.00,0.00,0.00,0.00,0.00,0.00,0.08,0.07,0.41,3.89,5.66,5.64,5.10,4.85,4,1,4.24,0.78,0.06,0.00,0.00,0.00,0.00,0.00
1/9/2016,1,9,0.00,0.00,0.00,0.00,0.00,0.00,0.08,0.07,0.41,3.89,5.66,5.64,5.10,4.85,4,1,4.24,0.78,0.06,0.00,0.00,0.00,0.00,0.00
1/10/2016,1,10,0.00,0.00,0.00,0.00,0.00,0.00,0.08,0.07,0.41,3.89,5.66,5.64,5.10,4.85,4,1,4.24,0.78,0.06,0.00,0.00,0.00,0.00,0.00
1/11/2016,1,11,0.00,0.00,0.00,0.00,0.00,0.00,0.08,0.07,0.41,3.89,5.66,5.64,5.10,4.85,4,1,4.24,0.78,0.06,0.00,0.00,0.00,0.00,0.00
1/12/2016,1,12,0.00,0.00,0.00,0.00,0.00,0.00,0.08,0.07,0.41,3.89,5.66,5.64,5.10,4.85,4,1,4.24,0.78,0.06,0.00,0.00,0.00,0.00,0.00
1/13/2016,1,13,0.00,0.00,0.00,0.00,0.00,0.00,0.08,0.07,0.41,3.89,5.66,5.64,5.10,4.85,4,1,4.24,0.78,0.06,0.00,0.00,0.00,0.00,0.00
1/14/2016,1,14,0.00,0.00,0.00,0.00,0.00,0.00,0.08,0.07,0.41,3.89,5.66,5.64,5.10,4.85,4,1,4.24,0.78,0.06,0.00,0.00,0.00,0.00,0.00
1/15/2016,1,15,0.00,0.00,0.00,0.00,0.00,0.00,0.08,0.07,0.41,3.89,5.66,5.64,5.10,4.85,4,1,4.24,0.78,0.06,0.00,0.00,0.00,0.00,0.00
1/16/2016,1,16,0.00,0.00,0.00,0.00,0.00,0.00,0.08,0.07,0.41,3.89,5.66,5.64,5.10,4.85,4,1,4.24,0.78,0.06,0.00,0.00,0.00,0.00,0.00
