Commanche,Month,Day,1,2,3,4,5,6,7,8,9,10,11,12,13,14,15,16,17,18,19,20,21,22,23,24
1/1/2016,1,1,0.00,0.00,0.00,0.00,0.00,0.00,0.64,0.64,1.63,43.97,89.55,99.77,108.23,111.70,103.83,97.58,71.72,12.28,0.55,0.00,0.00,0.00,0.00,0.00
1/2/2016,1,2,0.00,0.00,0.00,0.00,0.00,0.00,0.64,0.64,1.24,23.84,61.36,99.18,108.23,111.70,103.83,97.58,71.72,13.13,0.56,0.00,0.00,0.00,0.00,0.00
1/3/2016,1,3,0.00,0.00,0.00,0.00,0.00,0.00,0.65,0.65,1.24,23.84,61.36,99.18,108.23,111.94,103.83,97.58,75.06,14.52,0.59,0.00,0.00,0.00,0.00,0.00
1/4/2016,1,4,0.00,0.00,0.00,0.00,0.00,0.00,0.69,0.68,1.24,23.84,61.36,101.34,111.45,114.09,106.37,99.80,79.27,16.55,0.88,0.00,0.00,0.00,0.00,0.00
1/5/2016,1,5,0.00,0.00,0.00,0.00,0.00,0.00,0.69,0.68,1.44,23.84,61.36,102.98,112.80,114.77,108.45,102.75,81.68,16.55,0.88,0.00,0.00,0.00,0.00,0.00
1/6/2016,1,6,0.00,0.00,0.00,0.00,0.00,0.00,0.69,0.68,1.48,28.89,78.57,103.93,112.80,114.77,108.64,102.75,82.41,18.40,1.21,0.00,0.00,0.00,0.00,0.00
1/7/2016,1,7,0.00,0.00,0.00,0.00,0.00,0.00,0.69,0.68,1.48,28.89,78.57,103.93,112.80,114.77,109.28,102.75,82.41,18.40,1.21,0.00,0.00,0.00,0.00,0.00
1/8/2016,1,8,0.00,0.00,0.00,0.00,0.00,0.00,0.69,0.68,1.48,28.89,78.57,103.93,112.80,114.77,108.64,102.75,82.41,18.40,1.21,0.00,0.00,0.00,0.00,0.00
1/9/2016,1,9,0.00,0.00,0.00,0.00,0.00,0.00,0.69,0.68,1.48,28.89,78.57,103.93,112.80,114.77,108.64,102.75,82.41,18.40,1.21,0.00,0.00,0.00,0.00,0.00
1/10/2016,1,10,0.00,0.00,0.00,0.00,0.00,0.00,0.69,0.68,1.48,30.81,87.07,105.74,112.80,114.77,108.64,102.75,84.71,21.81,1.21,0.00,0.00,0.00,0.00,0.00
1/11/2016,1,11,0.00,0.00,0.00,0.00,0.00,0.00,0.69,0.68,1.48,30.81,87.07,105.74,112.80,114.77,108.64,102.75,84.71,21.81,1.21,0.00,0.00,0.00,0.00,0.00
1/12/2016,1,12,0.00,0.00,0.00,0.00,0.00,0.00,0.66,0.67,1.48,30.81,95.32,105.74,112.13,114.74,108.64,102.98,87.46,23.14,1.21,0.00,0.00,0.00,0.00,0.00
1/13/2016,1,13,0.00,0.00,0.00,0.00,0.00,0.00,0.65,0.66,2.82,48.82,96.45,106.97,114.34,114.50,110.36,103.89,87.46,23.14,1.17,0.00,0.00,0.00,0.00,0.00
1/14/2016,1,14,0.00,0.00,0.00,0.00,0.00,0.00,0.67,0.68,2.82,48.82,96.45,106.97,114.34,114.50,110.36,103.89,87.46,23.14,1.17,0.00,0.00,0.00,0.00,0.00
1/15/2016,1,15,0.00,0.00,0.00,0.00,0.00,0.00,0.67,0.68,2.82,48.82,96.45,106.97,114.34,114.50,110.36,103.89,87.46,23.14,1.17,0.00,0.00,0.00,0.00,0.00
1/16/2016,1,16,0.00,0.00,0.00,0.00,0.00,0.00,0.67,0.68,2.82,48.82,96.45,106.97,114.34,114.50,110.36,103.89,87.46,23.14,1.17,0.00,0.00,0.00,0.00,0.00
1/17/2016,1,17,0.00,0.00,0.00,0.00,0.00,0.00,0.67,0.68,3.63,56.03,98.17,107.66,115.72,115.44,112.86,103.94,93.69,29.37,1.10,0.00,0.00,0.00,0.00,0.00
1/18/2016,1,18,0.00,0.00,0.00,0.00,0.00,0.00,0.67,0.68,3.63,56.03,98.17,107.66,115.72,115.44,112.86,104.97,95.09,30.83,1.10,0.00,0.00,0.00,0.00,0.00
1/19/2016,1,19,0.00,0.00,0.00,0.00,0.00,0.00,0.67,0.68,3.63,56.03,98.17,107.66,115.72,115.44,112.87,105.50,95.09,32.28,1.25,0.00,0.00,0.00,0.00,0.00
1/20/2016,1,20,0.00,0.00,0.00,0.00,0.00,0.00,0.67,0.68,3.63,56.03,98.17,107.66,115.72,115.46,113.79,105.50,96.50,32.66,1.76,0.00,0.00,0.00,0.00,0.00
1/21/2016,1,21,0.00,0.00,0.00,0.00,0.00,0.00,0.67,0.68,3.63,56.03,98.17,107.66,117.01,115.46,114.49,106.58,98.14,35.69,1.76,0.00,0.00,0.00,0.00,0.00
1/22/2016,1,22,0.00,0.00,0.00,0.00,0.00,0.00,0.67,0.68,3.63,56.03,98.17,107.66,117.01,115.46,114.49,106.58,98.14,36.52,1.76,0.00,0.00,0.00,0.00,0.00
1/23/2016,1,23,0.00,0.00,0.00,0.00,0.00,0.00,0.63,0.65,3.63,56.03,99.41,109.02,117.01,115.46,114.49,107.76,100.57,39.58,1.93,0.00,0.00,0.00,0.00,0.00
1/24/2016,1,24,0.00,0.00,0.00,0.00,0.00,0.00,0.63,0.65,2.15,43.17,99.41,109.02,117.01,115.46,114.49,107.76,100.57,39.58,1.93,0.00,0.00,0.00,0.00,0.00
1/25/2016,1,25,0.00,0.00,0.00,0.00,0.00,0.00,0.63,0.65,2.15,43.17,99.41,109.02,117.01,115.46,114.49,107.76,100.57,39.58,1.93,0.00,0.00,0.00,0.00,0.00
1/26/2016,1,26,0.00,0.00,0.00,0.00,0.00,0.00,0.63,0.65,2.15,43.17,99.41,109.02,117.01,115.46,114.49,107.76,100.57,39.58,1.93,0.00,0.00,0.00,0.00,0.00
1/27/2016,1,27,0.00,0.00,0.00,0.00,0.00,0.00,0.63,0.65,2.15,43.17,99.41,109.02,117.01,115.04,114.49,107.76,100.57,39.58,1.93,0.00,0.00,0.00,0.00,0.00
1/28/2016,1,28,0.00,0.00,0.00,0.00,0.00,0.00,0.60,0.65,2.15,43.17,99.41,109.02,116.90,115.04,115.36,107.76,102.14,46.01,2.33,0.00,0.00,0.00,0.00,0.00
1/29/2016,1,29,0.00,0.00,0.00,0.00,0.00,0.00,0.60,0.63,2.96,43.17,99.41,109.02,116.90,115.18,115.36,107.76,102.14,46.01,2.33,0.00,0.00,0.00,0.00,0.00
1/30/2016,1,30,0.00,0.00,0.00,0.00,0.00,0.00,0.60,0.63,2.96,43.17,91.31,104.13,116.51,115.18,115.36,101.26,102.14,46.01,2.33,0.00,0.00,0.00,0.00,0.00
1/31/2016,1,31,0.00,0.00,0.00,0.00,0.00,0.00,0.55,0.59,9.43,43.17,108.79,109.59,116.51,115.31,115.93,101.26,102.14,46.01,2.33,0.00,0.00,0.00,0.00,0.00
2/1/2016,2,1,0.00,0.00,0.00,0.00,0.00,0.00,0.55,0.59,10.11,75.40,108.79,113.73,116.33,115.31,115.93,109.73,105.74,52.27,3.09,0.00,0.00,0.00,0.00,0.00
2/2/2016,2,2,0.00,0.00,0.00,0.00,0.00,0.00,0.55,0.59,10.11,75.40,108.79,113.73,116.33,115.31,115.93,109.73,105.95,52.81,3.47,0.00,0.00,0.00,0.00,0.00
2/3/2016,2,3,0.00,0.00,0.00,0.00,0.00,0.00,0.55,0.59,10.11,75.40,108.79,113.73,116.33,115.31,115.93,109.73,105.95,52.81,3.47,0.00,0.00,0.00,0.00,0.00
2/4/2016,2,4,0.00,0.00,0.00,0.00,0.00,0.00,0.55,0.59,10.11,75.40,108.79,113.73,116.33,115.31,115.93,109.73,105.95,52.81,3.47,0.00,0.00,0.00,0.00,0.00
2/5/2016,2,5,0.00,0.00,0.00,0.00,0.00,0.00,0.55,0.59,10.11,75.40,108.79,114.24,116.33,115.40,115.93,109.73,105.95,52.81,3.47,0.00,0.00,0.00,0.00,0.00
2/6/2016,2,6,0.00,0.00,0.00,0.00,0.00,0.00,0.55,0.59,14.31,75.40,111.66,115.56,116.50,115.40,116.34,111.75,109.16,60.24,4.35,0.00,0.00,0.00,0.00,0.00
2/7/2016,2,7,0.00,0.00,0.00,0.00,0.00,0.00,0.54,0.54,14.31,82.63,111.82,115.56,116.50,115.40,116.34,111.75,109.16,60.24,4.35,0.00,0.00,0.00,0.00,0.00
2/8/2016,2,8,0.00,0.00,0.00,0.00,0.00,0.00,0.54,0.54,14.31,82.63,111.82,115.56,116.50,115.40,116.34,111.75,109.16,60.24,4.35,0.00,0.00,0.00,0.00,0.00
2/9/2016,2,9,0.00,0.00,0.00,0.00,0.00,0.00,0.53,0.53,14.31,82.63,111.82,115.56,116.50,115.40,116.34,111.75,109.16,60.24,4.35,0.00,0.00,0.00,0.00,0.00
2/10/2016,2,10,0.00,0.00,0.00,0.00,0.00,0.00,0.53,1.68,14.31,82.63,111.82,115.56,116.50,115.40,116.34,111.75,109.16,60.24,4.35,0.00,0.00,0.00,0.00,0.00
2/11/2016,2,11,0.00,0.00,0.00,0.00,0.00,0.00,0.53,1.68,16.62,84.38,111.82,115.56,116.50,115.40,116.34,111.75,109.16,60.24,4.35,0.00,0.00,0.00,0.00,0.00
2/12/2016,2,12,0.00,0.00,0.00,0.00,0.00,0.00,0.53,1.68,16.62,84.38,111.82,115.56,116.50,115.29,116.34,111.75,109.16,60.24,4.35,0.00,0.00,0.00,0.00,0.00
2/13/2016,2,13,0.00,0.00,0.00,0.00,0.00,0.00,0.53,1.68,16.62,84.38,110.48,114.26,116.43,115.59,116.62,111.43,106.57,64.06,6.77,0.00,0.00,0.00,0.00,0.00
2/14/2016,2,14,0.00,0.00,0.00,0.00,0.00,0.00,0.53,1.68,18.31,87.23,110.17,114.26,116.43,115.59,116.62,111.43,107.36,69.60,7.41,0.00,0.00,0.00,0.00,0.00
2/15/2016,2,15,0.00,0.00,0.00,0.00,0.00,0.00,0.53,1.68,18.31,87.23,110.17,114.26,116.36,115.59,116.62,115.59,112.45,72.50,8.35,0.00,0.00,0.00,0.00,0.00
2/16/2016,2,16,0.00,0.00,0.00,0.00,0.00,0.00,0.58,1.68,18.31,87.23,110.17,114.26,116.36,115.59,116.62,115.59,112.45,73.29,9.02,0.00,0.00,0.00,0.00,0.00
2/17/2016,2,17,0.00,0.00,0.00,0.00,0.00,0.00,0.58,1.26,23.17,92.95,113.40,116.10,116.48,115.59,116.62,115.59,112.45,74.01,10.12,0.00,0.00,0.00,0.00,0.00
2/18/2016,2,18,0.00,0.00,0.00,0.00,0.00,0.00,0.58,1.37,23.17,92.95,113.40,116.10,116.48,115.59,116.62,115.59,112.45,74.01,10.12,0.00,0.00,0.00,0.00,0.00
2/19/2016,2,19,0.00,0.00,0.00,0.00,0.00,0.00,1.10,1.63,27.36,96.06,114.11,116.74,116.48,115.59,116.62,115.59,112.95,77.85,11.16,0.00,0.00,0.00,0.00,0.00
2/20/2016,2,20,0.00,0.00,0.00,0.00,0.00,0.00,1.10,1.63,27.36,96.06,114.11,116.74,116.48,115.45,116.36,115.59,112.95,77.85,11.16,0.00,0.00,0.00,0.00,0.00
2/21/2016,2,21,0.00,0.00,0.00,0.00,0.00,0.00,1.10,1.63,27.36,96.06,114.11,116.74,116.48,115.45,116.36,115.59,112.95,77.85,11.16,0.00,0.00,0.00,0.00,0.00
2/22/2016,2,22,0.00,0.00,0.00,0.00,0.00,0.00,1.10,1.63,27.36,96.06,114.11,116.74,116.48,115.45,116.36,115.51,112.95,77.85,11.16,0.00,0.00,0.00,0.00,0.00
2/23/2016,2,23,0.00,0.00,0.00,0.00,0.00,0.00,1.10,1.63,27.36,96.06,114.11,116.74,116.48,115.45,116.36,115.51,112.95,77.85,11.16,0.00,0.00,0.00,0.00,0.00
2/24/2016,2,24,0.00,0.00,0.00,0.00,0.00,0.00,1.10,1.63,27.36,96.06,114.11,116.74,116.46,115.56,116.31,115.51,112.95,77.85,11.16,0.00,0.00,0.00,0.00,0.00
2/25/2016,2,25,0.00,0.00,0.00,0.00,0.00,0.00,1.10,1.63,27.36,96.06,114.11,116.74,116.46,115.56,116.31,115.51,112.95,77.85,11.16,0.00,0.00,0.00,0.00,0.00
2/26/2016,2,26,0.00,0.00,0.00,0.00,0.00,0.00,0.54,0.95,27.36,96.06,114.62,116.43,116.50,115.56,116.53,115.35,113.30,85.41,15.85,0.00,0.00,0.00,0.00,0.00
2/27/2016,2,27,0.00,0.00,0.00,0.00,0.00,0.00,0.54,0.95,34.30,99.21,114.62,116.43,116.50,115.56,116.53,115.35,113.30,85.41,15.85,0.00,0.00,0.00,0.00,0.00
2/28/2016,2,28,0.00,0.00,0.00,0.00,0.00,0.00,0.54,1.15,34.30,99.21,115.37,116.49,116.50,115.56,116.53,115.35,113.30,85.41,17.51,0.00,0.00,0.00,0.00,0.00
3/1/2016,3,1,0.00,0.00,0.00,0.00,0.00,0.00,0.53,1.15,39.22,99.21,115.37,116.49,116.50,115.56,116.53,115.35,113.30,85.41,17.51,0.00,0.00,0.00,0.00,0.00
3/2/2016,3,2,0.00,0.00,0.00,0.00,0.00,0.00,0.53,1.28,43.50,102.19,115.37,116.49,116.50,115.56,116.53,116.69,115.33,85.41,17.51,0.00,0.00,0.00,0.00,0.00
3/3/2016,3,3,0.00,0.00,0.00,0.00,0.00,0.00,0.53,1.28,43.50,102.19,115.37,116.49,116.50,115.66,116.53,116.69,115.33,85.41,17.51,0.00,0.00,0.00,0.00,0.00
3/4/2016,3,4,0.00,0.00,0.00,0.00,0.00,0.00,0.53,1.28,43.50,102.19,115.37,116.49,116.50,115.66,116.53,116.69,115.33,85.41,17.51,0.00,0.00,0.00,0.00,0.00
3/5/2016,3,5,0.00,0.00,0.00,0.00,0.00,0.00,0.53,1.28,43.50,102.19,115.37,116.49,116.41,115.66,116.53,116.69,115.33,84.94,17.51,0.00,0.00,0.00,0.00,0.00
3/6/2016,3,6,0.00,0.00,0.00,0.00,0.00,0.00,0.57,1.28,43.50,102.19,115.37,116.49,116.71,115.66,116.53,116.69,115.33,84.94,17.51,0.00,0.00,0.00,0.00,0.00
3/7/2016,3,7,0.00,0.00,0.00,0.00,0.00,0.00,0.57,1.28,43.50,102.19,114.78,116.43,116.71,115.66,116.53,116.69,115.33,78.81,15.75,0.00,0.00,0.00,0.00,0.00
3/8/2016,3,8,0.00,0.00,0.00,0.00,0.00,0.00,0.57,1.28,43.50,102.19,114.78,116.43,116.71,115.66,116.53,116.69,115.33,91.93,23.29,0.00,0.00,0.00,0.00,0.00
3/9/2016,3,9,0.00,0.00,0.00,0.00,0.00,0.00,0.57,2.03,42.73,93.74,110.81,114.56,116.71,115.66,116.53,116.40,114.16,91.93,23.29,0.00,0.00,0.00,0.00,0.00
3/10/2016,3,10,0.00,0.00,0.00,0.00,0.00,0.00,0.64,2.03,42.73,93.74,110.81,114.56,116.71,115.33,116.53,116.40,114.16,91.93,23.29,0.00,0.00,0.00,0.00,0.00
3/11/2016,3,11,0.00,0.00,0.00,0.00,0.00,0.00,0.64,2.03,42.73,93.74,110.81,114.56,116.71,115.46,116.53,116.40,114.16,91.93,24.56,0.00,0.00,0.00,0.00,0.00
3/12/2016,3,12,0.00,0.00,0.00,0.00,0.00,0.00,0.64,2.03,42.73,93.74,110.81,114.56,116.71,115.46,116.53,116.40,114.16,91.93,24.56,0.00,0.00,0.00,0.00,0.00
3/13/2016,3,13,0.00,0.00,0.00,0.00,0.00,0.00,0.64,2.03,42.73,93.74,115.81,116.45,116.32,115.46,116.53,116.40,114.16,91.93,24.56,0.00,0.00,0.00,0.00,0.00
3/14/2016,3,14,0.00,0.00,0.00,0.00,0.00,0.00,0.64,2.03,51.17,107.94,115.81,116.45,116.29,115.49,116.53,116.40,114.16,91.93,24.56,0.00,0.00,0.00,0.00,0.00
3/15/2016,3,15,0.00,0.00,0.00,0.00,0.00,0.00,0.64,2.03,56.01,110.28,116.37,116.45,116.41,115.55,116.28,115.04,113.95,95.12,24.56,0.00,0.00,0.00,0.00,0.00
3/16/2016,3,16,0.00,0.00,0.00,0.00,0.00,0.00,0.64,2.03,56.01,110.28,116.37,116.45,116.41,115.55,116.28,115.04,113.95,95.12,24.56,0.00,0.00,0.00,0.00,0.00
3/17/2016,3,17,0.00,0.00,0.00,0.00,0.00,0.00,0.64,2.03,56.01,110.28,116.37,116.45,116.41,115.55,116.28,115.04,113.95,95.12,24.56,0.00,0.00,0.00,0.00,0.00
3/18/2016,3,18,0.00,0.00,0.00,0.00,0.00,0.00,0.64,2.03,56.01,110.28,116.37,116.45,116.41,115.55,116.28,115.04,113.95,95.12,24.56,0.00,0.00,0.00,0.00,0.00
3/19/2016,3,19,0.00,0.00,0.00,0.00,0.00,0.00,0.64,2.03,62.91,110.28,116.37,116.45,116.41,115.55,116.28,115.04,113.95,95.12,24.56,0.00,0.00,0.00,0.00,0.00
3/20/2016,3,20,0.00,0.00,0.00,0.00,0.00,0.00,0.64,2.03,62.91,110.28,116.37,116.45,116.41,115.55,116.28,115.04,113.95,95.12,24.56,0.00,0.00,0.00,0.00,0.00
3/21/2016,3,21,0.00,0.00,0.00,0.00,0.00,0.00,0.64,2.03,73.72,110.28,116.37,116.45,116.41,115.55,115.81,115.04,113.95,95.12,24.56,0.00,0.00,0.00,0.00,0.00
3/22/2016,3,22,0.00,0.00,0.00,0.00,0.00,0.00,0.64,2.03,73.72,105.65,116.12,116.45,116.41,115.55,115.81,115.04,113.95,95.12,24.56,0.00,0.00,0.00,0.00,0.00
3/23/2016,3,23,0.00,0.00,0.00,0.00,0.00,0.00,1.68,9.25,73.72,105.65,116.12,116.45,106.51,115.55,115.81,115.04,113.95,95.12,24.56,0.00,0.00,0.00,0.00,0.00
3/24/2016,3,24,0.00,0.00,0.00,0.00,0.00,0.00,1.68,9.25,73.72,105.65,116.12,116.45,106.51,115.55,115.81,115.04,113.95,95.12,36.25,0.00,0.00,0.00,0.00,0.00
3/25/2016,3,25,0.00,0.00,0.00,0.00,0.00,0.00,1.68,9.25,73.72,105.65,116.12,118.37,106.51,115.55,115.81,115.04,113.95,95.12,36.25,0.00,0.00,0.00,0.00,0.00
3/26/2016,3,26,0.00,0.00,0.00,0.00,0.00,0.00,1.43,9.72,76.49,108.52,116.12,118.73,120.01,120.00,119.64,115.96,109.22,90.96,36.25,0.00,0.00,0.00,0.00,0.00
3/27/2016,3,27,0.00,0.00,0.00,0.00,0.00,0.00,1.43,10.72,76.49,108.52,116.12,118.73,120.01,120.00,119.64,115.96,109.22,90.96,36.25,0.00,0.00,0.00,0.00,0.00
3/28/2016,3,28,0.00,0.00,0.00,0.00,0.00,0.00,1.43,10.72,76.49,108.52,116.12,118.73,120.01,120.00,119.64,115.96,109.22,90.96,36.25,0.00,0.00,0.00,0.00,0.00
3/29/2016,3,29,0.00,0.00,0.00,0.00,0.00,0.00,1.43,10.72,76.49,108.52,115.92,118.73,120.01,120.00,119.64,115.96,109.22,90.96,36.25,0.00,0.00,0.00,0.00,0.00
3/30/2016,3,30,0.00,0.00,0.00,0.00,0.00,0.00,1.43,14.34,76.49,108.52,115.92,118.73,120.01,120.00,119.64,115.96,109.22,90.96,36.25,0.00,0.00,0.00,0.00,0.00
3/31/2016,3,31,0.00,0.00,0.00,0.00,0.00,0.00,1.43,16.52,82.22,108.52,115.92,118.73,120.01,120.00,119.64,115.96,109.22,90.96,36.25,0.00,0.00,0.00,0.00,0.00
4/1/2016,4,1,0.00,0.00,0.00,0.00,0.00,0.00,1.43,16.52,82.22,108.52,115.92,118.73,120.01,120.00,119.64,115.96,109.22,90.96,36.25,0.00,0.00,0.00,0.00,0.00
4/2/2016,4,2,0.00,0.00,0.00,0.00,0.00,0.00,1.36,16.52,82.22,108.35,115.34,117.37,118.58,117.83,116.63,110.38,107.90,88.71,36.25,0.00,0.00,0.00,0.00,0.00
4/3/2016,4,3,0.00,0.00,0.00,0.00,0.00,0.00,1.36,18.08,84.48,108.35,115.34,117.37,118.58,117.83,116.63,110.38,107.90,88.71,36.25,0.00,0.00,0.00,0.00,0.00
4/4/2016,4,4,0.00,0.00,0.00,0.00,0.00,0.00,1.37,18.08,84.48,108.35,115.34,117.37,118.58,117.83,116.63,110.38,107.90,88.71,37.89,0.00,0.00,0.00,0.00,0.00
4/5/2016,4,5,0.00,0.00,0.00,0.00,0.00,0.00,1.37,21.70,86.64,108.35,115.34,117.37,118.58,117.83,116.63,110.38,107.90,88.71,37.89,0.00,0.00,0.00,0.00,0.00
4/6/2016,4,6,0.00,0.00,0.00,0.00,0.00,0.00,1.37,21.70,86.64,108.35,115.34,117.37,118.58,117.83,116.63,110.38,107.90,89.82,37.89,0.00,0.00,0.00,0.00,0.00
4/7/2016,4,7,0.00,0.00,0.00,0.00,0.00,0.00,1.37,21.70,86.64,108.35,115.34,117.37,118.58,117.83,116.63,110.38,107.90,89.82,37.89,0.00,0.00,0.00,0.00,0.00
4/8/2016,4,8,0.00,0.00,0.00,0.00,0.00,0.00,1.37,21.70,86.64,107.11,113.46,114.39,114.76,111.92,112.33,107.10,88.83,89.82,37.89,0.00,0.00,0.00,0.00,0.00
4/9/2016,4,9,0.00,0.00,0.00,0.00,0.00,0.00,1.37,21.70,86.64,103.38,108.70,114.39,114.76,111.92,112.33,107.10,88.83,89.82,37.89,0.00,0.00,0.00,0.00,0.00
4/10/2016,4,10,0.00,0.00,0.00,0.00,0.00,0.00,1.37,21.70,86.64,103.38,108.70,114.39,114.76,111.92,112.33,107.10,88.83,89.82,37.89,0.00,0.00,0.00,0.00,0.00
4/11/2016,4,11,0.00,0.00,0.00,0.00,0.00,0.00,1.04,21.70,86.64,103.38,108.70,114.39,114.76,111.92,112.33,107.10,88.83,89.82,45.72,0.00,0.00,0.00,0.00,0.00
4/12/2016,4,12,0.00,0.00,0.00,0.00,0.00,0.00,1.24,25.72,75.82,97.72,108.70,97.25,90.81,115.87,92.02,70.39,57.60,89.82,45.72,0.00,0.00,0.00,0.00,0.00
4/13/2016,4,13,0.00,0.00,0.00,0.00,0.00,0.00,1.33,25.72,86.66,106.03,108.70,97.25,90.81,115.87,92.02,70.39,63.28,80.70,45.72,0.00,0.00,0.00,0.00,0.00
4/14/2016,4,14,0.00,0.00,0.00,0.00,0.00,0.00,1.78,25.72,86.66,106.09,111.83,112.10,115.87,115.87,92.02,70.39,63.28,80.70,45.72,0.00,0.00,0.00,0.00,0.00
4/15/2016,4,15,0.00,0.00,0.00,0.00,0.00,0.00,1.78,25.72,86.66,106.09,111.83,112.10,115.87,115.87,92.02,70.39,63.28,85.53,51.01,0.00,0.00,0.00,0.00,0.00
4/16/2016,4,16,0.00,0.00,0.00,0.00,0.00,0.00,1.78,25.72,86.66,106.09,111.83,112.10,115.87,115.87,92.02,70.39,63.28,85.53,51.01,0.00,0.00,0.00,0.00,0.00
4/17/2016,4,17,0.00,0.00,0.00,0.00,0.00,0.00,1.78,29.06,86.66,106.09,111.83,112.10,115.87,115.87,92.02,70.39,63.28,85.53,51.01,0.00,0.00,0.00,0.00,0.00
4/18/2016,4,18,0.00,0.00,0.00,0.00,0.00,0.00,1.78,29.06,86.66,106.09,111.83,112.10,115.87,115.87,92.02,70.39,63.28,85.53,51.01,0.00,0.00,0.00,0.00,0.00
4/19/2016,4,19,0.00,0.00,0.00,0.00,0.00,0.00,1.78,29.06,86.66,106.09,111.83,112.10,115.87,107.63,54.55,55.20,105.64,93.12,53.20,0.00,0.00,0.00,0.00,0.00
4/20/2016,4,20,0.00,0.00,0.00,0.00,0.00,0.00,1.78,31.15,87.06,106.09,111.83,114.59,117.64,116.49,117.50,108.28,105.64,93.12,53.20,0.00,0.00,0.00,0.00,0.00
4/21/2016,4,21,0.00,0.00,0.00,0.00,0.00,0.00,1.85,48.45,87.34,102.19,111.11,114.59,117.64,116.49,117.50,108.28,105.64,93.12,53.20,0.00,0.00,0.00,0.00,0.00
4/22/2016,4,22,0.00,0.00,0.00,0.00,0.00,0.00,1.85,48.45,93.49,108.83,113.84,115.92,117.64,116.49,117.50,108.28,105.64,93.12,53.20,0.00,0.00,0.00,0.00,0.00
4/23/2016,4,23,0.00,0.00,0.00,0.00,0.00,0.00,1.85,48.45,93.95,108.83,113.84,115.92,117.64,116.49,117.50,108.28,105.64,93.12,53.20,0.00,0.00,0.00,0.00,0.00
4/24/2016,4,24,0.00,0.00,0.00,0.00,0.00,0.00,1.85,48.45,93.95,108.83,113.84,115.92,117.64,116.49,117.50,108.28,105.64,93.12,53.20,0.00,0.00,0.00,0.00,0.00
4/25/2016,4,25,0.00,0.00,0.00,0.00,0.00,0.00,1.85,48.45,93.95,108.83,113.84,115.92,117.64,116.49,117.50,108.28,105.64,93.12,53.20,0.00,0.00,0.00,0.00,0.00
4/26/2016,4,26,0.00,0.00,0.00,0.00,0.00,0.00,2.06,48.45,93.95,108.83,113.84,115.92,117.64,116.49,117.50,108.28,93.64,81.74,53.20,0.00,0.00,0.00,0.00,0.00
4/27/2016,4,27,0.00,0.00,0.00,0.00,0.00,0.00,2.06,48.45,93.95,108.83,113.84,115.92,116.82,110.59,115.25,98.79,93.64,64.85,53.20,0.00,0.00,0.00,0.00,0.00
4/28/2016,4,28,0.00,0.00,0.00,0.00,0.00,0.00,2.06,48.45,93.95,108.83,113.84,115.92,116.82,112.70,115.25,109.82,101.11,84.58,53.20,0.00,0.00,0.00,0.00,0.00
4/29/2016,4,29,0.00,0.00,0.00,0.00,0.00,0.00,5.27,52.52,93.95,104.77,110.53,112.97,114.03,112.70,112.35,109.82,101.11,84.58,53.20,0.00,0.00,0.00,0.00,0.00
4/30/2016,4,30,0.00,0.00,0.00,0.00,0.00,0.00,6.69,60.40,99.92,107.43,110.53,112.97,114.03,112.70,112.35,109.82,101.11,84.58,53.20,0.00,0.00,0.00,0.00,0.00
5/1/2016,5,1,0.00,0.00,0.00,0.00,0.00,0.00,6.69,60.40,99.92,107.43,110.53,112.97,114.03,112.70,112.35,109.82,101.11,84.58,53.20,0.00,0.00,0.00,0.00,0.00
5/2/2016,5,2,0.00,0.00,0.00,0.00,0.00,0.00,6.69,60.40,99.92,107.43,110.53,112.97,114.03,112.70,112.35,109.82,101.11,84.58,53.20,0.00,0.00,0.00,0.00,0.00
5/3/2016,5,3,0.00,0.00,0.00,0.00,0.00,0.00,6.69,60.40,99.92,107.43,111.23,114.41,115.53,112.70,112.35,109.82,105.19,97.35,64.44,0.00,0.00,0.00,0.00,0.00
5/4/2016,5,4,0.00,0.00,0.00,0.00,0.00,0.00,6.69,60.40,99.92,107.43,111.23,114.41,115.53,112.70,112.35,109.82,105.19,100.22,67.31,0.00,0.00,0.00,0.00,0.00
5/5/2016,5,5,0.00,0.00,0.00,0.00,0.00,0.00,7.99,63.11,99.92,107.43,111.23,114.41,115.53,112.63,111.45,109.20,105.19,100.22,67.31,0.00,0.00,0.00,0.00,0.00
5/6/2016,5,6,0.00,0.00,0.00,0.00,0.00,0.00,7.99,63.11,99.92,107.43,111.23,114.41,115.53,112.63,111.45,109.20,105.19,100.22,67.31,0.00,0.00,0.00,0.00,0.00
5/7/2016,5,7,0.00,0.00,0.00,0.00,0.00,0.00,7.99,63.11,98.02,107.17,111.23,114.41,115.53,112.63,111.45,109.20,105.19,100.22,67.31,0.00,0.00,0.00,0.00,0.00
5/8/2016,5,8,0.00,0.00,0.00,0.00,0.00,0.00,7.99,63.11,98.02,109.74,112.89,114.41,115.53,112.63,111.45,109.20,105.19,100.22,67.31,0.00,0.00,0.00,0.00,0.00
5/9/2016,5,9,0.00,0.00,0.00,0.00,0.00,0.00,7.99,63.11,98.02,109.74,112.89,114.41,115.53,112.63,111.45,109.20,105.19,100.22,67.31,0.00,0.00,0.00,0.00,0.00
5/10/2016,5,10,0.00,0.00,0.00,0.00,0.00,0.00,7.99,63.11,98.02,110.35,112.89,111.76,112.06,110.23,109.86,109.20,105.19,100.22,67.31,0.00,0.00,0.00,0.00,0.00
5/11/2016,5,11,0.00,0.00,0.00,0.00,0.00,0.00,7.99,63.11,97.85,110.35,112.89,113.15,111.40,110.23,109.86,109.20,105.19,100.22,67.31,0.00,0.00,0.00,0.00,0.00
5/12/2016,5,12,0.00,0.00,0.00,0.00,0.00,0.00,5.83,57.89,96.28,110.35,112.89,113.15,94.13,110.23,109.86,109.20,105.19,100.22,67.31,0.00,0.00,0.00,0.00,0.00
5/13/2016,5,13,0.00,0.00,0.00,0.00,0.00,0.00,5.83,57.89,96.28,110.35,112.89,113.15,111.61,110.23,101.63,109.20,105.19,100.22,67.31,0.00,0.00,0.00,0.00,0.00
5/14/2016,5,14,0.00,0.00,0.00,0.00,0.00,0.00,5.83,57.89,96.28,110.35,112.89,113.15,111.61,110.23,101.63,109.20,105.19,100.22,67.31,0.00,0.00,0.00,0.00,0.00
5/15/2016,5,15,0.00,0.00,0.00,0.00,0.00,0.00,8.11,68.08,99.11,110.35,109.49,113.15,111.61,110.23,101.63,109.20,105.19,100.22,67.31,0.00,0.00,0.00,0.00,0.00
5/16/2016,5,16,0.00,0.00,0.00,0.00,0.00,0.00,8.11,68.08,99.11,110.35,109.49,113.15,111.61,110.23,101.63,109.20,105.19,100.22,67.31,0.00,0.00,0.00,0.00,0.00
5/17/2016,5,17,0.00,0.00,0.00,0.00,0.00,0.00,8.11,68.08,99.11,108.85,109.49,113.15,111.61,105.47,101.63,109.20,105.19,100.22,63.66,0.00,0.00,0.00,0.00,0.00
5/18/2016,5,18,0.00,0.00,0.00,0.00,0.00,0.00,11.78,71.13,99.11,108.85,109.49,111.64,111.61,105.47,101.63,109.20,105.19,100.22,70.43,0.00,0.00,0.00,0.00,0.00
5/19/2016,5,19,0.00,0.00,0.00,0.00,0.00,0.00,11.78,71.13,99.11,106.39,109.49,111.64,111.61,105.47,101.63,109.20,105.19,100.22,70.43,0.00,0.00,0.00,0.00,0.00
5/20/2016,5,20,0.00,0.00,0.00,0.00,0.00,0.00,11.78,71.13,99.11,106.39,108.35,109.03,108.24,105.47,96.70,109.20,105.19,100.22,70.43,0.00,0.00,0.00,0.00,0.00
5/21/2016,5,21,0.00,0.00,0.00,0.00,0.00,0.00,11.78,71.13,99.11,107.20,108.35,109.03,108.24,105.47,96.70,109.20,105.19,100.22,70.43,0.00,0.00,0.00,0.00,0.00
5/22/2016,5,22,0.00,0.00,0.00,0.00,0.00,0.00,11.78,71.62,104.70,113.06,116.05,118.05,117.52,111.21,96.70,109.20,105.19,100.22,70.43,0.00,0.00,0.00,0.00,0.00
5/23/2016,5,23,0.00,0.00,0.00,0.00,0.00,0.00,18.11,71.62,104.70,113.06,116.05,118.05,117.52,111.21,96.70,109.20,107.66,100.22,86.32,0.00,0.00,0.00,0.00,0.00
5/24/2016,5,24,0.00,0.00,0.00,0.00,0.00,0.00,18.11,71.62,104.70,113.06,116.05,118.05,117.52,111.21,83.35,109.20,107.66,103.52,86.32,0.00,0.00,0.00,0.00,0.00
5/25/2016,5,25,0.00,0.00,0.00,0.00,0.00,0.00,20.58,82.33,105.80,113.06,116.05,118.42,117.52,111.21,108.07,110.48,107.66,103.52,86.32,0.00,0.00,0.00,0.00,0.00
5/26/2016,5,26,0.00,0.00,0.00,0.00,0.00,0.00,20.76,82.33,105.80,113.06,116.05,118.42,117.52,111.21,108.07,110.48,108.54,104.36,86.32,0.00,0.00,0.00,0.00,0.00
5/27/2016,5,27,0.00,0.00,0.00,0.00,0.00,0.00,20.76,82.33,105.80,113.06,116.05,118.42,117.52,111.21,108.07,110.48,108.54,104.42,86.32,0.00,0.00,0.00,0.00,0.00
5/28/2016,5,28,0.00,0.00,0.00,0.00,0.00,0.00,21.51,82.33,105.80,113.06,116.05,118.42,117.52,111.21,108.07,110.48,108.54,104.42,86.32,0.00,0.00,0.00,0.00,0.00
5/29/2016,5,29,0.00,0.00,0.00,0.00,0.00,0.00,21.51,82.33,105.80,112.17,114.54,118.42,117.50,103.25,108.07,110.48,108.54,104.42,86.32,0.00,0.00,0.00,0.00,0.00
5/30/2016,5,30,0.00,0.00,0.00,0.00,0.00,0.00,21.51,82.33,105.80,112.17,114.54,118.42,117.50,103.25,108.07,110.48,108.54,104.42,85.96,0.00,0.00,0.00,0.00,0.00
5/31/2016,5,31,0.00,0.00,0.00,0.00,0.00,0.00,22.85,82.33,105.80,112.17,115.30,118.42,117.50,103.25,108.07,110.48,108.54,104.42,85.96,0.00,0.00,0.00,0.00,0.00
6/1/2016,6,1,0.00,0.00,0.00,0.00,0.00,0.00,22.85,81.67,103.37,108.93,109.37,113.31,107.17,71.20,104.92,89.64,108.54,104.42,85.96,0.00,0.00,0.00,0.00,0.00
6/2/2016,6,2,0.00,0.00,0.00,0.00,0.00,0.00,25.13,84.06,108.04,114.24,116.44,116.97,117.15,114.41,113.69,111.65,108.00,103.18,85.31,0.00,0.00,0.00,0.00,0.00
6/3/2016,6,3,0.00,0.00,0.00,0.00,0.00,0.00,25.13,84.06,108.04,114.24,116.44,116.97,117.15,114.41,113.69,111.65,108.00,101.77,84.61,0.00,0.00,0.00,0.00,0.00
6/4/2016,6,4,0.00,0.00,0.00,0.00,0.00,0.00,25.13,84.06,108.04,114.24,116.44,116.97,117.15,114.41,113.69,111.65,108.00,100.89,84.20,0.00,0.00,0.00,0.00,0.00
6/5/2016,6,5,0.00,0.00,0.00,0.00,0.00,0.00,25.13,84.06,108.04,113.64,116.44,116.90,117.15,114.41,113.69,111.65,108.00,100.89,84.20,0.00,0.00,0.00,0.00,0.00
6/6/2016,6,6,0.00,0.00,0.00,0.00,0.00,0.00,25.13,84.06,108.04,113.64,116.44,116.97,117.15,113.92,113.69,111.65,108.00,100.89,84.20,0.00,0.00,0.00,0.00,0.00
6/7/2016,6,7,0.00,0.00,0.00,0.00,0.00,0.00,25.13,84.06,108.04,113.64,116.44,116.97,117.15,114.41,113.69,111.72,108.00,100.89,84.20,0.00,0.00,0.00,0.00,0.00
6/8/2016,6,8,0.00,0.00,0.00,0.00,0.00,0.00,25.13,84.06,108.04,113.64,116.44,116.97,117.15,114.41,113.69,111.65,108.00,100.89,79.69,0.00,0.00,0.00,0.00,0.00
6/9/2016,6,9,0.00,0.00,0.00,0.00,0.00,0.00,15.36,79.86,101.37,106.87,108.76,108.81,109.22,107.58,113.69,111.65,76.97,60.99,78.38,0.00,0.00,0.00,0.00,0.00
6/10/2016,6,10,0.00,0.00,0.00,0.00,0.00,0.00,15.36,74.94,101.37,106.87,108.76,110.18,111.25,108.46,113.69,107.17,104.53,99.73,86.33,0.00,0.00,0.00,0.00,0.00
6/11/2016,6,11,0.00,0.00,0.00,0.00,0.00,0.00,25.71,82.14,101.37,106.87,108.76,110.18,111.25,108.46,108.70,107.17,104.53,99.73,86.33,0.00,0.00,0.00,0.00,0.00
6/12/2016,6,12,0.00,0.00,0.00,0.00,0.00,0.00,25.71,82.14,101.37,106.87,108.76,110.18,111.25,108.46,108.70,107.17,104.53,99.73,86.33,0.00,0.00,0.00,0.00,0.00
6/13/2016,6,13,0.00,0.00,0.00,0.00,0.00,0.00,25.71,82.14,101.37,106.87,108.76,110.18,111.25,108.46,108.70,107.17,104.53,99.73,86.33,0.00,0.00,0.00,0.00,0.00
6/14/2016,6,14,0.00,0.00,0.00,0.00,0.00,0.00,25.71,82.14,99.71,105.18,108.03,110.18,111.25,108.46,108.70,107.17,104.53,99.73,86.33,0.00,0.00,0.00,0.00,0.00
6/15/2016,6,15,0.00,0.00,0.00,0.00,0.00,0.00,25.71,82.14,99.71,105.18,108.03,110.18,111.25,108.46,108.70,107.17,104.53,99.73,86.33,0.00,0.00,0.00,0.00,0.00
6/16/2016,6,16,0.00,0.00,0.00,0.00,0.00,0.00,25.71,82.14,99.71,105.18,108.03,110.18,111.25,108.46,108.70,107.17,104.53,99.73,86.33,0.00,0.00,0.00,0.00,0.00
6/17/2016,6,17,0.00,0.00,0.00,0.00,0.00,0.00,25.71,82.14,99.13,105.18,107.41,108.54,107.94,104.80,87.67,76.06,89.62,83.69,82.60,0.00,0.00,0.00,0.00,0.00
6/18/2016,6,18,0.00,0.00,0.00,0.00,0.00,0.00,25.71,72.07,93.91,99.89,103.60,105.90,105.27,68.90,87.67,76.06,89.62,83.69,82.60,0.00,0.00,0.00,0.00,0.00
6/19/2016,6,19,0.00,0.00,0.00,0.00,0.00,0.00,25.71,72.07,93.91,99.89,103.60,105.90,105.27,68.90,87.67,98.18,80.84,83.69,82.60,0.00,0.00,0.00,0.00,0.00
6/20/2016,6,20,0.00,0.00,0.00,0.00,0.00,0.00,25.71,72.07,95.58,102.55,107.13,109.78,110.08,104.18,105.72,107.52,105.69,98.99,82.60,0.00,0.00,0.00,0.00,0.00
6/21/2016,6,21,0.00,0.00,0.00,0.00,0.00,0.00,25.71,79.63,100.35,105.41,107.24,109.78,110.38,107.72,106.60,107.52,105.69,98.99,83.87,0.00,0.00,0.00,0.00,0.00
6/22/2016,6,22,0.00,0.00,0.00,0.00,0.00,0.00,21.65,79.68,100.35,105.41,108.32,109.81,110.73,109.26,107.30,107.52,105.69,98.99,83.87,0.00,0.00,0.00,0.00,0.00
6/23/2016,6,23,0.00,0.00,0.00,0.00,0.00,0.00,21.65,79.68,100.35,105.41,108.32,109.81,110.73,109.26,107.30,107.52,105.69,98.99,83.87,0.00,0.00,0.00,0.00,0.00
6/24/2016,6,24,0.00,0.00,0.00,0.00,0.00,0.00,21.65,79.68,100.35,105.41,108.32,109.81,110.73,109.26,109.59,107.52,105.69,98.99,83.87,0.00,0.00,0.00,0.00,0.00
6/25/2016,6,25,0.00,0.00,0.00,0.00,0.00,0.00,21.65,79.68,100.35,105.41,108.32,109.81,110.73,109.26,109.59,107.52,105.69,98.99,83.87,0.00,0.00,0.00,0.00,0.00
6/26/2016,6,26,0.00,0.00,0.00,0.00,0.00,0.00,21.65,79.68,100.35,105.41,108.32,109.81,110.73,109.26,109.59,107.52,105.69,98.99,83.87,0.00,0.00,0.00,0.00,0.00
6/27/2016,6,27,0.00,0.00,0.00,0.00,0.00,0.00,21.65,79.68,100.35,105.41,108.32,109.81,110.73,109.26,109.59,106.90,79.41,83.77,83.87,0.00,0.00,0.00,0.00,0.00
6/28/2016,6,28,0.00,0.00,0.00,0.00,0.00,0.00,21.65,79.68,98.63,104.48,108.32,109.81,110.73,109.26,109.59,106.90,79.41,83.77,83.87,0.00,0.00,0.00,0.00,0.00
6/29/2016,6,29,0.00,0.00,0.00,0.00,0.00,0.00,20.68,67.42,92.13,102.39,105.86,107.04,108.34,107.22,109.59,106.90,79.41,83.77,83.87,0.00,0.00,0.00,0.00,0.00
6/30/2016,6,30,0.00,0.00,0.00,0.00,0.00,0.00,20.68,67.42,92.13,102.39,105.86,107.04,108.34,107.22,109.59,106.90,79.41,83.77,83.87,0.00,0.00,0.00,0.00,0.00
7/1/2016,7,1,0.00,0.00,0.00,0.00,0.00,0.00,20.68,67.42,92.13,102.39,105.86,105.35,105.95,104.93,104.43,101.76,79.41,83.77,83.87,0.00,0.00,0.00,0.00,0.00
7/2/2016,7,2,0.00,0.00,0.00,0.00,0.00,0.00,20.68,67.42,92.13,102.39,105.86,110.98,109.80,110.22,112.58,93.03,85.72,83.77,83.87,0.00,0.00,0.00,0.00,0.00
7/3/2016,7,3,0.00,0.00,0.00,0.00,0.00,0.00,10.92,59.51,91.70,104.95,107.91,110.98,110.43,110.22,112.58,98.97,86.35,83.77,74.01,0.00,0.00,0.00,0.00,0.00
7/4/2016,7,4,0.00,0.00,0.00,0.00,0.00,0.00,10.92,59.51,91.70,104.95,107.91,110.98,110.43,110.22,112.58,98.97,86.35,83.77,74.01,0.00,0.00,0.00,0.00,0.00
7/5/2016,7,5,0.00,0.00,0.00,0.00,0.00,0.00,10.92,59.51,91.70,104.95,107.91,110.98,110.43,110.22,112.58,99.36,86.35,83.77,74.01,0.00,0.00,0.00,0.00,0.00
7/6/2016,7,6,0.00,0.00,0.00,0.00,0.00,0.00,10.92,59.51,91.70,104.95,107.91,110.98,110.43,110.22,112.58,99.36,86.35,83.77,74.01,0.00,0.00,0.00,0.00,0.00
7/7/2016,7,7,0.00,0.00,0.00,0.00,0.00,0.00,10.67,58.42,91.70,104.95,107.91,110.98,110.43,110.22,112.58,99.36,86.35,83.77,74.01,0.00,0.00,0.00,0.00,0.00
7/8/2016,7,8,0.00,0.00,0.00,0.00,0.00,0.00,10.67,58.42,91.70,104.95,107.91,110.98,110.43,110.22,112.58,99.36,86.35,83.77,74.01,0.00,0.00,0.00,0.00,0.00
7/9/2016,7,9,0.00,0.00,0.00,0.00,0.00,0.00,10.67,58.42,91.70,104.95,107.91,108.86,110.43,104.70,112.58,99.36,86.35,83.77,74.01,0.00,0.00,0.00,0.00,0.00
7/10/2016,7,10,0.00,0.00,0.00,0.00,0.00,0.00,7.49,58.42,90.13,101.60,102.05,107.94,110.43,104.70,112.58,99.36,84.33,83.77,74.01,0.00,0.00,0.00,0.00,0.00
7/11/2016,7,11,0.00,0.00,0.00,0.00,0.00,0.00,6.07,54.36,86.33,98.22,101.88,97.37,110.43,102.01,112.58,99.36,84.33,83.77,74.01,0.00,0.00,0.00,0.00,0.00
7/12/2016,7,12,0.00,0.00,0.00,0.00,0.00,0.00,6.07,52.65,85.57,94.56,98.93,97.37,110.43,102.01,112.58,99.36,84.33,83.77,74.01,0.00,0.00,0.00,0.00,0.00
7/13/2016,7,13,0.00,0.00,0.00,0.00,0.00,0.00,6.07,52.65,85.57,94.98,98.93,97.37,110.43,102.01,112.58,99.36,84.33,83.77,74.01,0.00,0.00,0.00,0.00,0.00
7/14/2016,7,14,0.00,0.00,0.00,0.00,0.00,0.00,6.07,58.41,87.57,95.17,98.99,100.96,110.43,102.01,112.58,99.36,84.33,83.77,74.01,0.00,0.00,0.00,0.00,0.00
7/15/2016,7,15,0.00,0.00,0.00,0.00,0.00,0.00,6.07,58.41,95.79,95.17,98.99,100.96,110.43,106.55,112.58,99.36,84.33,83.77,74.01,0.00,0.00,0.00,0.00,0.00
7/16/2016,7,16,0.00,0.00,0.00,0.00,0.00,0.00,6.07,58.41,95.79,95.17,98.99,100.96,110.43,106.55,112.58,99.36,84.33,83.77,74.01,0.00,0.00,0.00,0.00,0.00
7/17/2016,7,17,0.00,0.00,0.00,0.00,0.00,0.00,6.07,58.41,95.79,95.17,98.99,100.96,110.43,106.55,112.58,99.36,84.33,83.77,74.01,0.00,0.00,0.00,0.00,0.00
7/18/2016,7,18,0.00,0.00,0.00,0.00,0.00,0.00,5.93,58.41,97.36,106.29,109.26,109.95,110.11,110.39,110.76,109.37,108.09,83.77,74.01,0.00,0.00,0.00,0.00,0.00
7/19/2016,7,19,0.00,0.00,0.00,0.00,0.00,0.00,5.93,58.41,97.36,106.29,109.26,109.95,110.11,110.39,110.76,109.37,108.09,103.56,74.01,0.00,0.00,0.00,0.00,0.00
7/20/2016,7,20,0.00,0.00,0.00,0.00,0.00,0.00,5.93,58.41,97.36,106.29,109.26,109.95,110.11,110.39,110.76,109.37,108.09,103.56,74.01,0.00,0.00,0.00,0.00,0.00
7/21/2016,7,21,0.00,0.00,0.00,0.00,0.00,0.00,4.65,55.45,97.36,106.29,109.26,109.95,110.11,110.39,110.76,109.37,108.09,103.56,74.01,0.00,0.00,0.00,0.00,0.00
7/22/2016,7,22,0.00,0.00,0.00,0.00,0.00,0.00,4.65,55.45,97.36,106.29,109.26,109.95,110.11,110.39,110.76,109.37,108.09,103.56,74.01,0.00,0.00,0.00,0.00,0.00
7/23/2016,7,23,0.00,0.00,0.00,0.00,0.00,0.00,4.65,55.45,97.36,106.29,109.26,109.95,110.11,110.39,110.76,109.37,108.09,103.56,74.01,0.00,0.00,0.00,0.00,0.00
7/24/2016,7,24,0.00,0.00,0.00,0.00,0.00,0.00,5.54,55.47,97.36,106.29,109.26,109.95,110.11,110.39,110.76,109.37,108.09,103.56,74.01,0.00,0.00,0.00,0.00,0.00
7/25/2016,7,25,0.00,0.00,0.00,0.00,0.00,0.00,5.54,55.47,95.21,104.01,106.67,107.62,107.31,106.25,106.13,103.89,108.09,103.56,74.01,0.00,0.00,0.00,0.00,0.00
7/26/2016,7,26,0.00,0.00,0.00,0.00,0.00,0.00,5.54,55.47,94.76,102.45,106.31,107.57,107.31,105.69,105.97,103.44,108.09,103.56,74.01,0.00,0.00,0.00,0.00,0.00
7/27/2016,7,27,0.00,0.00,0.00,0.00,0.00,0.00,5.54,55.47,94.76,102.45,106.31,107.57,107.31,105.69,105.97,103.44,108.09,103.56,74.01,0.00,0.00,0.00,0.00,0.00
7/28/2016,7,28,0.00,0.00,0.00,0.00,0.00,0.00,5.54,55.47,93.99,102.45,105.16,106.75,106.87,105.69,105.97,102.55,108.09,103.56,74.01,0.00,0.00,0.00,0.00,0.00
7/29/2016,7,29,0.00,0.00,0.00,0.00,0.00,0.00,5.54,55.47,93.99,102.45,105.16,106.75,106.87,105.69,105.97,102.55,108.09,103.56,74.01,0.00,0.00,0.00,0.00,0.00
7/30/2016,7,30,0.00,0.00,0.00,0.00,0.00,0.00,5.54,55.47,93.99,102.99,105.69,107.51,106.87,105.69,105.97,102.55,108.09,103.56,74.01,0.00,0.00,0.00,0.00,0.00
7/31/2016,7,31,0.00,0.00,0.00,0.00,0.00,0.00,4.56,54.62,101.54,109.46,110.76,110.61,112.78,112.11,105.97,102.55,105.25,94.45,74.01,0.00,0.00,0.00,0.00,0.00
8/1/2016,8,1,0.00,0.00,0.00,0.00,0.00,0.00,4.56,54.62,101.54,109.46,110.76,110.61,112.78,112.11,105.97,102.55,105.25,94.45,74.29,0.00,0.00,0.00,0.00,0.00
8/2/2016,8,2,0.00,0.00,0.00,0.00,0.00,0.00,4.56,54.62,101.54,109.46,110.76,110.61,112.78,112.11,103.00,101.67,105.25,94.45,74.29,0.00,0.00,0.00,0.00,0.00
8/3/2016,8,3,0.00,0.00,0.00,0.00,0.00,0.00,4.56,54.62,101.54,109.46,110.76,110.61,112.78,112.11,103.00,101.67,105.25,94.45,74.29,0.00,0.00,0.00,0.00,0.00
8/4/2016,8,4,0.00,0.00,0.00,0.00,0.00,0.00,4.56,54.62,101.54,109.46,110.76,110.61,112.78,112.11,104.66,103.79,105.25,94.45,74.29,0.00,0.00,0.00,0.00,0.00
8/5/2016,8,5,0.00,0.00,0.00,0.00,0.00,0.00,4.56,54.62,101.54,109.46,110.76,110.61,112.78,112.11,104.66,103.79,105.25,94.45,74.29,0.00,0.00,0.00,0.00,0.00
8/6/2016,8,6,0.00,0.00,0.00,0.00,0.00,0.00,4.56,54.62,101.54,109.46,110.76,110.61,112.78,112.11,104.66,103.79,105.25,94.45,74.29,0.00,0.00,0.00,0.00,0.00
8/7/2016,8,7,0.00,0.00,0.00,0.00,0.00,0.00,1.87,48.18,97.78,105.41,108.07,108.82,107.91,106.89,104.66,103.79,100.52,89.85,74.29,0.00,0.00,0.00,0.00,0.00
8/8/2016,8,8,0.00,0.00,0.00,0.00,0.00,0.00,1.87,48.18,97.00,105.41,108.07,108.82,107.91,106.89,104.66,103.79,100.52,89.85,74.29,0.00,0.00,0.00,0.00,0.00
8/9/2016,8,9,0.00,0.00,0.00,0.00,0.00,0.00,1.87,48.18,97.00,105.41,108.07,108.82,107.91,106.89,104.66,103.79,100.52,89.85,74.29,0.00,0.00,0.00,0.00,0.00
8/10/2016,8,10,0.00,0.00,0.00,0.00,0.00,0.00,1.72,32.17,85.14,104.54,105.02,108.82,108.81,106.89,104.66,103.79,100.52,89.85,74.29,0.00,0.00,0.00,0.00,0.00
8/11/2016,8,11,0.00,0.00,0.00,0.00,0.00,0.00,1.72,40.20,93.78,104.54,107.51,109.75,108.81,106.89,104.66,103.79,100.52,86.04,52.63,0.00,0.00,0.00,0.00,0.00
8/12/2016,8,12,0.00,0.00,0.00,0.00,0.00,0.00,1.72,40.20,93.78,103.89,110.87,111.57,112.82,112.31,112.02,109.52,82.94,86.04,52.63,0.00,0.00,0.00,0.00,0.00
8/13/2016,8,13,0.00,0.00,0.00,0.00,0.00,0.00,1.45,40.20,93.78,103.89,110.87,111.57,112.82,112.31,112.02,109.52,82.94,86.04,52.63,0.00,0.00,0.00,0.00,0.00
8/14/2016,8,14,0.00,0.00,0.00,0.00,0.00,0.00,1.45,40.20,93.78,106.51,110.87,111.57,112.82,112.31,112.02,109.52,82.94,86.04,53.35,0.00,0.00,0.00,0.00,0.00
8/15/2016,8,15,0.00,0.00,0.00,0.00,0.00,0.00,2.32,46.03,95.06,106.51,110.87,111.57,112.82,112.31,112.02,109.52,102.44,91.50,53.35,0.00,0.00,0.00,0.00,0.00
8/16/2016,8,16,0.00,0.00,0.00,0.00,0.00,0.00,2.32,46.03,95.06,106.51,110.87,111.57,112.82,112.31,112.02,109.52,102.44,91.50,53.35,0.00,0.00,0.00,0.00,0.00
8/17/2016,8,17,0.00,0.00,0.00,0.00,0.00,0.00,2.32,46.03,95.06,106.51,110.87,111.57,112.82,112.31,112.02,109.52,102.44,91.50,53.35,0.00,0.00,0.00,0.00,0.00
8/18/2016,8,18,0.00,0.00,0.00,0.00,0.00,0.00,2.32,46.03,95.06,106.51,110.87,111.57,112.82,112.31,112.02,109.52,102.44,91.50,53.35,0.00,0.00,0.00,0.00,0.00
8/19/2016,8,19,0.00,0.00,0.00,0.00,0.00,0.00,2.32,46.03,95.06,106.51,108.64,109.72,108.37,95.66,95.72,92.60,102.44,91.50,53.35,0.00,0.00,0.00,0.00,0.00
8/20/2016,8,20,0.00,0.00,0.00,0.00,0.00,0.00,2.32,46.03,95.06,106.51,108.64,109.72,109.63,108.08,95.72,92.60,102.44,91.50,53.35,0.00,0.00,0.00,0.00,0.00
8/21/2016,8,21,0.00,0.00,0.00,0.00,0.00,0.00,2.32,46.03,95.06,104.36,107.78,109.20,109.63,108.08,103.41,98.57,102.44,91.50,42.94,0.00,0.00,0.00,0.00,0.00
8/22/2016,8,22,0.00,0.00,0.00,0.00,0.00,0.00,2.26,45.54,92.94,103.10,107.07,108.47,109.63,108.08,103.41,98.57,89.21,91.50,42.94,0.00,0.00,0.00,0.00,0.00
8/23/2016,8,23,0.00,0.00,0.00,0.00,0.00,0.00,1.89,44.69,92.94,103.10,107.07,108.47,109.63,108.08,103.41,98.57,89.21,91.50,42.94,0.00,0.00,0.00,0.00,0.00
8/24/2016,8,24,0.00,0.00,0.00,0.00,0.00,0.00,1.89,44.69,92.94,103.10,107.07,108.47,109.63,108.12,109.30,109.93,105.20,93.77,51.12,0.00,0.00,0.00,0.00,0.00
8/25/2016,8,25,0.00,0.00,0.00,0.00,0.00,0.00,1.89,44.69,92.94,103.10,107.07,108.47,109.63,108.12,109.30,109.93,105.20,93.77,51.12,0.00,0.00,0.00,0.00,0.00
8/26/2016,8,26,0.00,0.00,0.00,0.00,0.00,0.00,1.89,44.69,92.94,103.10,107.07,108.47,109.63,108.12,109.30,109.93,105.20,93.77,51.12,0.00,0.00,0.00,0.00,0.00
8/27/2016,8,27,0.00,0.00,0.00,0.00,0.00,0.00,1.55,36.15,86.95,100.24,104.57,105.05,106.84,108.12,109.30,109.93,105.20,93.77,51.12,0.00,0.00,0.00,0.00,0.00
8/28/2016,8,28,0.00,0.00,0.00,0.00,0.00,0.00,1.55,36.06,85.06,99.24,104.57,104.38,106.89,108.12,109.30,109.93,105.20,93.77,51.12,0.00,0.00,0.00,0.00,0.00
8/29/2016,8,29,0.00,0.00,0.00,0.00,0.00,0.00,1.55,30.50,85.06,100.33,105.01,107.24,107.91,108.12,109.30,109.93,105.20,93.77,51.12,0.00,0.00,0.00,0.00,0.00
8/30/2016,8,30,0.00,0.00,0.00,0.00,0.00,0.00,1.24,30.50,85.06,100.33,105.01,107.24,107.91,108.12,109.30,109.93,105.20,93.77,51.12,0.00,0.00,0.00,0.00,0.00
8/31/2016,8,31,0.00,0.00,0.00,0.00,0.00,0.00,0.97,30.50,85.06,100.33,105.01,107.24,107.91,105.42,106.79,105.28,99.63,90.86,50.62,0.00,0.00,0.00,0.00,0.00
9/1/2016,9,1,0.00,0.00,0.00,0.00,0.00,0.00,0.97,30.50,85.06,100.33,105.01,107.24,107.91,105.42,106.79,105.28,99.63,90.86,50.62,0.00,0.00,0.00,0.00,0.00
9/2/2016,9,2,0.00,0.00,0.00,0.00,0.00,0.00,0.97,30.50,85.06,102.38,106.17,107.81,108.74,107.54,106.79,105.28,99.63,90.86,50.62,0.00,0.00,0.00,0.00,0.00
9/3/2016,9,3,0.00,0.00,0.00,0.00,0.00,0.00,0.97,30.50,85.06,102.38,106.17,107.81,108.74,107.81,107.01,105.28,99.63,90.13,36.38,0.00,0.00,0.00,0.00,0.00
9/4/2016,9,4,0.00,0.00,0.00,0.00,0.00,0.00,0.97,29.35,84.20,102.38,106.17,107.81,108.74,107.81,107.01,105.28,99.63,90.13,36.38,0.00,0.00,0.00,0.00,0.00
9/5/2016,9,5,0.00,0.00,0.00,0.00,0.00,0.00,1.46,29.35,84.20,102.38,106.17,107.81,108.74,107.81,107.01,105.76,99.63,90.13,36.38,0.00,0.00,0.00,0.00,0.00
9/6/2016,9,6,0.00,0.00,0.00,0.00,0.00,0.00,1.46,25.70,84.19,102.38,106.17,107.81,108.74,107.81,107.11,105.76,99.23,87.11,32.03,0.00,0.00,0.00,0.00,0.00
9/7/2016,9,7,0.00,0.00,0.00,0.00,0.00,0.00,1.46,25.70,84.19,102.38,106.17,107.81,108.74,107.81,107.11,105.76,98.56,84.10,29.42,0.00,0.00,0.00,0.00,0.00
9/8/2016,9,8,0.00,0.00,0.00,0.00,0.00,0.00,1.46,25.70,84.19,102.38,106.17,107.81,108.74,107.81,107.11,105.76,102.72,86.95,29.42,0.00,0.00,0.00,0.00,0.00
9/9/2016,9,9,0.00,0.00,0.00,0.00,0.00,0.00,1.46,25.70,84.19,101.26,105.65,107.74,108.38,107.81,107.11,105.76,102.72,86.95,29.42,0.00,0.00,0.00,0.00,0.00
9/10/2016,9,10,0.00,0.00,0.00,0.00,0.00,0.00,1.46,25.70,84.19,101.26,105.65,107.39,108.02,106.26,107.11,105.76,102.72,86.95,29.42,0.00,0.00,0.00,0.00,0.00
9/11/2016,9,11,0.00,0.00,0.00,0.00,0.00,0.00,1.46,25.70,82.79,101.26,105.65,107.39,108.02,106.26,107.11,105.76,102.72,86.95,29.42,0.00,0.00,0.00,0.00,0.00
9/12/2016,9,12,0.00,0.00,0.00,0.00,0.00,0.00,1.24,25.70,82.79,99.30,103.34,107.39,108.02,106.26,107.11,105.76,102.72,86.95,29.42,0.00,0.00,0.00,0.00,0.00
9/13/2016,9,13,0.00,0.00,0.00,0.00,0.00,0.00,1.24,23.11,82.79,99.30,104.74,107.39,107.46,106.26,106.91,105.76,102.72,86.95,29.42,0.00,0.00,0.00,0.00,0.00
9/14/2016,9,14,0.00,0.00,0.00,0.00,0.00,0.00,1.24,23.11,82.79,98.53,104.74,107.39,107.46,106.26,106.15,105.76,102.72,86.95,28.44,0.00,0.00,0.00,0.00,0.00
9/15/2016,9,15,0.00,0.00,0.00,0.00,0.00,0.00,1.16,16.37,76.78,93.09,99.71,103.05,105.53,105.53,105.84,102.70,98.97,86.95,27.88,0.00,0.00,0.00,0.00,0.00
9/16/2016,9,16,0.00,0.00,0.00,0.00,0.00,0.00,1.20,16.37,76.78,93.09,92.53,83.43,103.37,100.74,89.36,90.82,99.60,86.95,27.88,0.00,0.00,0.00,0.00,0.00
9/17/2016,9,17,0.00,0.00,0.00,0.00,0.00,0.00,1.20,6.56,29.88,65.04,69.74,83.43,103.37,100.74,68.15,94.37,99.60,86.95,27.88,0.00,0.00,0.00,0.00,0.00
9/18/2016,9,18,0.00,0.00,0.00,0.00,0.00,0.00,1.20,5.68,71.55,103.22,108.17,110.97,103.37,106.68,87.29,94.37,99.60,78.49,27.88,0.00,0.00,0.00,0.00,0.00
9/19/2016,9,19,0.00,0.00,0.00,0.00,0.00,0.00,1.20,5.68,71.55,103.22,108.17,110.97,103.37,106.68,94.33,94.37,99.60,78.49,26.71,0.00,0.00,0.00,0.00,0.00
9/20/2016,9,20,0.00,0.00,0.00,0.00,0.00,0.00,1.20,6.25,71.55,103.22,108.17,110.97,103.37,109.59,110.18,100.65,99.60,78.49,26.71,0.00,0.00,0.00,0.00,0.00
9/21/2016,9,21,0.00,0.00,0.00,0.00,0.00,0.00,1.20,6.25,71.55,104.67,110.77,112.52,112.88,112.07,112.08,110.40,105.41,83.26,19.82,0.00,0.00,0.00,0.00,0.00
9/22/2016,9,22,0.00,0.00,0.00,0.00,0.00,0.00,1.20,6.25,71.55,104.67,110.77,112.52,112.88,112.07,112.08,110.40,105.41,83.26,19.82,0.00,0.00,0.00,0.00,0.00
9/23/2016,9,23,0.00,0.00,0.00,0.00,0.00,0.00,1.08,17.60,78.49,104.67,110.77,112.52,112.88,112.07,112.08,110.40,105.41,83.26,20.14,0.00,0.00,0.00,0.00,0.00
9/24/2016,9,24,0.00,0.00,0.00,0.00,0.00,0.00,1.08,17.60,78.49,104.67,110.77,112.52,113.09,114.00,115.10,110.40,108.76,83.68,20.14,0.00,0.00,0.00,0.00,0.00
9/25/2016,9,25,0.00,0.00,0.00,0.00,0.00,0.00,1.08,17.60,78.49,107.77,112.67,114.27,115.05,114.00,115.10,111.16,108.76,83.68,20.14,0.00,0.00,0.00,0.00,0.00
9/26/2016,9,26,0.00,0.00,0.00,0.00,0.00,0.00,1.08,17.60,78.49,107.77,112.67,114.94,116.09,114.00,115.10,111.29,108.76,83.68,20.14,0.00,0.00,0.00,0.00,0.00
9/27/2016,9,27,0.00,0.00,0.00,0.00,0.00,0.00,1.08,21.20,88.26,110.92,114.45,116.49,116.09,114.00,115.10,111.29,108.76,83.68,20.14,0.00,0.00,0.00,0.00,0.00
9/28/2016,9,28,0.00,0.00,0.00,0.00,0.00,0.00,1.08,21.20,88.26,110.92,114.45,116.49,116.09,114.00,115.10,111.29,108.76,83.68,20.14,0.00,0.00,0.00,0.00,0.00
9/29/2016,9,29,0.00,0.00,0.00,0.00,0.00,0.00,1.23,21.20,88.26,110.92,114.45,116.89,116.77,115.26,115.10,112.73,108.76,83.68,19.28,0.00,0.00,0.00,0.00,0.00
9/30/2016,9,30,0.00,0.00,0.00,0.00,0.00,0.00,1.23,21.20,88.26,110.92,114.45,116.89,116.77,115.26,115.10,113.06,108.76,83.68,19.28,0.00,0.00,0.00,0.00,0.00
10/1/2016,10,1,0.00,0.00,0.00,0.00,0.00,0.00,1.23,21.20,88.26,110.92,114.45,116.89,116.77,115.26,114.66,113.06,107.50,81.69,18.01,0.00,0.00,0.00,0.00,0.00
10/2/2016,10,2,0.00,0.00,0.00,0.00,0.00,0.00,1.23,21.20,88.26,110.92,114.45,116.89,116.77,115.26,114.66,113.06,107.50,81.69,16.98,0.00,0.00,0.00,0.00,0.00
10/3/2016,10,3,0.00,0.00,0.00,0.00,0.00,0.00,1.23,21.20,88.26,110.92,114.45,116.89,116.77,115.26,114.66,113.06,107.50,81.69,16.26,0.00,0.00,0.00,0.00,0.00
10/4/2016,10,4,0.00,0.00,0.00,0.00,0.00,0.00,1.23,18.75,84.74,109.17,114.36,116.89,116.77,115.26,114.66,113.06,107.50,77.84,14.17,0.00,0.00,0.00,0.00,0.00
10/5/2016,10,5,0.00,0.00,0.00,0.00,0.00,0.00,1.23,18.06,83.29,109.17,114.36,116.89,116.77,115.26,115.37,113.06,107.50,77.84,14.17,0.00,0.00,0.00,0.00,0.00
10/6/2016,10,6,0.00,0.00,0.00,0.00,0.00,0.00,1.42,18.06,83.29,108.45,113.60,116.27,116.62,115.26,115.37,113.06,107.50,72.69,10.79,0.00,0.00,0.00,0.00,0.00
10/7/2016,10,7,0.00,0.00,0.00,0.00,0.00,0.00,1.42,17.25,83.05,107.19,113.60,116.27,116.62,115.26,115.37,110.94,106.09,72.69,10.79,0.00,0.00,0.00,0.00,0.00
10/8/2016,10,8,0.00,0.00,0.00,0.00,0.00,0.00,1.42,16.97,81.72,107.19,113.60,116.27,116.62,115.26,115.37,110.94,106.09,71.27,10.79,0.00,0.00,0.00,0.00,0.00
10/9/2016,10,9,0.00,0.00,0.00,0.00,0.00,0.00,1.42,16.42,81.72,107.19,113.60,116.27,116.62,115.26,115.37,110.94,106.09,68.79,9.31,0.00,0.00,0.00,0.00,0.00
10/10/2016,10,10,0.00,0.00,0.00,0.00,0.00,0.00,1.42,15.44,79.24,107.19,113.60,116.27,116.62,114.96,115.37,110.94,106.09,64.32,7.29,0.00,0.00,0.00,0.00,0.00
10/11/2016,10,11,0.00,0.00,0.00,0.00,0.00,0.00,1.42,13.99,79.24,107.19,113.60,116.27,116.62,115.26,115.37,110.94,103.63,64.32,7.29,0.00,0.00,0.00,0.00,0.00
10/12/2016,10,12,0.00,0.00,0.00,0.00,0.00,0.00,1.42,13.99,78.02,107.06,113.01,115.92,115.77,114.59,113.90,110.75,103.63,64.32,7.29,0.00,0.00,0.00,0.00,0.00
10/13/2016,10,13,0.00,0.00,0.00,0.00,0.00,0.00,1.06,13.99,78.02,107.06,113.01,115.31,115.22,114.45,114.26,110.06,103.63,64.32,7.16,0.00,0.00,0.00,0.00,0.00
10/14/2016,10,14,0.00,0.00,0.00,0.00,0.00,0.00,1.06,12.94,77.22,106.71,111.15,113.97,112.50,114.45,114.26,109.42,102.35,58.12,4.69,0.00,0.00,0.00,0.00,0.00
10/15/2016,10,15,0.00,0.00,0.00,0.00,0.00,0.00,1.32,10.04,70.47,103.89,111.15,113.97,110.38,114.45,114.26,109.42,102.35,58.12,4.69,0.00,0.00,0.00,0.00,0.00
10/16/2016,10,16,0.00,0.00,0.00,0.00,0.00,0.00,1.32,10.04,70.47,103.89,111.15,114.84,110.38,114.45,114.26,108.31,102.35,51.86,4.39,0.00,0.00,0.00,0.00,0.00
10/17/2016,10,17,0.00,0.00,0.00,0.00,0.00,0.00,1.32,8.79,67.76,103.89,111.15,114.84,109.31,114.45,114.26,109.42,102.35,51.86,4.00,0.00,0.00,0.00,0.00,0.00
10/18/2016,10,18,0.00,0.00,0.00,0.00,0.00,0.00,1.32,8.22,67.76,103.89,111.15,115.42,116.59,115.21,115.07,109.42,102.35,51.86,4.00,0.00,0.00,0.00,0.00,0.00
10/19/2016,10,19,0.00,0.00,0.00,0.00,0.00,0.00,1.32,8.22,67.76,103.89,110.50,115.42,116.59,115.21,115.07,109.61,102.35,51.86,3.76,0.00,0.00,0.00,0.00,0.00
10/20/2016,10,20,0.00,0.00,0.00,0.00,0.00,0.00,1.32,8.22,67.76,103.89,110.50,115.42,116.59,115.21,115.07,109.61,101.14,47.37,2.59,0.00,0.00,0.00,0.00,0.00
10/21/2016,10,21,0.00,0.00,0.00,0.00,0.00,0.00,1.32,5.57,63.10,101.89,109.31,115.42,116.59,115.21,115.07,109.61,101.14,47.37,2.59,0.00,0.00,0.00,0.00,0.00
10/22/2016,10,22,0.00,0.00,0.00,0.00,0.00,0.00,1.26,5.57,63.10,101.89,109.31,115.42,116.59,115.21,115.07,109.61,101.14,44.33,2.19,0.00,0.00,0.00,0.00,0.00
10/23/2016,10,23,0.00,0.00,0.00,0.00,0.00,0.00,1.26,5.57,64.98,105.14,109.55,115.42,116.59,115.21,115.07,109.61,101.14,44.33,2.19,0.00,0.00,0.00,0.00,0.00
10/24/2016,10,24,0.00,0.00,0.00,0.00,0.00,0.00,1.26,5.57,64.98,105.14,109.55,113.07,116.59,115.21,115.07,109.61,101.14,44.33,1.90,0.00,0.00,0.00,0.00,0.00
10/25/2016,10,25,0.00,0.00,0.00,0.00,0.00,0.00,1.26,5.57,64.98,105.14,109.55,115.02,116.56,115.06,114.31,109.61,101.14,44.33,1.90,0.00,0.00,0.00,0.00,0.00
10/26/2016,10,26,0.00,0.00,0.00,0.00,0.00,0.00,1.26,5.20,64.98,105.14,109.55,115.02,116.56,115.06,112.67,109.04,99.33,42.14,1.70,0.00,0.00,0.00,0.00,0.00
10/27/2016,10,27,0.00,0.00,0.00,0.00,0.00,0.00,0.58,5.20,64.98,105.14,109.55,115.02,116.56,115.06,112.67,108.50,98.04,37.53,1.70,0.00,0.00,0.00,0.00,0.00
10/28/2016,10,28,0.00,0.00,0.00,0.00,0.00,0.00,0.60,5.20,64.98,105.14,109.55,115.02,116.56,115.06,112.67,108.50,98.04,37.53,1.70,0.00,0.00,0.00,0.00,0.00
10/29/2016,10,29,0.00,0.00,0.00,0.00,0.00,0.00,0.60,5.20,64.98,105.14,109.55,115.02,116.04,114.89,112.29,108.50,98.04,37.02,1.39,0.00,0.00,0.00,0.00,0.00
10/30/2016,10,30,0.00,0.00,0.00,0.00,0.00,0.00,0.60,3.79,62.53,104.16,109.05,114.06,115.35,114.12,111.88,107.73,96.17,34.01,1.39,0.00,0.00,0.00,0.00,0.00
10/31/2016,10,31,0.00,0.00,0.00,0.00,0.00,0.00,1.53,2.42,53.84,104.16,108.66,112.43,113.88,112.57,110.50,105.72,92.77,28.96,1.39,0.00,0.00,0.00,0.00,0.00
11/1/2016,11,1,0.00,0.00,0.00,0.00,0.00,0.00,1.53,2.42,53.84,104.16,108.66,115.82,117.67,115.44,111.98,106.18,92.77,28.96,1.83,0.00,0.00,0.00,0.00,0.00
11/2/2016,11,2,0.00,0.00,0.00,0.00,0.00,0.00,1.53,2.42,53.84,104.16,108.66,115.82,117.92,117.14,113.63,108.10,92.77,28.96,1.83,0.00,0.00,0.00,0.00,0.00
11/3/2016,11,3,0.00,0.00,0.00,0.00,0.00,0.00,1.53,2.42,53.84,104.16,108.66,115.82,117.92,117.14,113.63,108.10,91.44,26.38,1.83,0.00,0.00,0.00,0.00,0.00
11/4/2016,11,4,0.00,0.00,0.00,0.00,0.00,0.00,1.53,2.42,53.84,104.16,108.66,115.82,117.92,117.14,113.63,108.10,91.44,25.73,1.83,0.00,0.00,0.00,0.00,0.00
11/5/2016,11,5,0.00,0.00,0.00,0.00,0.00,0.00,1.53,2.42,53.84,104.16,108.66,115.82,117.92,117.14,113.63,108.10,90.01,25.73,1.83,0.00,0.00,0.00,0.00,0.00
11/6/2016,11,6,0.00,0.00,0.00,0.00,0.00,0.00,1.53,1.31,45.59,100.77,107.56,115.82,117.92,117.14,113.63,108.10,90.01,25.73,1.83,0.00,0.00,0.00,0.00,0.00
11/7/2016,11,7,0.00,0.00,0.00,0.00,0.00,0.00,1.29,1.31,45.59,100.77,107.56,115.82,117.92,117.14,113.63,108.10,90.01,25.73,1.83,0.00,0.00,0.00,0.00,0.00
11/8/2016,11,8,0.00,0.00,0.00,0.00,0.00,0.00,1.29,1.31,45.59,100.30,106.03,113.48,117.92,117.14,113.63,108.10,90.01,25.73,1.28,0.00,0.00,0.00,0.00,0.00
11/9/2016,11,9,0.00,0.00,0.00,0.00,0.00,0.00,0.59,1.31,45.59,100.30,106.03,113.48,116.58,115.10,111.22,106.08,89.67,23.81,1.16,0.00,0.00,0.00,0.00,0.00
11/10/2016,11,10,0.00,0.00,0.00,0.00,0.00,0.00,0.59,1.13,40.87,99.14,105.83,113.06,116.58,114.81,110.98,104.56,84.54,22.00,1.16,0.00,0.00,0.00,0.00,0.00
11/11/2016,11,11,0.00,0.00,0.00,0.00,0.00,0.00,0.59,1.13,40.87,99.14,105.83,112.99,116.58,114.81,110.98,104.56,84.54,19.54,1.16,0.00,0.00,0.00,0.00,0.00
11/12/2016,11,12,0.00,0.00,0.00,0.00,0.00,0.00,0.59,1.13,40.87,99.14,105.83,112.99,116.58,114.81,110.98,104.56,84.54,19.54,1.16,0.00,0.00,0.00,0.00,0.00
11/13/2016,11,13,0.00,0.00,0.00,0.00,0.00,0.00,0.59,1.13,40.87,99.14,105.83,112.99,116.58,114.81,110.98,104.56,84.54,19.54,1.16,0.00,0.00,0.00,0.00,0.00
11/14/2016,11,14,0.00,0.00,0.00,0.00,0.00,0.00,0.58,0.76,40.87,99.14,105.83,112.99,115.11,114.35,108.21,102.98,82.19,17.93,1.07,0.00,0.00,0.00,0.00,0.00
11/15/2016,11,15,0.00,0.00,0.00,0.00,0.00,0.00,0.58,0.73,38.64,98.11,105.21,112.99,115.11,114.35,108.21,102.98,82.19,17.93,1.07,0.00,0.00,0.00,0.00,0.00
11/16/2016,11,16,0.00,0.00,0.00,0.00,0.00,0.00,0.58,0.73,38.64,97.25,104.53,112.07,115.04,114.35,108.21,102.98,82.19,17.34,1.14,0.00,0.00,0.00,0.00,0.00
11/17/2016,11,17,0.00,0.00,0.00,0.00,0.00,0.00,0.58,1.40,36.69,96.62,104.53,111.51,114.99,114.35,108.21,102.85,80.14,16.38,1.14,0.00,0.00,0.00,0.00,0.00
11/18/2016,11,18,0.00,0.00,0.00,0.00,0.00,0.00,0.59,1.40,35.92,96.20,103.78,111.28,114.99,114.35,108.21,102.65,80.07,16.04,1.14,0.00,0.00,0.00,0.00,0.00
11/19/2016,11,19,0.00,0.00,0.00,0.00,0.00,0.00,0.59,1.40,34.11,94.86,102.40,109.63,116.09,113.97,106.58,101.11,78.52,15.74,1.14,0.00,0.00,0.00,0.00,0.00
11/20/2016,11,20,0.00,0.00,0.00,0.00,0.00,0.00,0.59,1.40,24.63,86.98,101.89,108.33,116.09,113.97,106.58,100.86,75.61,12.02,1.14,0.00,0.00,0.00,0.00,0.00
11/21/2016,11,21,0.00,0.00,0.00,0.00,0.00,0.00,0.59,1.40,24.63,86.98,100.13,108.33,116.09,113.97,106.58,100.86,75.61,12.02,1.14,0.00,0.00,0.00,0.00,0.00
11/22/2016,11,22,0.00,0.00,0.00,0.00,0.00,0.00,0.59,1.40,24.63,86.98,100.13,108.33,116.09,113.82,105.41,99.57,72.90,12.02,1.62,0.00,0.00,0.00,0.00,0.00
11/23/2016,11,23,0.00,0.00,0.00,0.00,0.00,0.00,0.59,1.40,24.63,86.98,100.13,108.33,116.09,113.82,105.41,99.57,72.90,12.02,1.62,0.00,0.00,0.00,0.00,0.00
11/24/2016,11,24,0.00,0.00,0.00,0.00,0.00,0.00,0.59,1.06,24.63,86.98,100.13,108.33,116.09,113.82,105.41,99.57,72.90,12.02,1.62,0.00,0.00,0.00,0.00,0.00
11/25/2016,11,25,0.00,0.00,0.00,0.00,0.00,0.00,0.58,1.06,12.71,76.82,99.67,108.33,116.09,113.82,104.71,99.57,72.61,11.43,1.62,0.00,0.00,0.00,0.00,0.00
11/26/2016,11,26,0.00,0.00,0.00,0.00,0.00,0.00,0.58,1.06,12.71,53.34,90.43,102.79,92.71,97.15,100.61,82.83,44.65,9.41,1.62,0.00,0.00,0.00,0.00,0.00
11/27/2016,11,27,0.00,0.00,0.00,0.00,0.00,0.00,0.58,1.06,5.76,53.34,90.43,102.79,115.31,114.28,105.39,99.35,67.84,9.41,1.62,0.00,0.00,0.00,0.00,0.00
11/28/2016,11,28,0.00,0.00,0.00,0.00,0.00,0.00,0.60,1.06,3.98,53.34,90.43,102.79,115.31,114.28,105.39,99.35,67.84,9.41,1.62,0.00,0.00,0.00,0.00,0.00
11/29/2016,11,29,0.00,0.00,0.00,0.00,0.00,0.00,0.61,1.06,3.98,51.93,90.43,102.79,115.31,114.28,105.39,99.35,67.84,9.41,0.78,0.00,0.00,0.00,0.00,0.00
11/30/2016,11,30,0.00,0.00,0.00,0.00,0.00,0.00,0.63,0.64,3.98,51.93,90.43,102.79,115.31,114.28,105.39,99.35,67.84,9.41,0.78,0.00,0.00,0.00,0.00,0.00
12/1/2016,12,1,0.00,0.00,0.00,0.00,0.00,0.00,0.63,0.64,3.98,51.93,90.43,102.79,115.31,114.28,105.39,99.35,67.84,9.41,0.78,0.00,0.00,0.00,0.00,0.00
12/2/2016,12,2,0.00,0.00,0.00,0.00,0.00,0.00,0.63,0.64,3.98,51.93,90.43,102.79,115.31,114.28,105.39,99.35,67.84,9.41,0.85,0.00,0.00,0.00,0.00,0.00
12/3/2016,12,3,0.00,0.00,0.00,0.00,0.00,0.00,0.63,0.64,0.93,12.71,75.63,98.16,115.31,114.28,105.39,99.35,67.84,9.19,0.85,0.00,0.00,0.00,0.00,0.00
12/4/2016,12,4,0.00,0.00,0.00,0.00,0.00,0.00,0.63,0.64,0.93,31.45,86.30,100.52,110.78,108.65,102.68,97.93,64.38,8.67,0.85,0.00,0.00,0.00,0.00,0.00
12/5/2016,12,5,0.00,0.00,0.00,0.00,0.00,0.00,0.63,0.80,1.29,31.45,86.30,100.52,110.78,108.65,102.68,97.93,62.94,8.67,0.85,0.00,0.00,0.00,0.00,0.00
12/6/2016,12,6,0.00,0.00,0.00,0.00,0.00,0.00,0.63,0.80,1.29,57.66,97.46,105.06,114.67,112.82,103.45,98.44,65.41,8.67,0.85,0.00,0.00,0.00,0.00,0.00
12/7/2016,12,7,0.00,0.00,0.00,0.00,0.00,0.00,0.71,0.80,1.41,57.66,97.46,105.06,114.67,112.82,103.45,98.44,65.41,8.12,0.85,0.00,0.00,0.00,0.00,0.00
12/8/2016,12,8,0.00,0.00,0.00,0.00,0.00,0.00,0.71,0.80,1.41,57.66,97.46,105.06,114.67,112.82,103.45,98.44,65.41,7.98,1.02,0.00,0.00,0.00,0.00,0.00
12/9/2016,12,9,0.00,0.00,0.00,0.00,0.00,0.00,0.71,1.22,1.85,57.66,97.46,105.06,114.67,112.82,103.45,98.44,65.41,8.63,1.02,0.00,0.00,0.00,0.00,0.00
12/10/2016,12,10,0.00,0.00,0.00,0.00,0.00,0.00,0.75,1.22,3.16,57.66,97.46,105.06,114.67,112.82,103.45,98.44,65.41,8.63,1.02,0.00,0.00,0.00,0.00,0.00
12/11/2016,12,11,0.00,0.00,0.00,0.00,0.00,0.00,0.78,1.22,6.56,61.32,97.46,105.06,114.67,112.82,103.45,98.44,65.62,8.63,1.02,0.00,0.00,0.00,0.00,0.00
12/12/2016,12,12,0.00,0.00,0.00,0.00,0.00,0.00,0.78,1.22,6.56,61.32,97.46,105.06,114.67,112.82,103.45,98.44,65.62,8.63,1.02,0.00,0.00,0.00,0.00,0.00
12/13/2016,12,13,0.00,0.00,0.00,0.00,0.00,0.00,0.78,1.22,6.56,61.32,94.87,103.06,112.80,111.36,102.89,97.92,65.62,8.63,1.02,0.00,0.00,0.00,0.00,0.00
12/14/2016,12,14,0.00,0.00,0.00,0.00,0.00,0.00,0.78,1.22,6.56,61.32,94.87,102.74,112.33,110.69,102.89,97.92,65.62,8.63,1.02,0.00,0.00,0.00,0.00,0.00
12/15/2016,12,15,0.00,0.00,0.00,0.00,0.00,0.00,0.78,1.22,6.56,61.32,94.87,102.74,111.98,110.69,102.89,97.92,65.75,8.63,0.89,0.00,0.00,0.00,0.00,0.00
12/16/2016,12,16,0.00,0.00,0.00,0.00,0.00,0.00,0.78,0.78,6.56,61.32,94.87,102.74,111.98,110.69,102.89,97.92,67.19,8.91,0.84,0.00,0.00,0.00,0.00,0.00
12/17/2016,12,17,0.00,0.00,0.00,0.00,0.00,0.00,0.78,0.78,6.56,61.32,94.87,102.74,111.98,110.69,102.89,97.92,67.19,8.91,0.84,0.00,0.00,0.00,0.00,0.00
12/18/2016,12,18,0.00,0.00,0.00,0.00,0.00,0.00,0.74,0.76,1.72,42.69,92.55,102.51,111.16,109.56,101.87,97.01,67.19,8.91,0.77,0.00,0.00,0.00,0.00,0.00
12/19/2016,12,19,0.00,0.00,0.00,0.00,0.00,0.00,0.74,0.76,1.72,35.38,87.31,102.51,111.16,109.22,101.87,97.01,67.19,8.91,0.77,0.00,0.00,0.00,0.00,0.00
12/20/2016,12,20,0.00,0.00,0.00,0.00,0.00,0.00,0.73,0.74,1.32,35.38,87.31,100.93,109.89,109.22,101.87,97.01,67.19,8.91,0.77,0.00,0.00,0.00,0.00,0.00
12/21/2016,12,21,0.00,0.00,0.00,0.00,0.00,0.00,0.67,0.70,1.32,35.38,87.31,100.93,108.65,109.22,101.64,97.01,67.19,8.91,0.77,0.00,0.00,0.00,0.00,0.00
12/22/2016,12,22,0.00,0.00,0.00,0.00,0.00,0.00,0.66,0.70,1.32,35.38,87.31,100.93,108.65,109.22,101.64,97.01,67.19,8.91,0.77,0.00,0.00,0.00,0.00,0.00
12/23/2016,12,23,0.00,0.00,0.00,0.00,0.00,0.00,0.66,0.70,2.30,43.22,88.64,100.93,108.55,108.41,101.38,95.81,66.17,8.91,0.75,0.00,0.00,0.00,0.00,0.00
12/24/2016,12,24,0.00,0.00,0.00,0.00,0.00,0.00,0.66,0.70,2.30,43.22,88.64,99.44,106.29,107.39,100.80,95.88,87.27,86.15,31.23,0.00,0.00,0.00,0.00,0.00
12/25/2016,12,25,0.00,0.00,0.00,0.00,0.00,0.00,0.62,0.61,2.30,43.22,88.64,99.44,106.29,111.36,112.36,103.21,87.27,86.15,31.23,0.00,0.00,0.00,0.00,0.00
12/26/2016,12,26,0.00,0.00,0.00,0.00,0.00,0.00,0.62,0.61,2.30,43.22,88.64,99.44,106.29,111.36,112.36,105.25,88.32,86.15,31.23,0.00,0.00,0.00,0.00,0.00
12/27/2016,12,27,0.00,0.00,0.00,0.00,0.00,0.00,0.62,0.61,2.30,43.22,88.64,99.44,106.29,111.36,112.36,105.25,88.32,86.15,31.23,0.00,0.00,0.00,0.00,0.00
12/28/2016,12,28,0.00,0.00,0.00,0.00,0.00,0.00,0.62,0.61,2.30,43.22,88.64,99.44,106.29,111.36,112.36,105.25,88.32,86.15,31.23,0.00,0.00,0.00,0.00,0.00
12/29/2016,12,29,0.00,0.00,0.00,0.00,0.00,0.00,0.62,0.61,2.30,43.22,88.64,99.44,106.29,111.36,112.36,105.25,88.32,86.15,31.23,0.00,0.00,0.00,0.00,0.00
12/30/2016,12,30,0.00,0.00,0.00,0.00,0.00,0.00,0.62,0.61,2.30,43.22,88.64,99.44,106.29,111.36,112.36,105.25,88.32,86.15,31.23,0.00,0.00,0.00,0.00,0.00
12/31/2016,12,31,0.00,0.00,0.00,0.00,0.00,0.00,0.62,0.61,2.30,43.22,88.64,99.44,106.29,111.36,112.36,105.25,88.32,86.15,31.23,0.00,0.00,0.00,0.00,0.00
1/1/2016,1,1,0.00,0.00,0.00,0.00,0.00,0.00,0.26,0.25,0.96,18.00,36.92,41.42,44.27,46.38,46.80,43.84,36.79,35.88,13.01,0.00,0.00,0.00,0.00,0.00
1/2/2016,1,2,0.00,0.00,0.00,0.00,0.00,0.00,0.26,0.25,0.96,18.00,36.92,41.42,44.27,46.38,47,44,36.79,35.88,13.01,0.00,0.00,0.00,0.00,0.00
1/3/2016,1,3,0.00,0.00,0.00,0.00,0.00,0.00,0.26,0.25,0.96,18.00,36.92,41.42,44.27,46.38,47,44,36.79,35.88,13.01,0.00,0.00,0.00,0.00,0.00
1/4/2016,1,4,0.00,0.00,0.00,0.00,0.00,0.00,0.26,0.25,0.96,18.00,36.92,41.42,44.27,46.38,47,44,36.79,35.88,13.01,0.00,0.00,0.00,0.00,0.00
1/5/2016,1,5,0.00,0.00,0.00,0.00,0.00,0.00,0.26,0.25,0.96,18.00,36.92,41.42,44.27,46.38,47,44,36.79,35.88,13.01,0.00,0.00,0.00,0.00,0.00
1/6/2016,1,6,0.00,0.00,0.00,0.00,0.00,0.00,0.26,0.25,0.96,18.00,36.92,41.42,44.27,46.38,47,44,36.79,35.88,13.01,0.00,0.00,0.00,0.00,0.00
1/7/2016,1,7,0.00,0.00,0.00,0.00,0.00,0.00,0.26,0.25,0.96,18.00,36.92,41.42,44.27,46.38,47,44,36.79,35.88,13.01,0.00,0.00,0.00,0.00,0.00
1/8/2016,1,8,0.00,0.00,0.00,0.00,0.00,0.00,0.26,0.25,0.96,18.00,36.92,41.42,44.27,46.38,47,44,36.79,35.88,13.01,0.00,0.00,0.00,0.00,0.00
1/9/2016,1,9,0.00,0.00,0.00,0.00,0.00,0.00,0.26,0.25,0.96,18.00,36.92,41.42,44.27,46.38,47,44,36.79,35.88,13.01,0.00,0.00,0.00,0.00,0.00
1/10/2016,1,10,0.00,0.00,0.00,0.00,0.00,0.00,0.26,0.25,0.96,18.00,36.92,41.42,44.27,46.38,47,44,36.79,35.88,13.01,0.00,0.00,0.00,0.00,0.00
1/11/2016,1,11,0.00,0.00,0.00,0.00,0.00,0.00,0.26,0.25,0.96,18.00,36.92,41.42,44.27,46.38,47,44,36.79,35.88,13.01,0.00,0.00,0.00,0.00,0.00
1/12/2016,1,12,0.00,0.00,0.00,0.00,0.00,0.00,0.26,0.25,0.96,18.00,36.92,41.42,44.27,46.38,47,44,36.79,35.88,13.01,0.00,0.00,0.00,0.00,0.00
1/13/2016,1,13,0.00,0.00,0.00,0.00,0.00,0.00,0.26,0.25,0.96,18.00,36.92,41.42,44.27,46.38,47,44,36.79,35.88,13.01,0.00,0.00,0.00,0.00,0.00
1/14/2016,1,14,0.00,0.00,0.00,0.00,0.00,0.00,0.26,0.25,0.96,18.00,36.92,41.42,44.27,46.38,47,44,36.79,35.88,13.01,0.00,0.00,0.00,0.00,0.00
1/15/2016,1,15,0.00,0.00,0.00,0.00,0.00,0.00,0.26,0.25,0.96,18.00,36.92,41.42,44.27,46.38,47,44,36.79,35.88,13.01,0.00,0.00,0.00,0.00,0.00
1/16/2016,1,16,0.00,0.00,0.00,0.00,0.00,0.00,0.26,0.25,0.96,18.00,36.92,41.42,44.27,46.38,47,44,36.79,35.88,13.01,0.00,0.00,0.00,0.00,0.00
