Blanca,Month,Day,1,2,3,4,5,6,7,8,9,10,11,12,13,14,15,16,17,18,19,20,21,22,23,24
1/1/2016,1,1,0.00,0.00,0.00,0.00,0.00,0.00,0.17,0.17,0.44,11.74,23.91,26.64,28.90,30.09,27.72,26.05,19.15,3.28,0.15,0.00,0.00,0.00,0.00,0.00
1/2/2016,1,2,0.00,0.00,0.00,0.00,0.00,0.00,0.17,0.17,0.33,6.36,16.38,26.48,28.90,30.09,27.72,26.05,19.15,3.51,0.15,0.00,0.00,0.00,0.00,0.00
1/3/2016,1,3,0.00,0.00,0.00,0.00,0.00,0.00,0.17,0.17,0.33,6.36,16.38,26.48,28.90,30.16,27.72,26.05,20.04,3.88,0.16,0.00,0.00,0.00,0.00,0.00
1/4/2016,1,4,0.00,0.00,0.00,0.00,0.00,0.00,0.18,0.18,0.33,6.36,16.38,27.06,29.76,30.74,28.40,26.65,21.17,4.42,0.24,0.00,0.00,0.00,0.00,0.00
1/5/2016,1,5,0.00,0.00,0.00,0.00,0.00,0.00,0.18,0.18,0.39,6.36,16.38,27.49,30.12,30.92,28.96,27.43,21.81,4.42,0.24,0.00,0.00,0.00,0.00,0.00
1/6/2016,1,6,0.00,0.00,0.00,0.00,0.00,0.00,0.18,0.18,0.40,7.71,20.98,27.75,30.12,30.92,29.01,27.43,22.00,4.91,0.32,0.00,0.00,0.00,0.00,0.00
1/7/2016,1,7,0.00,0.00,0.00,0.00,0.00,0.00,0.18,0.18,0.40,7.71,20.98,27.75,30.12,30.92,29.18,27.43,22.00,4.91,0.32,0.00,0.00,0.00,0.00,0.00
1/8/2016,1,8,0.00,0.00,0.00,0.00,0.00,0.00,0.18,0.18,0.40,7.71,20.98,27.75,30.12,30.92,29.01,27.43,22.00,4.91,0.32,0.00,0.00,0.00,0.00,0.00
1/9/2016,1,9,0.00,0.00,0.00,0.00,0.00,0.00,0.18,0.18,0.40,7.71,20.98,27.75,30.12,30.92,29.01,27.43,22.00,4.91,0.32,0.00,0.00,0.00,0.00,0.00
1/10/2016,1,10,0.00,0.00,0.00,0.00,0.00,0.00,0.18,0.18,0.40,8.22,23.25,28.23,30.12,30.92,29.01,27.43,22.62,5.82,0.32,0.00,0.00,0.00,0.00,0.00
1/11/2016,1,11,0.00,0.00,0.00,0.00,0.00,0.00,0.18,0.18,0.40,8.22,23.25,28.23,30.12,30.92,29.01,27.43,22.62,5.82,0.32,0.00,0.00,0.00,0.00,0.00
1/12/2016,1,12,0.00,0.00,0.00,0.00,0.00,0.00,0.18,0.18,0.40,8.22,25.45,28.23,29.94,30.91,29.01,27.49,23.35,6.18,0.32,0.00,0.00,0.00,0.00,0.00
1/13/2016,1,13,0.00,0.00,0.00,0.00,0.00,0.00,0.17,0.18,0.75,13.03,25.75,28.56,30.53,30.85,29.47,27.74,23.35,6.18,0.31,0.00,0.00,0.00,0.00,0.00
1/14/2016,1,14,0.00,0.00,0.00,0.00,0.00,0.00,0.18,0.18,0.75,13.03,25.75,28.56,30.53,30.85,29.47,27.74,23.35,6.18,0.31,0.00,0.00,0.00,0.00,0.00
1/15/2016,1,15,0.00,0.00,0.00,0.00,0.00,0.00,0.18,0.18,0.75,13.03,25.75,28.56,30.53,30.85,29.47,27.74,23.35,6.18,0.31,0.00,0.00,0.00,0.00,0.00
1/16/2016,1,16,0.00,0.00,0.00,0.00,0.00,0.00,0.18,0.18,0.75,13.03,25.75,28.56,30.53,30.85,29.47,27.74,23.35,6.18,0.31,0.00,0.00,0.00,0.00,0.00
1/17/2016,1,17,0.00,0.00,0.00,0.00,0.00,0.00,0.18,0.18,0.97,14.96,26.21,28.74,30.89,31.10,30.13,27.75,25.01,7.84,0.29,0.00,0.00,0.00,0.00,0.00
1/18/2016,1,18,0.00,0.00,0.00,0.00,0.00,0.00,0.18,0.18,0.97,14.96,26.21,28.74,30.89,31.10,30.13,28.03,25.39,8.23,0.29,0.00,0.00,0.00,0.00,0.00
1/19/2016,1,19,0.00,0.00,0.00,0.00,0.00,0.00,0.18,0.18,0.97,14.96,26.21,28.74,30.89,31.10,30.13,28.17,25.39,8.62,0.33,0.00,0.00,0.00,0.00,0.00
1/20/2016,1,20,0.00,0.00,0.00,0.00,0.00,0.00,0.18,0.18,0.97,14.96,26.21,28.74,30.89,31.11,30.38,28.17,25.76,8.72,0.47,0.00,0.00,0.00,0.00,0.00
1/21/2016,1,21,0.00,0.00,0.00,0.00,0.00,0.00,0.18,0.18,0.97,14.96,26.21,28.74,31.24,31.11,30.57,28.46,26.20,9.53,0.47,0.00,0.00,0.00,0.00,0.00
1/22/2016,1,22,0.00,0.00,0.00,0.00,0.00,0.00,0.18,0.18,0.97,14.96,26.21,28.74,31.24,31.11,30.57,28.46,26.20,9.75,0.47,0.00,0.00,0.00,0.00,0.00
1/23/2016,1,23,0.00,0.00,0.00,0.00,0.00,0.00,0.17,0.17,0.97,14.96,26.54,29.11,31.24,31.11,30.57,28.77,26.85,10.57,0.52,0.00,0.00,0.00,0.00,0.00
1/24/2016,1,24,0.00,0.00,0.00,0.00,0.00,0.00,0.17,0.17,0.57,11.53,26.54,29.11,31.24,31.11,30.57,28.77,26.85,10.57,0.52,0.00,0.00,0.00,0.00,0.00
1/25/2016,1,25,0.00,0.00,0.00,0.00,0.00,0.00,0.17,0.17,0.57,11.53,26.54,29.11,31.24,31.11,30.57,28.77,26.85,10.57,0.52,0.00,0.00,0.00,0.00,0.00
1/26/2016,1,26,0.00,0.00,0.00,0.00,0.00,0.00,0.17,0.17,0.57,11.53,26.54,29.11,31.24,31.11,30.57,28.77,26.85,10.57,0.52,0.00,0.00,0.00,0.00,0.00
1/27/2016,1,27,0.00,0.00,0.00,0.00,0.00,0.00,0.17,0.17,0.57,11.53,26.54,29.11,31.24,30.99,30.57,28.77,26.85,10.57,0.52,0.00,0.00,0.00,0.00,0.00
1/28/2016,1,28,0.00,0.00,0.00,0.00,0.00,0.00,0.16,0.17,0.57,11.53,26.54,29.11,31.21,30.99,30.80,28.77,27.27,12.28,0.62,0.00,0.00,0.00,0.00,0.00
1/29/2016,1,29,0.00,0.00,0.00,0.00,0.00,0.00,0.16,0.17,0.79,11.53,26.54,29.11,31.21,31.03,30.80,28.77,27.27,12.28,0.62,0.00,0.00,0.00,0.00,0.00
1/30/2016,1,30,0.00,0.00,0.00,0.00,0.00,0.00,0.16,0.17,0.79,11.53,24.38,27.80,31.11,31.03,30.80,27.03,27.27,12.28,0.62,0.00,0.00,0.00,0.00,0.00
1/31/2016,1,31,0.00,0.00,0.00,0.00,0.00,0.00,0.15,0.16,2.52,11.53,29.05,29.26,31.11,31.07,30.95,27.03,27.27,12.28,0.62,0.00,0.00,0.00,0.00,0.00
2/1/2016,2,1,0.00,0.00,0.00,0.00,0.00,0.00,0.15,0.16,2.70,20.13,29.05,30.37,31.06,31.07,30.95,29.30,28.23,13.95,0.82,0.00,0.00,0.00,0.00,0.00
2/2/2016,2,2,0.00,0.00,0.00,0.00,0.00,0.00,0.15,0.16,2.70,20.13,29.05,30.37,31.06,31.07,30.95,29.30,28.29,14.10,0.93,0.00,0.00,0.00,0.00,0.00
2/3/2016,2,3,0.00,0.00,0.00,0.00,0.00,0.00,0.15,0.16,2.70,20.13,29.05,30.37,31.06,31.07,30.95,29.30,28.29,14.10,0.93,0.00,0.00,0.00,0.00,0.00
2/4/2016,2,4,0.00,0.00,0.00,0.00,0.00,0.00,0.15,0.16,2.70,20.13,29.05,30.37,31.06,31.07,30.95,29.30,28.29,14.10,0.93,0.00,0.00,0.00,0.00,0.00
2/5/2016,2,5,0.00,0.00,0.00,0.00,0.00,0.00,0.15,0.16,2.70,20.13,29.05,30.50,31.06,31.09,30.95,29.30,28.29,14.10,0.93,0.00,0.00,0.00,0.00,0.00
2/6/2016,2,6,0.00,0.00,0.00,0.00,0.00,0.00,0.15,0.16,3.82,20.13,29.81,30.85,31.10,31.09,31.06,29.83,29.14,16.08,1.16,0.00,0.00,0.00,0.00,0.00
2/7/2016,2,7,0.00,0.00,0.00,0.00,0.00,0.00,0.14,0.15,3.82,22.06,29.86,30.85,31.10,31.09,31.06,29.83,29.14,16.08,1.16,0.00,0.00,0.00,0.00,0.00
2/8/2016,2,8,0.00,0.00,0.00,0.00,0.00,0.00,0.14,0.15,3.82,22.06,29.86,30.85,31.10,31.09,31.06,29.83,29.14,16.08,1.16,0.00,0.00,0.00,0.00,0.00
2/9/2016,2,9,0.00,0.00,0.00,0.00,0.00,0.00,0.14,0.14,3.82,22.06,29.86,30.85,31.10,31.09,31.06,29.83,29.14,16.08,1.16,0.00,0.00,0.00,0.00,0.00
2/10/2016,2,10,0.00,0.00,0.00,0.00,0.00,0.00,0.14,0.45,3.82,22.06,29.86,30.85,31.10,31.09,31.06,29.83,29.14,16.08,1.16,0.00,0.00,0.00,0.00,0.00
2/11/2016,2,11,0.00,0.00,0.00,0.00,0.00,0.00,0.14,0.45,4.44,22.53,29.86,30.85,31.10,31.09,31.06,29.83,29.14,16.08,1.16,0.00,0.00,0.00,0.00,0.00
2/12/2016,2,12,0.00,0.00,0.00,0.00,0.00,0.00,0.14,0.45,4.44,22.53,29.86,30.85,31.10,31.06,31.06,29.83,29.14,16.08,1.16,0.00,0.00,0.00,0.00,0.00
2/13/2016,2,13,0.00,0.00,0.00,0.00,0.00,0.00,0.14,0.45,4.44,22.53,29.50,30.51,31.08,31.14,31.14,29.75,28.45,17.10,1.81,0.00,0.00,0.00,0.00,0.00
2/14/2016,2,14,0.00,0.00,0.00,0.00,0.00,0.00,0.14,0.45,4.89,23.29,29.41,30.51,31.08,31.14,31.14,29.75,28.66,18.58,1.98,0.00,0.00,0.00,0.00,0.00
2/15/2016,2,15,0.00,0.00,0.00,0.00,0.00,0.00,0.14,0.45,4.89,23.29,29.41,30.51,31.07,31.14,31.14,30.86,30.02,19.36,2.23,0.00,0.00,0.00,0.00,0.00
2/16/2016,2,16,0.00,0.00,0.00,0.00,0.00,0.00,0.15,0.45,4.89,23.29,29.41,30.51,31.07,31.14,31.14,30.86,30.02,19.57,2.41,0.00,0.00,0.00,0.00,0.00
2/17/2016,2,17,0.00,0.00,0.00,0.00,0.00,0.00,0.15,0.34,6.19,24.82,30.28,31.00,31.10,31.14,31.14,30.86,30.02,19.76,2.70,0.00,0.00,0.00,0.00,0.00
2/18/2016,2,18,0.00,0.00,0.00,0.00,0.00,0.00,0.15,0.37,6.19,24.82,30.28,31.00,31.10,31.14,31.14,30.86,30.02,19.76,2.70,0.00,0.00,0.00,0.00,0.00
2/19/2016,2,19,0.00,0.00,0.00,0.00,0.00,0.00,0.29,0.44,7.30,25.65,30.47,31.17,31.10,31.14,31.14,30.86,30.16,20.79,2.98,0.00,0.00,0.00,0.00,0.00
2/20/2016,2,20,0.00,0.00,0.00,0.00,0.00,0.00,0.29,0.44,7.30,25.65,30.47,31.17,31.10,31.10,31.07,30.86,30.16,20.79,2.98,0.00,0.00,0.00,0.00,0.00
2/21/2016,2,21,0.00,0.00,0.00,0.00,0.00,0.00,0.29,0.44,7.30,25.65,30.47,31.17,31.10,31.10,31.07,30.86,30.16,20.79,2.98,0.00,0.00,0.00,0.00,0.00
2/22/2016,2,22,0.00,0.00,0.00,0.00,0.00,0.00,0.29,0.44,7.30,25.65,30.47,31.17,31.10,31.10,31.07,30.84,30.16,20.79,2.98,0.00,0.00,0.00,0.00,0.00
2/23/2016,2,23,0.00,0.00,0.00,0.00,0.00,0.00,0.29,0.44,7.30,25.65,30.47,31.17,31.10,31.10,31.07,30.84,30.16,20.79,2.98,0.00,0.00,0.00,0.00,0.00
2/24/2016,2,24,0.00,0.00,0.00,0.00,0.00,0.00,0.29,0.44,7.30,25.65,30.47,31.17,31.09,31.13,31.05,30.84,30.16,20.79,2.98,0.00,0.00,0.00,0.00,0.00
2/25/2016,2,25,0.00,0.00,0.00,0.00,0.00,0.00,0.29,0.44,7.30,25.65,30.47,31.17,31.09,31.13,31.05,30.84,30.16,20.79,2.98,0.00,0.00,0.00,0.00,0.00
2/26/2016,2,26,0.00,0.00,0.00,0.00,0.00,0.00,0.14,0.25,7.30,25.65,30.60,31.08,31.10,31.13,31.11,30.80,30.25,22.80,4.23,0.00,0.00,0.00,0.00,0.00
2/27/2016,2,27,0.00,0.00,0.00,0.00,0.00,0.00,0.14,0.25,9.16,26.49,30.60,31.08,31.10,31.13,31.11,30.80,30.25,22.80,4.23,0.00,0.00,0.00,0.00,0.00
2/28/2016,2,28,0.00,0.00,0.00,0.00,0.00,0.00,0.14,0.31,9.16,26.49,30.80,31.10,31.10,31.13,31.11,30.80,30.25,22.80,4.67,0.00,0.00,0.00,0.00,0.00
3/1/2016,3,1,0.00,0.00,0.00,0.00,0.00,0.00,0.14,0.31,10.47,26.49,30.80,31.10,31.10,31.13,31.11,30.80,30.25,22.80,4.67,0.00,0.00,0.00,0.00,0.00
3/2/2016,3,2,0.00,0.00,0.00,0.00,0.00,0.00,0.14,0.34,11.61,27.28,30.80,31.10,31.10,31.13,31.11,31.16,30.79,22.80,4.67,0.00,0.00,0.00,0.00,0.00
3/3/2016,3,3,0.00,0.00,0.00,0.00,0.00,0.00,0.14,0.34,11.61,27.28,30.80,31.10,31.10,31.16,31.11,31.16,30.79,22.80,4.67,0.00,0.00,0.00,0.00,0.00
3/4/2016,3,4,0.00,0.00,0.00,0.00,0.00,0.00,0.14,0.34,11.61,27.28,30.80,31.10,31.10,31.16,31.11,31.16,30.79,22.80,4.67,0.00,0.00,0.00,0.00,0.00
3/5/2016,3,5,0.00,0.00,0.00,0.00,0.00,0.00,0.14,0.34,11.61,27.28,30.80,31.10,31.08,31.16,31.11,31.16,30.79,22.68,4.67,0.00,0.00,0.00,0.00,0.00
3/6/2016,3,6,0.00,0.00,0.00,0.00,0.00,0.00,0.15,0.34,11.61,27.28,30.80,31.10,31.16,31.16,31.11,31.16,30.79,22.68,4.67,0.00,0.00,0.00,0.00,0.00
3/7/2016,3,7,0.00,0.00,0.00,0.00,0.00,0.00,0.15,0.34,11.61,27.28,30.65,31.09,31.16,31.16,31.11,31.16,30.79,21.04,4.21,0.00,0.00,0.00,0.00,0.00
3/8/2016,3,8,0.00,0.00,0.00,0.00,0.00,0.00,0.15,0.34,11.61,27.28,30.65,31.09,31.16,31.16,31.11,31.16,30.79,24.54,6.22,0.00,0.00,0.00,0.00,0.00
3/9/2016,3,9,0.00,0.00,0.00,0.00,0.00,0.00,0.15,0.54,11.41,25.03,29.59,30.59,31.16,31.16,31.11,31.08,30.48,24.54,6.22,0.00,0.00,0.00,0.00,0.00
3/10/2016,3,10,0.00,0.00,0.00,0.00,0.00,0.00,0.17,0.54,11.41,25.03,29.59,30.59,31.16,31.07,31.11,31.08,30.48,24.54,6.22,0.00,0.00,0.00,0.00,0.00
3/11/2016,3,11,0.00,0.00,0.00,0.00,0.00,0.00,0.17,0.54,11.41,25.03,29.59,30.59,31.16,31.11,31.11,31.08,30.48,24.54,6.56,0.00,0.00,0.00,0.00,0.00
3/12/2016,3,12,0.00,0.00,0.00,0.00,0.00,0.00,0.17,0.54,11.41,25.03,29.59,30.59,31.16,31.11,31.11,31.08,30.48,24.54,6.56,0.00,0.00,0.00,0.00,0.00
3/13/2016,3,13,0.00,0.00,0.00,0.00,0.00,0.00,0.17,0.54,11.41,25.03,30.92,31.09,31.06,31.11,31.11,31.08,30.48,24.54,6.56,0.00,0.00,0.00,0.00,0.00
3/14/2016,3,14,0.00,0.00,0.00,0.00,0.00,0.00,0.17,0.54,13.66,28.82,30.92,31.09,31.05,31.11,31.11,31.08,30.48,24.54,6.56,0.00,0.00,0.00,0.00,0.00
3/15/2016,3,15,0.00,0.00,0.00,0.00,0.00,0.00,0.17,0.54,14.96,29.44,31.07,31.09,31.08,31.13,31.05,30.72,30.42,25.40,6.56,0.00,0.00,0.00,0.00,0.00
3/16/2016,3,16,0.00,0.00,0.00,0.00,0.00,0.00,0.17,0.54,14.96,29.44,31.07,31.09,31.08,31.13,31.05,30.72,30.42,25.40,6.56,0.00,0.00,0.00,0.00,0.00
3/17/2016,3,17,0.00,0.00,0.00,0.00,0.00,0.00,0.17,0.54,14.96,29.44,31.07,31.09,31.08,31.13,31.05,30.72,30.42,25.40,6.56,0.00,0.00,0.00,0.00,0.00
3/18/2016,3,18,0.00,0.00,0.00,0.00,0.00,0.00,0.17,0.54,14.96,29.44,31.07,31.09,31.08,31.13,31.05,30.72,30.42,25.40,6.56,0.00,0.00,0.00,0.00,0.00
3/19/2016,3,19,0.00,0.00,0.00,0.00,0.00,0.00,0.17,0.54,16.80,29.44,31.07,31.09,31.08,31.13,31.05,30.72,30.42,25.40,6.56,0.00,0.00,0.00,0.00,0.00
3/20/2016,3,20,0.00,0.00,0.00,0.00,0.00,0.00,0.17,0.54,16.80,29.44,31.07,31.09,31.08,31.13,31.05,30.72,30.42,25.40,6.56,0.00,0.00,0.00,0.00,0.00
3/21/2016,3,21,0.00,0.00,0.00,0.00,0.00,0.00,0.17,0.54,19.68,29.44,31.07,31.09,31.08,31.13,30.92,30.72,30.42,25.40,6.56,0.00,0.00,0.00,0.00,0.00
3/22/2016,3,22,0.00,0.00,0.00,0.00,0.00,0.00,0.17,0.54,19.68,28.21,31.00,31.09,31.08,31.13,30.92,30.72,30.42,25.40,6.56,0.00,0.00,0.00,0.00,0.00
3/23/2016,3,23,0.00,0.00,0.00,0.00,0.00,0.00,0.45,2.47,19.68,28.21,31.00,31.09,28.44,31.13,30.92,30.72,30.42,25.40,6.56,0.00,0.00,0.00,0.00,0.00
3/24/2016,3,24,0.00,0.00,0.00,0.00,0.00,0.00,0.45,2.47,19.68,28.21,31.00,31.09,28.44,31.13,30.92,30.72,30.42,25.40,9.68,0.00,0.00,0.00,0.00,0.00
3/25/2016,3,25,0.00,0.00,0.00,0.00,0.00,0.00,0.45,2.47,19.68,28.21,31.00,31.60,28.44,31.13,30.92,30.72,30.42,25.40,9.68,0.00,0.00,0.00,0.00,0.00
3/26/2016,3,26,0.00,0.00,0.00,0.00,0.00,0.00,0.38,2.59,20.42,28.97,31.00,31.70,32.04,32.33,31.94,30.96,29.16,24.29,9.68,0.00,0.00,0.00,0.00,0.00
3/27/2016,3,27,0.00,0.00,0.00,0.00,0.00,0.00,0.38,2.86,20.42,28.97,31.00,31.70,32.04,32.33,31.94,30.96,29.16,24.29,9.68,0.00,0.00,0.00,0.00,0.00
3/28/2016,3,28,0.00,0.00,0.00,0.00,0.00,0.00,0.38,2.86,20.42,28.97,31.00,31.70,32.04,32.33,31.94,30.96,29.16,24.29,9.68,0.00,0.00,0.00,0.00,0.00
3/29/2016,3,29,0.00,0.00,0.00,0.00,0.00,0.00,0.38,2.86,20.42,28.97,30.95,31.70,32.04,32.33,31.94,30.96,29.16,24.29,9.68,0.00,0.00,0.00,0.00,0.00
3/30/2016,3,30,0.00,0.00,0.00,0.00,0.00,0.00,0.38,3.83,20.42,28.97,30.95,31.70,32.04,32.33,31.94,30.96,29.16,24.29,9.68,0.00,0.00,0.00,0.00,0.00
3/31/2016,3,31,0.00,0.00,0.00,0.00,0.00,0.00,0.38,4.41,21.95,28.97,30.95,31.70,32.04,32.33,31.94,30.96,29.16,24.29,9.68,0.00,0.00,0.00,0.00,0.00
4/1/2016,4,1,0.00,0.00,0.00,0.00,0.00,0.00,0.38,4.41,21.95,28.97,30.95,31.70,32.04,32.33,31.94,30.96,29.16,24.29,9.68,0.00,0.00,0.00,0.00,0.00
4/2/2016,4,2,0.00,0.00,0.00,0.00,0.00,0.00,0.36,4.41,21.95,28.93,30.79,31.34,31.66,31.74,31.14,29.47,28.81,23.69,9.68,0.00,0.00,0.00,0.00,0.00
4/3/2016,4,3,0.00,0.00,0.00,0.00,0.00,0.00,0.36,4.83,22.56,28.93,30.79,31.34,31.66,31.74,31.14,29.47,28.81,23.69,9.68,0.00,0.00,0.00,0.00,0.00
4/4/2016,4,4,0.00,0.00,0.00,0.00,0.00,0.00,0.37,4.83,22.56,28.93,30.79,31.34,31.66,31.74,31.14,29.47,28.81,23.69,10.12,0.00,0.00,0.00,0.00,0.00
4/5/2016,4,5,0.00,0.00,0.00,0.00,0.00,0.00,0.37,5.79,23.13,28.93,30.79,31.34,31.66,31.74,31.14,29.47,28.81,23.69,10.12,0.00,0.00,0.00,0.00,0.00
4/6/2016,4,6,0.00,0.00,0.00,0.00,0.00,0.00,0.37,5.79,23.13,28.93,30.79,31.34,31.66,31.74,31.14,29.47,28.81,23.98,10.12,0.00,0.00,0.00,0.00,0.00
4/7/2016,4,7,0.00,0.00,0.00,0.00,0.00,0.00,0.37,5.79,23.13,28.93,30.79,31.34,31.66,31.74,31.14,29.47,28.81,23.98,10.12,0.00,0.00,0.00,0.00,0.00
4/8/2016,4,8,0.00,0.00,0.00,0.00,0.00,0.00,0.37,5.79,23.13,28.60,30.29,30.54,30.64,30.15,29.99,28.59,23.72,23.98,10.12,0.00,0.00,0.00,0.00,0.00
4/9/2016,4,9,0.00,0.00,0.00,0.00,0.00,0.00,0.37,5.79,23.13,27.60,29.02,30.54,30.64,30.15,29.99,28.59,23.72,23.98,10.12,0.00,0.00,0.00,0.00,0.00
4/10/2016,4,10,0.00,0.00,0.00,0.00,0.00,0.00,0.37,5.79,23.13,27.60,29.02,30.54,30.64,30.15,29.99,28.59,23.72,23.98,10.12,0.00,0.00,0.00,0.00,0.00
4/11/2016,4,11,0.00,0.00,0.00,0.00,0.00,0.00,0.28,5.79,23.13,27.60,29.02,30.54,30.64,30.15,29.99,28.59,23.72,23.98,12.21,0.00,0.00,0.00,0.00,0.00
4/12/2016,4,12,0.00,0.00,0.00,0.00,0.00,0.00,0.33,6.87,20.24,26.09,29.02,25.96,24.24,31.22,24.57,18.79,15.38,23.98,12.21,0.00,0.00,0.00,0.00,0.00
4/13/2016,4,13,0.00,0.00,0.00,0.00,0.00,0.00,0.35,6.87,23.14,28.31,29.02,25.96,24.24,31.22,24.57,18.79,16.89,21.55,12.21,0.00,0.00,0.00,0.00,0.00
4/14/2016,4,14,0.00,0.00,0.00,0.00,0.00,0.00,0.47,6.87,23.14,28.33,29.86,29.93,30.93,31.22,24.57,18.79,16.89,21.55,12.21,0.00,0.00,0.00,0.00,0.00
4/15/2016,4,15,0.00,0.00,0.00,0.00,0.00,0.00,0.47,6.87,23.14,28.33,29.86,29.93,30.93,31.22,24.57,18.79,16.89,22.83,13.62,0.00,0.00,0.00,0.00,0.00
4/16/2016,4,16,0.00,0.00,0.00,0.00,0.00,0.00,0.47,6.87,23.14,28.33,29.86,29.93,30.93,31.22,24.57,18.79,16.89,22.83,13.62,0.00,0.00,0.00,0.00,0.00
4/17/2016,4,17,0.00,0.00,0.00,0.00,0.00,0.00,0.47,7.76,23.14,28.33,29.86,29.93,30.93,31.22,24.57,18.79,16.89,22.83,13.62,0.00,0.00,0.00,0.00,0.00
4/18/2016,4,18,0.00,0.00,0.00,0.00,0.00,0.00,0.47,7.76,23.14,28.33,29.86,29.93,30.93,31.22,24.57,18.79,16.89,22.83,13.62,0.00,0.00,0.00,0.00,0.00
4/19/2016,4,19,0.00,0.00,0.00,0.00,0.00,0.00,0.47,7.76,23.14,28.33,29.86,29.93,30.93,29.00,14.56,14.74,28.20,24.86,14.20,0.00,0.00,0.00,0.00,0.00
4/20/2016,4,20,0.00,0.00,0.00,0.00,0.00,0.00,0.47,8.32,23.24,28.33,29.86,30.59,31.41,31.38,31.37,28.91,28.20,24.86,14.20,0.00,0.00,0.00,0.00,0.00
4/21/2016,4,21,0.00,0.00,0.00,0.00,0.00,0.00,0.50,12.94,23.32,27.28,29.67,30.59,31.41,31.38,31.37,28.91,28.20,24.86,14.20,0.00,0.00,0.00,0.00,0.00
4/22/2016,4,22,0.00,0.00,0.00,0.00,0.00,0.00,0.50,12.94,24.96,29.06,30.40,30.95,31.41,31.38,31.37,28.91,28.20,24.86,14.20,0.00,0.00,0.00,0.00,0.00
4/23/2016,4,23,0.00,0.00,0.00,0.00,0.00,0.00,0.50,12.94,25.08,29.06,30.40,30.95,31.41,31.38,31.37,28.91,28.20,24.86,14.20,0.00,0.00,0.00,0.00,0.00
4/24/2016,4,24,0.00,0.00,0.00,0.00,0.00,0.00,0.50,12.94,25.08,29.06,30.40,30.95,31.41,31.38,31.37,28.91,28.20,24.86,14.20,0.00,0.00,0.00,0.00,0.00
4/25/2016,4,25,0.00,0.00,0.00,0.00,0.00,0.00,0.50,12.94,25.08,29.06,30.40,30.95,31.41,31.38,31.37,28.91,28.20,24.86,14.20,0.00,0.00,0.00,0.00,0.00
4/26/2016,4,26,0.00,0.00,0.00,0.00,0.00,0.00,0.55,12.94,25.08,29.06,30.40,30.95,31.41,31.38,31.37,28.91,25.00,21.82,14.20,0.00,0.00,0.00,0.00,0.00
4/27/2016,4,27,0.00,0.00,0.00,0.00,0.00,0.00,0.55,12.94,25.08,29.06,30.40,30.95,31.19,29.79,30.77,26.37,25.00,17.31,14.20,0.00,0.00,0.00,0.00,0.00
4/28/2016,4,28,0.00,0.00,0.00,0.00,0.00,0.00,0.55,12.94,25.08,29.06,30.40,30.95,31.19,30.36,30.77,29.32,27.00,22.58,14.20,0.00,0.00,0.00,0.00,0.00
4/29/2016,4,29,0.00,0.00,0.00,0.00,0.00,0.00,1.41,14.02,25.08,27.97,29.51,30.16,30.45,30.36,30.00,29.32,27.00,22.58,14.20,0.00,0.00,0.00,0.00,0.00
4/30/2016,4,30,0.00,0.00,0.00,0.00,0.00,0.00,1.79,16.13,26.68,28.68,29.51,30.16,30.45,30.36,30.00,29.32,27.00,22.58,14.20,0.00,0.00,0.00,0.00,0.00
5/1/2016,5,1,0.00,0.00,0.00,0.00,0.00,0.00,1.79,16.13,26.68,28.68,29.51,30.16,30.45,30.36,30.00,29.32,27.00,22.58,14.20,0.00,0.00,0.00,0.00,0.00
5/2/2016,5,2,0.00,0.00,0.00,0.00,0.00,0.00,1.79,16.13,26.68,28.68,29.51,30.16,30.45,30.36,30.00,29.32,27.00,22.58,14.20,0.00,0.00,0.00,0.00,0.00
5/3/2016,5,3,0.00,0.00,0.00,0.00,0.00,0.00,1.79,16.13,26.68,28.68,29.70,30.55,30.85,30.36,30.00,29.32,28.08,25.99,17.20,0.00,0.00,0.00,0.00,0.00
5/4/2016,5,4,0.00,0.00,0.00,0.00,0.00,0.00,1.79,16.13,26.68,28.68,29.70,30.55,30.85,30.36,30.00,29.32,28.08,26.76,17.97,0.00,0.00,0.00,0.00,0.00
5/5/2016,5,5,0.00,0.00,0.00,0.00,0.00,0.00,2.13,16.85,26.68,28.68,29.70,30.55,30.85,30.34,29.76,29.16,28.08,26.76,17.97,0.00,0.00,0.00,0.00,0.00
5/6/2016,5,6,0.00,0.00,0.00,0.00,0.00,0.00,2.13,16.85,26.68,28.68,29.70,30.55,30.85,30.34,29.76,29.16,28.08,26.76,17.97,0.00,0.00,0.00,0.00,0.00
5/7/2016,5,7,0.00,0.00,0.00,0.00,0.00,0.00,2.13,16.85,26.17,28.61,29.70,30.55,30.85,30.34,29.76,29.16,28.08,26.76,17.97,0.00,0.00,0.00,0.00,0.00
5/8/2016,5,8,0.00,0.00,0.00,0.00,0.00,0.00,2.13,16.85,26.17,29.30,30.14,30.55,30.85,30.34,29.76,29.16,28.08,26.76,17.97,0.00,0.00,0.00,0.00,0.00
5/9/2016,5,9,0.00,0.00,0.00,0.00,0.00,0.00,2.13,16.85,26.17,29.30,30.14,30.55,30.85,30.34,29.76,29.16,28.08,26.76,17.97,0.00,0.00,0.00,0.00,0.00
5/10/2016,5,10,0.00,0.00,0.00,0.00,0.00,0.00,2.13,16.85,26.17,29.46,30.14,29.84,29.92,29.70,29.33,29.16,28.08,26.76,17.97,0.00,0.00,0.00,0.00,0.00
5/11/2016,5,11,0.00,0.00,0.00,0.00,0.00,0.00,2.13,16.85,26.13,29.46,30.14,30.21,29.74,29.70,29.33,29.16,28.08,26.76,17.97,0.00,0.00,0.00,0.00,0.00
5/12/2016,5,12,0.00,0.00,0.00,0.00,0.00,0.00,1.56,15.46,25.71,29.46,30.14,30.21,25.13,29.70,29.33,29.16,28.08,26.76,17.97,0.00,0.00,0.00,0.00,0.00
5/13/2016,5,13,0.00,0.00,0.00,0.00,0.00,0.00,1.56,15.46,25.71,29.46,30.14,30.21,29.80,29.70,27.13,29.16,28.08,26.76,17.97,0.00,0.00,0.00,0.00,0.00
5/14/2016,5,14,0.00,0.00,0.00,0.00,0.00,0.00,1.56,15.46,25.71,29.46,30.14,30.21,29.80,29.70,27.13,29.16,28.08,26.76,17.97,0.00,0.00,0.00,0.00,0.00
5/15/2016,5,15,0.00,0.00,0.00,0.00,0.00,0.00,2.17,18.18,26.46,29.46,29.23,30.21,29.80,29.70,27.13,29.16,28.08,26.76,17.97,0.00,0.00,0.00,0.00,0.00
5/16/2016,5,16,0.00,0.00,0.00,0.00,0.00,0.00,2.17,18.18,26.46,29.46,29.23,30.21,29.80,29.70,27.13,29.16,28.08,26.76,17.97,0.00,0.00,0.00,0.00,0.00
5/17/2016,5,17,0.00,0.00,0.00,0.00,0.00,0.00,2.17,18.18,26.46,29.06,29.23,30.21,29.80,28.41,27.13,29.16,28.08,26.76,17.00,0.00,0.00,0.00,0.00,0.00
5/18/2016,5,18,0.00,0.00,0.00,0.00,0.00,0.00,3.14,18.99,26.46,29.06,29.23,29.81,29.80,28.41,27.13,29.16,28.08,26.76,18.80,0.00,0.00,0.00,0.00,0.00
5/19/2016,5,19,0.00,0.00,0.00,0.00,0.00,0.00,3.14,18.99,26.46,28.40,29.23,29.81,29.80,28.41,27.13,29.16,28.08,26.76,18.80,0.00,0.00,0.00,0.00,0.00
5/20/2016,5,20,0.00,0.00,0.00,0.00,0.00,0.00,3.14,18.99,26.46,28.40,28.93,29.11,28.90,28.41,25.82,29.16,28.08,26.76,18.80,0.00,0.00,0.00,0.00,0.00
5/21/2016,5,21,0.00,0.00,0.00,0.00,0.00,0.00,3.14,18.99,26.46,28.62,28.93,29.11,28.90,28.41,25.82,29.16,28.08,26.76,18.80,0.00,0.00,0.00,0.00,0.00
5/22/2016,5,22,0.00,0.00,0.00,0.00,0.00,0.00,3.14,19.12,27.95,30.19,30.98,31.52,31.38,29.96,25.82,29.16,28.08,26.76,18.80,0.00,0.00,0.00,0.00,0.00
5/23/2016,5,23,0.00,0.00,0.00,0.00,0.00,0.00,4.83,19.12,27.95,30.19,30.98,31.52,31.38,29.96,25.82,29.16,28.74,26.76,23.05,0.00,0.00,0.00,0.00,0.00
5/24/2016,5,24,0.00,0.00,0.00,0.00,0.00,0.00,4.83,19.12,27.95,30.19,30.98,31.52,31.38,29.96,22.25,29.16,28.74,27.64,23.05,0.00,0.00,0.00,0.00,0.00
5/25/2016,5,25,0.00,0.00,0.00,0.00,0.00,0.00,5.49,21.98,28.25,30.19,30.98,31.62,31.38,29.96,28.85,29.50,28.74,27.64,23.05,0.00,0.00,0.00,0.00,0.00
5/26/2016,5,26,0.00,0.00,0.00,0.00,0.00,0.00,5.54,21.98,28.25,30.19,30.98,31.62,31.38,29.96,28.85,29.50,28.98,27.86,23.05,0.00,0.00,0.00,0.00,0.00
5/27/2016,5,27,0.00,0.00,0.00,0.00,0.00,0.00,5.54,21.98,28.25,30.19,30.98,31.62,31.38,29.96,28.85,29.50,28.98,27.88,23.05,0.00,0.00,0.00,0.00,0.00
5/28/2016,5,28,0.00,0.00,0.00,0.00,0.00,0.00,5.74,21.98,28.25,30.19,30.98,31.62,31.38,29.96,28.85,29.50,28.98,27.88,23.05,0.00,0.00,0.00,0.00,0.00
5/29/2016,5,29,0.00,0.00,0.00,0.00,0.00,0.00,5.74,21.98,28.25,29.95,30.58,31.62,31.37,27.82,28.85,29.50,28.98,27.88,23.05,0.00,0.00,0.00,0.00,0.00
5/30/2016,5,30,0.00,0.00,0.00,0.00,0.00,0.00,5.74,21.98,28.25,29.95,30.58,31.62,31.37,27.82,28.85,29.50,28.98,27.88,22.95,0.00,0.00,0.00,0.00,0.00
5/31/2016,5,31,0.00,0.00,0.00,0.00,0.00,0.00,6.10,21.98,28.25,29.95,30.78,31.62,31.37,27.82,28.85,29.50,28.98,27.88,22.95,0.00,0.00,0.00,0.00,0.00
6/1/2016,6,1,0.00,0.00,0.00,0.00,0.00,0.00,6.10,21.80,27.60,29.08,29.20,30.25,28.61,19.18,28.01,23.93,28.98,27.88,22.95,0.00,0.00,0.00,0.00,0.00
6/2/2016,6,2,0.00,0.00,0.00,0.00,0.00,0.00,6.71,22.44,28.85,30.50,31.09,31.23,31.28,30.82,30.35,29.81,28.84,27.55,22.78,0.00,0.00,0.00,0.00,0.00
6/3/2016,6,3,0.00,0.00,0.00,0.00,0.00,0.00,6.71,22.44,28.85,30.50,31.09,31.23,31.28,30.82,30.35,29.81,28.84,27.17,22.59,0.00,0.00,0.00,0.00,0.00
6/4/2016,6,4,0.00,0.00,0.00,0.00,0.00,0.00,6.71,22.44,28.85,30.50,31.09,31.23,31.28,30.82,30.35,29.81,28.84,26.94,22.48,0.00,0.00,0.00,0.00,0.00
6/5/2016,6,5,0.00,0.00,0.00,0.00,0.00,0.00,6.71,22.44,28.85,30.34,31.09,31.21,31.28,30.82,30.35,29.81,28.84,26.94,22.48,0.00,0.00,0.00,0.00,0.00
6/6/2016,6,6,0.00,0.00,0.00,0.00,0.00,0.00,6.71,22.44,28.85,30.34,31.09,31.23,31.28,30.69,30.35,29.81,28.84,26.94,22.48,0.00,0.00,0.00,0.00,0.00
6/7/2016,6,7,0.00,0.00,0.00,0.00,0.00,0.00,6.71,22.44,28.85,30.34,31.09,31.23,31.28,30.82,30.35,29.83,28.84,26.94,22.48,0.00,0.00,0.00,0.00,0.00
6/8/2016,6,8,0.00,0.00,0.00,0.00,0.00,0.00,6.71,22.44,28.85,30.34,31.09,31.23,31.28,30.82,30.35,29.81,28.84,26.94,21.28,0.00,0.00,0.00,0.00,0.00
6/9/2016,6,9,0.00,0.00,0.00,0.00,0.00,0.00,4.10,21.32,27.06,28.53,29.04,29.05,29.16,28.98,30.35,29.81,20.55,16.28,20.93,0.00,0.00,0.00,0.00,0.00
6/10/2016,6,10,0.00,0.00,0.00,0.00,0.00,0.00,4.10,20.01,27.06,28.53,29.04,29.42,29.70,29.22,30.35,28.61,27.91,26.63,23.05,0.00,0.00,0.00,0.00,0.00
6/11/2016,6,11,0.00,0.00,0.00,0.00,0.00,0.00,6.86,21.93,27.06,28.53,29.04,29.42,29.70,29.22,29.02,28.61,27.91,26.63,23.05,0.00,0.00,0.00,0.00,0.00
6/12/2016,6,12,0.00,0.00,0.00,0.00,0.00,0.00,6.86,21.93,27.06,28.53,29.04,29.42,29.70,29.22,29.02,28.61,27.91,26.63,23.05,0.00,0.00,0.00,0.00,0.00
6/13/2016,6,13,0.00,0.00,0.00,0.00,0.00,0.00,6.86,21.93,27.06,28.53,29.04,29.42,29.70,29.22,29.02,28.61,27.91,26.63,23.05,0.00,0.00,0.00,0.00,0.00
6/14/2016,6,14,0.00,0.00,0.00,0.00,0.00,0.00,6.86,21.93,26.62,28.08,28.84,29.42,29.70,29.22,29.02,28.61,27.91,26.63,23.05,0.00,0.00,0.00,0.00,0.00
6/15/2016,6,15,0.00,0.00,0.00,0.00,0.00,0.00,6.86,21.93,26.62,28.08,28.84,29.42,29.70,29.22,29.02,28.61,27.91,26.63,23.05,0.00,0.00,0.00,0.00,0.00
6/16/2016,6,16,0.00,0.00,0.00,0.00,0.00,0.00,6.86,21.93,26.62,28.08,28.84,29.42,29.70,29.22,29.02,28.61,27.91,26.63,23.05,0.00,0.00,0.00,0.00,0.00
6/17/2016,6,17,0.00,0.00,0.00,0.00,0.00,0.00,6.86,21.93,26.47,28.08,28.68,28.98,28.82,28.23,23.41,20.31,23.93,22.34,22.05,0.00,0.00,0.00,0.00,0.00
6/18/2016,6,18,0.00,0.00,0.00,0.00,0.00,0.00,6.86,19.24,25.07,26.67,27.66,28.27,28.10,18.56,23.41,20.31,23.93,22.34,22.05,0.00,0.00,0.00,0.00,0.00
6/19/2016,6,19,0.00,0.00,0.00,0.00,0.00,0.00,6.86,19.24,25.07,26.67,27.66,28.27,28.10,18.56,23.41,26.21,21.58,22.34,22.05,0.00,0.00,0.00,0.00,0.00
6/20/2016,6,20,0.00,0.00,0.00,0.00,0.00,0.00,6.86,19.24,25.52,27.38,28.60,29.31,29.39,28.07,28.23,28.71,28.22,26.43,22.05,0.00,0.00,0.00,0.00,0.00
6/21/2016,6,21,0.00,0.00,0.00,0.00,0.00,0.00,6.86,21.26,26.79,28.14,28.63,29.31,29.47,29.02,28.46,28.71,28.22,26.43,22.39,0.00,0.00,0.00,0.00,0.00
6/22/2016,6,22,0.00,0.00,0.00,0.00,0.00,0.00,5.78,21.27,26.79,28.14,28.92,29.32,29.56,29.43,28.65,28.71,28.22,26.43,22.39,0.00,0.00,0.00,0.00,0.00
6/23/2016,6,23,0.00,0.00,0.00,0.00,0.00,0.00,5.78,21.27,26.79,28.14,28.92,29.32,29.56,29.43,28.65,28.71,28.22,26.43,22.39,0.00,0.00,0.00,0.00,0.00
6/24/2016,6,24,0.00,0.00,0.00,0.00,0.00,0.00,5.78,21.27,26.79,28.14,28.92,29.32,29.56,29.43,29.26,28.71,28.22,26.43,22.39,0.00,0.00,0.00,0.00,0.00
6/25/2016,6,25,0.00,0.00,0.00,0.00,0.00,0.00,5.78,21.27,26.79,28.14,28.92,29.32,29.56,29.43,29.26,28.71,28.22,26.43,22.39,0.00,0.00,0.00,0.00,0.00
6/26/2016,6,26,0.00,0.00,0.00,0.00,0.00,0.00,5.78,21.27,26.79,28.14,28.92,29.32,29.56,29.43,29.26,28.71,28.22,26.43,22.39,0.00,0.00,0.00,0.00,0.00
6/27/2016,6,27,0.00,0.00,0.00,0.00,0.00,0.00,5.78,21.27,26.79,28.14,28.92,29.32,29.56,29.43,29.26,28.54,21.20,22.36,22.39,0.00,0.00,0.00,0.00,0.00
6/28/2016,6,28,0.00,0.00,0.00,0.00,0.00,0.00,5.78,21.27,26.33,27.89,28.92,29.32,29.56,29.43,29.26,28.54,21.20,22.36,22.39,0.00,0.00,0.00,0.00,0.00
6/29/2016,6,29,0.00,0.00,0.00,0.00,0.00,0.00,5.52,18.00,24.60,27.34,28.26,28.58,28.92,28.89,29.26,28.54,21.20,22.36,22.39,0.00,0.00,0.00,0.00,0.00
6/30/2016,6,30,0.00,0.00,0.00,0.00,0.00,0.00,5.52,18.00,24.60,27.34,28.26,28.58,28.92,28.89,29.26,28.54,21.20,22.36,22.39,0.00,0.00,0.00,0.00,0.00
7/1/2016,7,1,0.00,0.00,0.00,0.00,0.00,0.00,5.52,18.00,24.60,27.34,28.26,28.13,28.29,28.27,27.88,27.17,21.20,22.36,22.39,0.00,0.00,0.00,0.00,0.00
7/2/2016,7,2,0.00,0.00,0.00,0.00,0.00,0.00,5.52,18.00,24.60,27.34,28.26,29.63,29.31,29.69,30.06,24.84,22.89,22.36,22.39,0.00,0.00,0.00,0.00,0.00
7/3/2016,7,3,0.00,0.00,0.00,0.00,0.00,0.00,2.91,15.89,24.48,28.02,28.81,29.63,29.48,29.69,30.06,26.42,23.05,22.36,19.76,0.00,0.00,0.00,0.00,0.00
7/4/2016,7,4,0.00,0.00,0.00,0.00,0.00,0.00,2.91,15.89,24.48,28.02,28.81,29.63,29.48,29.69,30.06,26.42,23.05,22.36,19.76,0.00,0.00,0.00,0.00,0.00
7/5/2016,7,5,0.00,0.00,0.00,0.00,0.00,0.00,2.91,15.89,24.48,28.02,28.81,29.63,29.48,29.69,30.06,26.53,23.05,22.36,19.76,0.00,0.00,0.00,0.00,0.00
7/6/2016,7,6,0.00,0.00,0.00,0.00,0.00,0.00,2.91,15.89,24.48,28.02,28.81,29.63,29.48,29.69,30.06,26.53,23.05,22.36,19.76,0.00,0.00,0.00,0.00,0.00
7/7/2016,7,7,0.00,0.00,0.00,0.00,0.00,0.00,2.85,15.60,24.48,28.02,28.81,29.63,29.48,29.69,30.06,26.53,23.05,22.36,19.76,0.00,0.00,0.00,0.00,0.00
7/8/2016,7,8,0.00,0.00,0.00,0.00,0.00,0.00,2.85,15.60,24.48,28.02,28.81,29.63,29.48,29.69,30.06,26.53,23.05,22.36,19.76,0.00,0.00,0.00,0.00,0.00
7/9/2016,7,9,0.00,0.00,0.00,0.00,0.00,0.00,2.85,15.60,24.48,28.02,28.81,29.07,29.48,28.21,30.06,26.53,23.05,22.36,19.76,0.00,0.00,0.00,0.00,0.00
7/10/2016,7,10,0.00,0.00,0.00,0.00,0.00,0.00,2.00,15.60,24.06,27.13,27.25,28.82,29.48,28.21,30.06,26.53,22.52,22.36,19.76,0.00,0.00,0.00,0.00,0.00
7/11/2016,7,11,0.00,0.00,0.00,0.00,0.00,0.00,1.62,14.51,23.05,26.22,27.20,26.00,29.48,27.48,30.06,26.53,22.52,22.36,19.76,0.00,0.00,0.00,0.00,0.00
7/12/2016,7,12,0.00,0.00,0.00,0.00,0.00,0.00,1.62,14.06,22.85,25.25,26.41,26.00,29.48,27.48,30.06,26.53,22.52,22.36,19.76,0.00,0.00,0.00,0.00,0.00
7/13/2016,7,13,0.00,0.00,0.00,0.00,0.00,0.00,1.62,14.06,22.85,25.36,26.41,26.00,29.48,27.48,30.06,26.53,22.52,22.36,19.76,0.00,0.00,0.00,0.00,0.00
7/14/2016,7,14,0.00,0.00,0.00,0.00,0.00,0.00,1.62,15.59,23.38,25.41,26.43,26.96,29.48,27.48,30.06,26.53,22.52,22.36,19.76,0.00,0.00,0.00,0.00,0.00
7/15/2016,7,15,0.00,0.00,0.00,0.00,0.00,0.00,1.62,15.59,25.58,25.41,26.43,26.96,29.48,28.70,30.06,26.53,22.52,22.36,19.76,0.00,0.00,0.00,0.00,0.00
7/16/2016,7,16,0.00,0.00,0.00,0.00,0.00,0.00,1.62,15.59,25.58,25.41,26.43,26.96,29.48,28.70,30.06,26.53,22.52,22.36,19.76,0.00,0.00,0.00,0.00,0.00
7/17/2016,7,17,0.00,0.00,0.00,0.00,0.00,0.00,1.62,15.59,25.58,25.41,26.43,26.96,29.48,28.70,30.06,26.53,22.52,22.36,19.76,0.00,0.00,0.00,0.00,0.00
7/18/2016,7,18,0.00,0.00,0.00,0.00,0.00,0.00,1.58,15.59,26.00,28.38,29.17,29.36,29.40,29.74,29.57,29.20,28.86,22.36,19.76,0.00,0.00,0.00,0.00,0.00
7/19/2016,7,19,0.00,0.00,0.00,0.00,0.00,0.00,1.58,15.59,26.00,28.38,29.17,29.36,29.40,29.74,29.57,29.20,28.86,27.65,19.76,0.00,0.00,0.00,0.00,0.00
7/20/2016,7,20,0.00,0.00,0.00,0.00,0.00,0.00,1.58,15.59,26.00,28.38,29.17,29.36,29.40,29.74,29.57,29.20,28.86,27.65,19.76,0.00,0.00,0.00,0.00,0.00
7/21/2016,7,21,0.00,0.00,0.00,0.00,0.00,0.00,1.24,14.80,26.00,28.38,29.17,29.36,29.40,29.74,29.57,29.20,28.86,27.65,19.76,0.00,0.00,0.00,0.00,0.00
7/22/2016,7,22,0.00,0.00,0.00,0.00,0.00,0.00,1.24,14.80,26.00,28.38,29.17,29.36,29.40,29.74,29.57,29.20,28.86,27.65,19.76,0.00,0.00,0.00,0.00,0.00
7/23/2016,7,23,0.00,0.00,0.00,0.00,0.00,0.00,1.24,14.80,26.00,28.38,29.17,29.36,29.40,29.74,29.57,29.20,28.86,27.65,19.76,0.00,0.00,0.00,0.00,0.00
7/24/2016,7,24,0.00,0.00,0.00,0.00,0.00,0.00,1.48,14.81,26.00,28.38,29.17,29.36,29.40,29.74,29.57,29.20,28.86,27.65,19.76,0.00,0.00,0.00,0.00,0.00
7/25/2016,7,25,0.00,0.00,0.00,0.00,0.00,0.00,1.48,14.81,25.42,27.77,28.48,28.73,28.65,28.62,28.33,27.74,28.86,27.65,19.76,0.00,0.00,0.00,0.00,0.00
7/26/2016,7,26,0.00,0.00,0.00,0.00,0.00,0.00,1.48,14.81,25.30,27.35,28.38,28.72,28.65,28.47,28.29,27.62,28.86,27.65,19.76,0.00,0.00,0.00,0.00,0.00
7/27/2016,7,27,0.00,0.00,0.00,0.00,0.00,0.00,1.48,14.81,25.30,27.35,28.38,28.72,28.65,28.47,28.29,27.62,28.86,27.65,19.76,0.00,0.00,0.00,0.00,0.00
7/28/2016,7,28,0.00,0.00,0.00,0.00,0.00,0.00,1.48,14.81,25.09,27.35,28.08,28.50,28.53,28.47,28.29,27.38,28.86,27.65,19.76,0.00,0.00,0.00,0.00,0.00
7/29/2016,7,29,0.00,0.00,0.00,0.00,0.00,0.00,1.48,14.81,25.09,27.35,28.08,28.50,28.53,28.47,28.29,27.38,28.86,27.65,19.76,0.00,0.00,0.00,0.00,0.00
7/30/2016,7,30,0.00,0.00,0.00,0.00,0.00,0.00,1.48,14.81,25.09,27.50,28.22,28.70,28.53,28.47,28.29,27.38,28.86,27.65,19.76,0.00,0.00,0.00,0.00,0.00
7/31/2016,7,31,0.00,0.00,0.00,0.00,0.00,0.00,1.22,14.58,27.11,29.22,29.57,29.53,30.11,30.20,28.29,27.38,28.10,25.22,19.76,0.00,0.00,0.00,0.00,0.00
8/1/2016,8,1,0.00,0.00,0.00,0.00,0.00,0.00,1.22,14.58,27.11,29.22,29.57,29.53,30.11,30.20,28.29,27.38,28.10,25.22,19.83,0.00,0.00,0.00,0.00,0.00
8/2/2016,8,2,0.00,0.00,0.00,0.00,0.00,0.00,1.22,14.58,27.11,29.22,29.57,29.53,30.11,30.20,27.50,27.15,28.10,25.22,19.83,0.00,0.00,0.00,0.00,0.00
8/3/2016,8,3,0.00,0.00,0.00,0.00,0.00,0.00,1.22,14.58,27.11,29.22,29.57,29.53,30.11,30.20,27.50,27.15,28.10,25.22,19.83,0.00,0.00,0.00,0.00,0.00
8/4/2016,8,4,0.00,0.00,0.00,0.00,0.00,0.00,1.22,14.58,27.11,29.22,29.57,29.53,30.11,30.20,27.94,27.71,28.10,25.22,19.83,0.00,0.00,0.00,0.00,0.00
8/5/2016,8,5,0.00,0.00,0.00,0.00,0.00,0.00,1.22,14.58,27.11,29.22,29.57,29.53,30.11,30.20,27.94,27.71,28.10,25.22,19.83,0.00,0.00,0.00,0.00,0.00
8/6/2016,8,6,0.00,0.00,0.00,0.00,0.00,0.00,1.22,14.58,27.11,29.22,29.57,29.53,30.11,30.20,27.94,27.71,28.10,25.22,19.83,0.00,0.00,0.00,0.00,0.00
8/7/2016,8,7,0.00,0.00,0.00,0.00,0.00,0.00,0.50,12.86,26.11,28.14,28.85,29.05,28.81,28.80,27.94,27.71,26.84,23.99,19.83,0.00,0.00,0.00,0.00,0.00
8/8/2016,8,8,0.00,0.00,0.00,0.00,0.00,0.00,0.50,12.86,25.90,28.14,28.85,29.05,28.81,28.80,27.94,27.71,26.84,23.99,19.83,0.00,0.00,0.00,0.00,0.00
8/9/2016,8,9,0.00,0.00,0.00,0.00,0.00,0.00,0.50,12.86,25.90,28.14,28.85,29.05,28.81,28.80,27.94,27.71,26.84,23.99,19.83,0.00,0.00,0.00,0.00,0.00
8/10/2016,8,10,0.00,0.00,0.00,0.00,0.00,0.00,0.46,8.59,22.73,27.91,28.04,29.05,29.05,28.80,27.94,27.71,26.84,23.99,19.83,0.00,0.00,0.00,0.00,0.00
8/11/2016,8,11,0.00,0.00,0.00,0.00,0.00,0.00,0.46,10.73,25.04,27.91,28.70,29.30,29.05,28.80,27.94,27.71,26.84,22.97,14.05,0.00,0.00,0.00,0.00,0.00
8/12/2016,8,12,0.00,0.00,0.00,0.00,0.00,0.00,0.46,10.73,25.04,27.74,29.60,29.79,30.12,30.26,29.91,29.24,22.14,22.97,14.05,0.00,0.00,0.00,0.00,0.00
8/13/2016,8,13,0.00,0.00,0.00,0.00,0.00,0.00,0.39,10.73,25.04,27.74,29.60,29.79,30.12,30.26,29.91,29.24,22.14,22.97,14.05,0.00,0.00,0.00,0.00,0.00
8/14/2016,8,14,0.00,0.00,0.00,0.00,0.00,0.00,0.39,10.73,25.04,28.44,29.60,29.79,30.12,30.26,29.91,29.24,22.14,22.97,14.24,0.00,0.00,0.00,0.00,0.00
8/15/2016,8,15,0.00,0.00,0.00,0.00,0.00,0.00,0.62,12.29,25.38,28.44,29.60,29.79,30.12,30.26,29.91,29.24,27.35,24.43,14.24,0.00,0.00,0.00,0.00,0.00
8/16/2016,8,16,0.00,0.00,0.00,0.00,0.00,0.00,0.62,12.29,25.38,28.44,29.60,29.79,30.12,30.26,29.91,29.24,27.35,24.43,14.24,0.00,0.00,0.00,0.00,0.00
8/17/2016,8,17,0.00,0.00,0.00,0.00,0.00,0.00,0.62,12.29,25.38,28.44,29.60,29.79,30.12,30.26,29.91,29.24,27.35,24.43,14.24,0.00,0.00,0.00,0.00,0.00
8/18/2016,8,18,0.00,0.00,0.00,0.00,0.00,0.00,0.62,12.29,25.38,28.44,29.60,29.79,30.12,30.26,29.91,29.24,27.35,24.43,14.24,0.00,0.00,0.00,0.00,0.00
8/19/2016,8,19,0.00,0.00,0.00,0.00,0.00,0.00,0.62,12.29,25.38,28.44,29.01,29.29,28.93,25.77,25.56,24.72,27.35,24.43,14.24,0.00,0.00,0.00,0.00,0.00
8/20/2016,8,20,0.00,0.00,0.00,0.00,0.00,0.00,0.62,12.29,25.38,28.44,29.01,29.29,29.27,29.12,25.56,24.72,27.35,24.43,14.24,0.00,0.00,0.00,0.00,0.00
8/21/2016,8,21,0.00,0.00,0.00,0.00,0.00,0.00,0.62,12.29,25.38,27.86,28.78,29.15,29.27,29.12,27.61,26.32,27.35,24.43,11.46,0.00,0.00,0.00,0.00,0.00
8/22/2016,8,22,0.00,0.00,0.00,0.00,0.00,0.00,0.60,12.16,24.81,27.53,28.59,28.96,29.27,29.12,27.61,26.32,23.82,24.43,11.46,0.00,0.00,0.00,0.00,0.00
8/23/2016,8,23,0.00,0.00,0.00,0.00,0.00,0.00,0.50,11.93,24.81,27.53,28.59,28.96,29.27,29.12,27.61,26.32,23.82,24.43,11.46,0.00,0.00,0.00,0.00,0.00
8/24/2016,8,24,0.00,0.00,0.00,0.00,0.00,0.00,0.50,11.93,24.81,27.53,28.59,28.96,29.27,29.13,29.18,29.35,28.09,25.03,13.65,0.00,0.00,0.00,0.00,0.00
8/25/2016,8,25,0.00,0.00,0.00,0.00,0.00,0.00,0.50,11.93,24.81,27.53,28.59,28.96,29.27,29.13,29.18,29.35,28.09,25.03,13.65,0.00,0.00,0.00,0.00,0.00
8/26/2016,8,26,0.00,0.00,0.00,0.00,0.00,0.00,0.50,11.93,24.81,27.53,28.59,28.96,29.27,29.13,29.18,29.35,28.09,25.03,13.65,0.00,0.00,0.00,0.00,0.00
8/27/2016,8,27,0.00,0.00,0.00,0.00,0.00,0.00,0.41,9.65,23.21,26.76,27.92,28.05,28.52,29.13,29.18,29.35,28.09,25.03,13.65,0.00,0.00,0.00,0.00,0.00
8/28/2016,8,28,0.00,0.00,0.00,0.00,0.00,0.00,0.41,9.63,22.71,26.50,27.92,27.87,28.54,29.13,29.18,29.35,28.09,25.03,13.65,0.00,0.00,0.00,0.00,0.00
8/29/2016,8,29,0.00,0.00,0.00,0.00,0.00,0.00,0.41,8.14,22.71,26.79,28.04,28.63,28.81,29.13,29.18,29.35,28.09,25.03,13.65,0.00,0.00,0.00,0.00,0.00
8/30/2016,8,30,0.00,0.00,0.00,0.00,0.00,0.00,0.33,8.14,22.71,26.79,28.04,28.63,28.81,29.13,29.18,29.35,28.09,25.03,13.65,0.00,0.00,0.00,0.00,0.00
8/31/2016,8,31,0.00,0.00,0.00,0.00,0.00,0.00,0.26,8.14,22.71,26.79,28.04,28.63,28.81,28.40,28.51,28.11,26.60,24.26,13.51,0.00,0.00,0.00,0.00,0.00
9/1/2016,9,1,0.00,0.00,0.00,0.00,0.00,0.00,0.26,8.14,22.71,26.79,28.04,28.63,28.81,28.40,28.51,28.11,26.60,24.26,13.51,0.00,0.00,0.00,0.00,0.00
9/2/2016,9,2,0.00,0.00,0.00,0.00,0.00,0.00,0.26,8.14,22.71,27.33,28.35,28.78,29.03,28.97,28.51,28.11,26.60,24.26,13.51,0.00,0.00,0.00,0.00,0.00
9/3/2016,9,3,0.00,0.00,0.00,0.00,0.00,0.00,0.26,8.14,22.71,27.33,28.35,28.78,29.03,29.04,28.57,28.11,26.60,24.06,9.71,0.00,0.00,0.00,0.00,0.00
9/4/2016,9,4,0.00,0.00,0.00,0.00,0.00,0.00,0.26,7.84,22.48,27.33,28.35,28.78,29.03,29.04,28.57,28.11,26.60,24.06,9.71,0.00,0.00,0.00,0.00,0.00
9/5/2016,9,5,0.00,0.00,0.00,0.00,0.00,0.00,0.39,7.84,22.48,27.33,28.35,28.78,29.03,29.04,28.57,28.24,26.60,24.06,9.71,0.00,0.00,0.00,0.00,0.00
9/6/2016,9,6,0.00,0.00,0.00,0.00,0.00,0.00,0.39,6.86,22.48,27.33,28.35,28.78,29.03,29.04,28.60,28.24,26.49,23.26,8.55,0.00,0.00,0.00,0.00,0.00
9/7/2016,9,7,0.00,0.00,0.00,0.00,0.00,0.00,0.39,6.86,22.48,27.33,28.35,28.78,29.03,29.04,28.60,28.24,26.31,22.45,7.86,0.00,0.00,0.00,0.00,0.00
9/8/2016,9,8,0.00,0.00,0.00,0.00,0.00,0.00,0.39,6.86,22.48,27.33,28.35,28.78,29.03,29.04,28.60,28.24,27.42,23.21,7.86,0.00,0.00,0.00,0.00,0.00
9/9/2016,9,9,0.00,0.00,0.00,0.00,0.00,0.00,0.39,6.86,22.48,27.03,28.21,28.76,28.94,29.04,28.60,28.24,27.42,23.21,7.86,0.00,0.00,0.00,0.00,0.00
9/10/2016,9,10,0.00,0.00,0.00,0.00,0.00,0.00,0.39,6.86,22.48,27.03,28.21,28.67,28.84,28.63,28.60,28.24,27.42,23.21,7.86,0.00,0.00,0.00,0.00,0.00
9/11/2016,9,11,0.00,0.00,0.00,0.00,0.00,0.00,0.39,6.86,22.10,27.03,28.21,28.67,28.84,28.63,28.60,28.24,27.42,23.21,7.86,0.00,0.00,0.00,0.00,0.00
9/12/2016,9,12,0.00,0.00,0.00,0.00,0.00,0.00,0.33,6.86,22.10,26.51,27.59,28.67,28.84,28.63,28.60,28.24,27.42,23.21,7.86,0.00,0.00,0.00,0.00,0.00
9/13/2016,9,13,0.00,0.00,0.00,0.00,0.00,0.00,0.33,6.17,22.10,26.51,27.96,28.67,28.69,28.63,28.54,28.24,27.42,23.21,7.86,0.00,0.00,0.00,0.00,0.00
9/14/2016,9,14,0.00,0.00,0.00,0.00,0.00,0.00,0.33,6.17,22.10,26.31,27.96,28.67,28.69,28.63,28.34,28.24,27.42,23.21,7.59,0.00,0.00,0.00,0.00,0.00
9/15/2016,9,15,0.00,0.00,0.00,0.00,0.00,0.00,0.31,4.37,20.50,24.85,26.62,27.51,28.18,28.43,28.26,27.42,26.42,23.21,7.44,0.00,0.00,0.00,0.00,0.00
9/16/2016,9,16,0.00,0.00,0.00,0.00,0.00,0.00,0.32,4.37,20.50,24.85,24.71,22.27,27.60,27.14,23.86,24.25,26.59,23.21,7.44,0.00,0.00,0.00,0.00,0.00
9/17/2016,9,17,0.00,0.00,0.00,0.00,0.00,0.00,0.32,1.75,7.98,17.37,18.62,22.27,27.60,27.14,18.19,25.20,26.59,23.21,7.44,0.00,0.00,0.00,0.00,0.00
9/18/2016,9,18,0.00,0.00,0.00,0.00,0.00,0.00,0.32,1.52,19.10,27.56,28.88,29.63,27.60,28.74,23.31,25.20,26.59,20.96,7.44,0.00,0.00,0.00,0.00,0.00
9/19/2016,9,19,0.00,0.00,0.00,0.00,0.00,0.00,0.32,1.52,19.10,27.56,28.88,29.63,27.60,28.74,25.18,25.20,26.59,20.96,7.13,0.00,0.00,0.00,0.00,0.00
9/20/2016,9,20,0.00,0.00,0.00,0.00,0.00,0.00,0.32,1.67,19.10,27.56,28.88,29.63,27.60,29.52,29.42,26.87,26.59,20.96,7.13,0.00,0.00,0.00,0.00,0.00
9/21/2016,9,21,0.00,0.00,0.00,0.00,0.00,0.00,0.32,1.67,19.10,27.95,29.57,30.04,30.14,30.19,29.92,29.48,28.14,22.23,5.29,0.00,0.00,0.00,0.00,0.00
9/22/2016,9,22,0.00,0.00,0.00,0.00,0.00,0.00,0.32,1.67,19.10,27.95,29.57,30.04,30.14,30.19,29.92,29.48,28.14,22.23,5.29,0.00,0.00,0.00,0.00,0.00
9/23/2016,9,23,0.00,0.00,0.00,0.00,0.00,0.00,0.29,4.70,20.96,27.95,29.57,30.04,30.14,30.19,29.92,29.48,28.14,22.23,5.38,0.00,0.00,0.00,0.00,0.00
9/24/2016,9,24,0.00,0.00,0.00,0.00,0.00,0.00,0.29,4.70,20.96,27.95,29.57,30.04,30.19,30.71,30.73,29.48,29.04,22.34,5.38,0.00,0.00,0.00,0.00,0.00
9/25/2016,9,25,0.00,0.00,0.00,0.00,0.00,0.00,0.29,4.70,20.96,28.77,30.08,30.51,30.72,30.71,30.73,29.68,29.04,22.34,5.38,0.00,0.00,0.00,0.00,0.00
9/26/2016,9,26,0.00,0.00,0.00,0.00,0.00,0.00,0.29,4.70,20.96,28.77,30.08,30.69,31.00,30.71,30.73,29.71,29.04,22.34,5.38,0.00,0.00,0.00,0.00,0.00
9/27/2016,9,27,0.00,0.00,0.00,0.00,0.00,0.00,0.29,5.66,23.56,29.61,30.56,31.10,31.00,30.71,30.73,29.71,29.04,22.34,5.38,0.00,0.00,0.00,0.00,0.00
9/28/2016,9,28,0.00,0.00,0.00,0.00,0.00,0.00,0.29,5.66,23.56,29.61,30.56,31.10,31.00,30.71,30.73,29.71,29.04,22.34,5.38,0.00,0.00,0.00,0.00,0.00
9/29/2016,9,29,0.00,0.00,0.00,0.00,0.00,0.00,0.33,5.66,23.56,29.61,30.56,31.21,31.17,31.05,30.73,30.10,29.04,22.34,5.15,0.00,0.00,0.00,0.00,0.00
9/30/2016,9,30,0.00,0.00,0.00,0.00,0.00,0.00,0.33,5.66,23.56,29.61,30.56,31.21,31.17,31.05,30.73,30.18,29.04,22.34,5.15,0.00,0.00,0.00,0.00,0.00
10/1/2016,10,1,0.00,0.00,0.00,0.00,0.00,0.00,0.33,5.66,23.56,29.61,30.56,31.21,31.17,31.05,30.61,30.18,28.70,21.81,4.81,0.00,0.00,0.00,0.00,0.00
10/2/2016,10,2,0.00,0.00,0.00,0.00,0.00,0.00,0.33,5.66,23.56,29.61,30.56,31.21,31.17,31.05,30.61,30.18,28.70,21.81,4.53,0.00,0.00,0.00,0.00,0.00
10/3/2016,10,3,0.00,0.00,0.00,0.00,0.00,0.00,0.33,5.66,23.56,29.61,30.56,31.21,31.17,31.05,30.61,30.18,28.70,21.81,4.34,0.00,0.00,0.00,0.00,0.00
10/4/2016,10,4,0.00,0.00,0.00,0.00,0.00,0.00,0.33,5.01,22.62,29.15,30.53,31.21,31.17,31.05,30.61,30.18,28.70,20.78,3.78,0.00,0.00,0.00,0.00,0.00
10/5/2016,10,5,0.00,0.00,0.00,0.00,0.00,0.00,0.33,4.82,22.24,29.15,30.53,31.21,31.17,31.05,30.80,30.18,28.70,20.78,3.78,0.00,0.00,0.00,0.00,0.00
10/6/2016,10,6,0.00,0.00,0.00,0.00,0.00,0.00,0.38,4.82,22.24,28.96,30.33,31.04,31.14,31.05,30.80,30.18,28.70,19.41,2.88,0.00,0.00,0.00,0.00,0.00
10/7/2016,10,7,0.00,0.00,0.00,0.00,0.00,0.00,0.38,4.61,22.17,28.62,30.33,31.04,31.14,31.05,30.80,29.62,28.33,19.41,2.88,0.00,0.00,0.00,0.00,0.00
10/8/2016,10,8,0.00,0.00,0.00,0.00,0.00,0.00,0.38,4.53,21.82,28.62,30.33,31.04,31.14,31.05,30.80,29.62,28.33,19.03,2.88,0.00,0.00,0.00,0.00,0.00
10/9/2016,10,9,0.00,0.00,0.00,0.00,0.00,0.00,0.38,4.39,21.82,28.62,30.33,31.04,31.14,31.05,30.80,29.62,28.33,18.37,2.48,0.00,0.00,0.00,0.00,0.00
10/10/2016,10,10,0.00,0.00,0.00,0.00,0.00,0.00,0.38,4.12,21.16,28.62,30.33,31.04,31.14,30.97,30.80,29.62,28.33,17.17,1.95,0.00,0.00,0.00,0.00,0.00
10/11/2016,10,11,0.00,0.00,0.00,0.00,0.00,0.00,0.38,3.74,21.16,28.62,30.33,31.04,31.14,31.05,30.80,29.62,27.67,17.17,1.95,0.00,0.00,0.00,0.00,0.00
10/12/2016,10,12,0.00,0.00,0.00,0.00,0.00,0.00,0.38,3.74,20.83,28.58,30.17,30.95,30.91,30.87,30.41,29.57,27.67,17.17,1.95,0.00,0.00,0.00,0.00,0.00
10/13/2016,10,13,0.00,0.00,0.00,0.00,0.00,0.00,0.28,3.74,20.83,28.58,30.17,30.79,30.76,30.83,30.51,29.39,27.67,17.17,1.91,0.00,0.00,0.00,0.00,0.00
10/14/2016,10,14,0.00,0.00,0.00,0.00,0.00,0.00,0.28,3.45,20.62,28.49,29.68,30.43,30.04,30.83,30.51,29.21,27.33,15.52,1.25,0.00,0.00,0.00,0.00,0.00
10/15/2016,10,15,0.00,0.00,0.00,0.00,0.00,0.00,0.35,2.68,18.81,27.74,29.68,30.43,29.47,30.83,30.51,29.21,27.33,15.52,1.25,0.00,0.00,0.00,0.00,0.00
10/16/2016,10,16,0.00,0.00,0.00,0.00,0.00,0.00,0.35,2.68,18.81,27.74,29.68,30.66,29.47,30.83,30.51,28.92,27.33,13.85,1.17,0.00,0.00,0.00,0.00,0.00
10/17/2016,10,17,0.00,0.00,0.00,0.00,0.00,0.00,0.35,2.35,18.09,27.74,29.68,30.66,29.18,30.83,30.51,29.21,27.33,13.85,1.07,0.00,0.00,0.00,0.00,0.00
10/18/2016,10,18,0.00,0.00,0.00,0.00,0.00,0.00,0.35,2.19,18.09,27.74,29.68,30.82,31.13,31.04,30.72,29.21,27.33,13.85,1.07,0.00,0.00,0.00,0.00,0.00
10/19/2016,10,19,0.00,0.00,0.00,0.00,0.00,0.00,0.35,2.19,18.09,27.74,29.50,30.82,31.13,31.04,30.72,29.26,27.33,13.85,1.00,0.00,0.00,0.00,0.00,0.00
10/20/2016,10,20,0.00,0.00,0.00,0.00,0.00,0.00,0.35,2.19,18.09,27.74,29.50,30.82,31.13,31.04,30.72,29.26,27.00,12.65,0.69,0.00,0.00,0.00,0.00,0.00
10/21/2016,10,21,0.00,0.00,0.00,0.00,0.00,0.00,0.35,1.49,16.85,27.20,29.18,30.82,31.13,31.04,30.72,29.26,27.00,12.65,0.69,0.00,0.00,0.00,0.00,0.00
10/22/2016,10,22,0.00,0.00,0.00,0.00,0.00,0.00,0.34,1.49,16.85,27.20,29.18,30.82,31.13,31.04,30.72,29.26,27.00,11.84,0.58,0.00,0.00,0.00,0.00,0.00
10/23/2016,10,23,0.00,0.00,0.00,0.00,0.00,0.00,0.34,1.49,17.35,28.07,29.25,30.82,31.13,31.04,30.72,29.26,27.00,11.84,0.58,0.00,0.00,0.00,0.00,0.00
10/24/2016,10,24,0.00,0.00,0.00,0.00,0.00,0.00,0.34,1.49,17.35,28.07,29.25,30.19,31.13,31.04,30.72,29.26,27.00,11.84,0.51,0.00,0.00,0.00,0.00,0.00
10/25/2016,10,25,0.00,0.00,0.00,0.00,0.00,0.00,0.34,1.49,17.35,28.07,29.25,30.71,31.12,31.00,30.52,29.26,27.00,11.84,0.51,0.00,0.00,0.00,0.00,0.00
10/26/2016,10,26,0.00,0.00,0.00,0.00,0.00,0.00,0.34,1.39,17.35,28.07,29.25,30.71,31.12,31.00,30.08,29.11,26.52,11.25,0.45,0.00,0.00,0.00,0.00,0.00
10/27/2016,10,27,0.00,0.00,0.00,0.00,0.00,0.00,0.16,1.39,17.35,28.07,29.25,30.71,31.12,31.00,30.08,28.97,26.17,10.02,0.45,0.00,0.00,0.00,0.00,0.00
10/28/2016,10,28,0.00,0.00,0.00,0.00,0.00,0.00,0.16,1.39,17.35,28.07,29.25,30.71,31.12,31.00,30.08,28.97,26.17,10.02,0.45,0.00,0.00,0.00,0.00,0.00
10/29/2016,10,29,0.00,0.00,0.00,0.00,0.00,0.00,0.16,1.39,17.35,28.07,29.25,30.71,30.98,30.95,29.98,28.97,26.17,9.88,0.37,0.00,0.00,0.00,0.00,0.00
10/30/2016,10,30,0.00,0.00,0.00,0.00,0.00,0.00,0.16,1.01,16.70,27.81,29.11,30.45,30.80,30.74,29.87,28.76,25.68,9.08,0.37,0.00,0.00,0.00,0.00,0.00
10/31/2016,10,31,0.00,0.00,0.00,0.00,0.00,0.00,0.41,0.65,14.38,27.81,29.01,30.02,30.41,30.33,29.50,28.22,24.77,7.73,0.37,0.00,0.00,0.00,0.00,0.00
11/1/2016,11,1,0.00,0.00,0.00,0.00,0.00,0.00,0.41,0.65,14.38,27.81,29.01,30.92,31.42,31.10,29.90,28.35,24.77,7.73,0.49,0.00,0.00,0.00,0.00,0.00
11/2/2016,11,2,0.00,0.00,0.00,0.00,0.00,0.00,0.41,0.65,14.38,27.81,29.01,30.92,31.48,31.56,30.34,28.86,24.77,7.73,0.49,0.00,0.00,0.00,0.00,0.00
11/3/2016,11,3,0.00,0.00,0.00,0.00,0.00,0.00,0.41,0.65,14.38,27.81,29.01,30.92,31.48,31.56,30.34,28.86,24.41,7.04,0.49,0.00,0.00,0.00,0.00,0.00
11/4/2016,11,4,0.00,0.00,0.00,0.00,0.00,0.00,0.41,0.65,14.38,27.81,29.01,30.92,31.48,31.56,30.34,28.86,24.41,6.87,0.49,0.00,0.00,0.00,0.00,0.00
11/5/2016,11,5,0.00,0.00,0.00,0.00,0.00,0.00,0.41,0.65,14.38,27.81,29.01,30.92,31.48,31.56,30.34,28.86,24.03,6.87,0.49,0.00,0.00,0.00,0.00,0.00
11/6/2016,11,6,0.00,0.00,0.00,0.00,0.00,0.00,0.41,0.35,12.17,26.90,28.72,30.92,31.48,31.56,30.34,28.86,24.03,6.87,0.49,0.00,0.00,0.00,0.00,0.00
11/7/2016,11,7,0.00,0.00,0.00,0.00,0.00,0.00,0.34,0.35,12.17,26.90,28.72,30.92,31.48,31.56,30.34,28.86,24.03,6.87,0.49,0.00,0.00,0.00,0.00,0.00
11/8/2016,11,8,0.00,0.00,0.00,0.00,0.00,0.00,0.34,0.35,12.17,26.78,28.31,30.30,31.48,31.56,30.34,28.86,24.03,6.87,0.34,0.00,0.00,0.00,0.00,0.00
11/9/2016,11,9,0.00,0.00,0.00,0.00,0.00,0.00,0.16,0.35,12.17,26.78,28.31,30.30,31.13,31.01,29.69,28.32,23.94,6.36,0.31,0.00,0.00,0.00,0.00,0.00
11/10/2016,11,10,0.00,0.00,0.00,0.00,0.00,0.00,0.16,0.30,10.91,26.47,28.26,30.18,31.13,30.93,29.63,27.92,22.57,5.87,0.31,0.00,0.00,0.00,0.00,0.00
11/11/2016,11,11,0.00,0.00,0.00,0.00,0.00,0.00,0.16,0.30,10.91,26.47,28.26,30.17,31.13,30.93,29.63,27.92,22.57,5.22,0.31,0.00,0.00,0.00,0.00,0.00
11/12/2016,11,12,0.00,0.00,0.00,0.00,0.00,0.00,0.16,0.30,10.91,26.47,28.26,30.17,31.13,30.93,29.63,27.92,22.57,5.22,0.31,0.00,0.00,0.00,0.00,0.00
11/13/2016,11,13,0.00,0.00,0.00,0.00,0.00,0.00,0.16,0.30,10.91,26.47,28.26,30.17,31.13,30.93,29.63,27.92,22.57,5.22,0.31,0.00,0.00,0.00,0.00,0.00
11/14/2016,11,14,0.00,0.00,0.00,0.00,0.00,0.00,0.16,0.20,10.91,26.47,28.26,30.17,30.73,30.81,28.89,27.49,21.94,4.79,0.29,0.00,0.00,0.00,0.00,0.00
11/15/2016,11,15,0.00,0.00,0.00,0.00,0.00,0.00,0.16,0.20,10.32,26.19,28.09,30.17,30.73,30.81,28.89,27.49,21.94,4.79,0.29,0.00,0.00,0.00,0.00,0.00
11/16/2016,11,16,0.00,0.00,0.00,0.00,0.00,0.00,0.16,0.20,10.32,25.97,27.91,29.92,30.72,30.81,28.89,27.49,21.94,4.63,0.30,0.00,0.00,0.00,0.00,0.00
11/17/2016,11,17,0.00,0.00,0.00,0.00,0.00,0.00,0.16,0.37,9.80,25.80,27.91,29.77,30.70,30.81,28.89,27.46,21.40,4.37,0.30,0.00,0.00,0.00,0.00,0.00
11/18/2016,11,18,0.00,0.00,0.00,0.00,0.00,0.00,0.16,0.37,9.59,25.69,27.71,29.71,30.70,30.81,28.89,27.41,21.38,4.28,0.30,0.00,0.00,0.00,0.00,0.00
11/19/2016,11,19,0.00,0.00,0.00,0.00,0.00,0.00,0.16,0.37,9.11,25.33,27.34,29.27,30.99,30.70,28.46,26.99,20.96,4.20,0.30,0.00,0.00,0.00,0.00,0.00
11/20/2016,11,20,0.00,0.00,0.00,0.00,0.00,0.00,0.16,0.37,6.58,23.22,27.20,28.92,30.99,30.70,28.46,26.93,20.19,3.21,0.30,0.00,0.00,0.00,0.00,0.00
11/21/2016,11,21,0.00,0.00,0.00,0.00,0.00,0.00,0.16,0.37,6.58,23.22,26.73,28.92,30.99,30.70,28.46,26.93,20.19,3.21,0.30,0.00,0.00,0.00,0.00,0.00
11/22/2016,11,22,0.00,0.00,0.00,0.00,0.00,0.00,0.16,0.37,6.58,23.22,26.73,28.92,30.99,30.66,28.14,26.58,19.46,3.21,0.43,0.00,0.00,0.00,0.00,0.00
11/23/2016,11,23,0.00,0.00,0.00,0.00,0.00,0.00,0.16,0.37,6.58,23.22,26.73,28.92,30.99,30.66,28.14,26.58,19.46,3.21,0.43,0.00,0.00,0.00,0.00,0.00
11/24/2016,11,24,0.00,0.00,0.00,0.00,0.00,0.00,0.16,0.28,6.58,23.22,26.73,28.92,30.99,30.66,28.14,26.58,19.46,3.21,0.43,0.00,0.00,0.00,0.00,0.00
11/25/2016,11,25,0.00,0.00,0.00,0.00,0.00,0.00,0.16,0.28,3.39,20.51,26.61,28.92,30.99,30.66,27.96,26.58,19.39,3.05,0.43,0.00,0.00,0.00,0.00,0.00
11/26/2016,11,26,0.00,0.00,0.00,0.00,0.00,0.00,0.16,0.28,3.39,14.24,24.14,27.44,24.75,26.17,26.86,22.11,11.92,2.51,0.43,0.00,0.00,0.00,0.00,0.00
11/27/2016,11,27,0.00,0.00,0.00,0.00,0.00,0.00,0.16,0.28,1.54,14.24,24.14,27.44,30.79,30.79,28.14,26.53,18.11,2.51,0.43,0.00,0.00,0.00,0.00,0.00
11/28/2016,11,28,0.00,0.00,0.00,0.00,0.00,0.00,0.16,0.28,1.06,14.24,24.14,27.44,30.79,30.79,28.14,26.53,18.11,2.51,0.43,0.00,0.00,0.00,0.00,0.00
11/29/2016,11,29,0.00,0.00,0.00,0.00,0.00,0.00,0.16,0.28,1.06,13.87,24.14,27.44,30.79,30.79,28.14,26.53,18.11,2.51,0.21,0.00,0.00,0.00,0.00,0.00
11/30/2016,11,30,0.00,0.00,0.00,0.00,0.00,0.00,0.17,0.17,1.06,13.87,24.14,27.44,30.79,30.79,28.14,26.53,18.11,2.51,0.21,0.00,0.00,0.00,0.00,0.00
12/1/2016,12,1,0.00,0.00,0.00,0.00,0.00,0.00,0.17,0.17,1.06,13.87,24.14,27.44,30.79,30.79,28.14,26.53,18.11,2.51,0.21,0.00,0.00,0.00,0.00,0.00
12/2/2016,12,2,0.00,0.00,0.00,0.00,0.00,0.00,0.17,0.17,1.06,13.87,24.14,27.44,30.79,30.79,28.14,26.53,18.11,2.51,0.23,0.00,0.00,0.00,0.00,0.00
12/3/2016,12,3,0.00,0.00,0.00,0.00,0.00,0.00,0.17,0.17,0.25,3.39,20.19,26.21,30.79,30.79,28.14,26.53,18.11,2.45,0.23,0.00,0.00,0.00,0.00,0.00
12/4/2016,12,4,0.00,0.00,0.00,0.00,0.00,0.00,0.17,0.17,0.25,8.40,23.04,26.84,29.58,29.27,27.42,26.15,17.19,2.31,0.23,0.00,0.00,0.00,0.00,0.00
12/5/2016,12,5,0.00,0.00,0.00,0.00,0.00,0.00,0.17,0.21,0.34,8.40,23.04,26.84,29.58,29.27,27.42,26.15,16.81,2.31,0.23,0.00,0.00,0.00,0.00,0.00
12/6/2016,12,6,0.00,0.00,0.00,0.00,0.00,0.00,0.17,0.21,0.34,15.39,26.02,28.05,30.62,30.40,27.62,26.28,17.46,2.31,0.23,0.00,0.00,0.00,0.00,0.00
12/7/2016,12,7,0.00,0.00,0.00,0.00,0.00,0.00,0.19,0.21,0.38,15.39,26.02,28.05,30.62,30.40,27.62,26.28,17.46,2.17,0.23,0.00,0.00,0.00,0.00,0.00
12/8/2016,12,8,0.00,0.00,0.00,0.00,0.00,0.00,0.19,0.21,0.38,15.39,26.02,28.05,30.62,30.40,27.62,26.28,17.46,2.13,0.27,0.00,0.00,0.00,0.00,0.00
12/9/2016,12,9,0.00,0.00,0.00,0.00,0.00,0.00,0.19,0.32,0.49,15.39,26.02,28.05,30.62,30.40,27.62,26.28,17.46,2.31,0.27,0.00,0.00,0.00,0.00,0.00
12/10/2016,12,10,0.00,0.00,0.00,0.00,0.00,0.00,0.20,0.32,0.84,15.39,26.02,28.05,30.62,30.40,27.62,26.28,17.46,2.31,0.27,0.00,0.00,0.00,0.00,0.00
12/11/2016,12,11,0.00,0.00,0.00,0.00,0.00,0.00,0.21,0.32,1.75,16.37,26.02,28.05,30.62,30.40,27.62,26.28,17.52,2.31,0.27,0.00,0.00,0.00,0.00,0.00
12/12/2016,12,12,0.00,0.00,0.00,0.00,0.00,0.00,0.21,0.32,1.75,16.37,26.02,28.05,30.62,30.40,27.62,26.28,17.52,2.31,0.27,0.00,0.00,0.00,0.00,0.00
12/13/2016,12,13,0.00,0.00,0.00,0.00,0.00,0.00,0.21,0.32,1.75,16.37,25.33,27.52,30.11,30.00,27.47,26.14,17.52,2.31,0.27,0.00,0.00,0.00,0.00,0.00
12/14/2016,12,14,0.00,0.00,0.00,0.00,0.00,0.00,0.21,0.32,1.75,16.37,25.33,27.43,29.99,29.82,27.47,26.14,17.52,2.31,0.27,0.00,0.00,0.00,0.00,0.00
12/15/2016,12,15,0.00,0.00,0.00,0.00,0.00,0.00,0.21,0.32,1.75,16.37,25.33,27.43,29.90,29.82,27.47,26.14,17.55,2.31,0.24,0.00,0.00,0.00,0.00,0.00
12/16/2016,12,16,0.00,0.00,0.00,0.00,0.00,0.00,0.21,0.21,1.75,16.37,25.33,27.43,29.90,29.82,27.47,26.14,17.94,2.38,0.22,0.00,0.00,0.00,0.00,0.00
12/17/2016,12,17,0.00,0.00,0.00,0.00,0.00,0.00,0.21,0.21,1.75,16.37,25.33,27.43,29.90,29.82,27.47,26.14,17.94,2.38,0.22,0.00,0.00,0.00,0.00,0.00
12/18/2016,12,18,0.00,0.00,0.00,0.00,0.00,0.00,0.20,0.20,0.46,11.40,24.71,27.37,29.68,29.52,27.20,25.90,17.94,2.38,0.21,0.00,0.00,0.00,0.00,0.00
12/19/2016,12,19,0.00,0.00,0.00,0.00,0.00,0.00,0.20,0.20,0.46,9.45,23.31,27.37,29.68,29.43,27.20,25.90,17.94,2.38,0.21,0.00,0.00,0.00,0.00,0.00
12/20/2016,12,20,0.00,0.00,0.00,0.00,0.00,0.00,0.19,0.20,0.35,9.45,23.31,26.95,29.34,29.43,27.20,25.90,17.94,2.38,0.21,0.00,0.00,0.00,0.00,0.00
12/21/2016,12,21,0.00,0.00,0.00,0.00,0.00,0.00,0.18,0.19,0.35,9.45,23.31,26.95,29.01,29.43,27.14,25.90,17.94,2.38,0.21,0.00,0.00,0.00,0.00,0.00
12/22/2016,12,22,0.00,0.00,0.00,0.00,0.00,0.00,0.18,0.19,0.35,9.45,23.31,26.95,29.01,29.43,27.14,25.90,17.94,2.38,0.21,0.00,0.00,0.00,0.00,0.00
12/23/2016,12,23,0.00,0.00,0.00,0.00,0.00,0.00,0.18,0.19,0.61,11.54,23.67,26.95,28.98,29.21,27.07,25.58,17.67,2.38,0.20,0.00,0.00,0.00,0.00,0.00
12/24/2016,12,24,0.00,0.00,0.00,0.00,0.00,0.00,0.18,0.19,0.61,11.54,23.67,26.55,28.38,28.93,26.91,25.60,23.30,23.00,8.34,0.00,0.00,0.00,0.00,0.00
12/25/2016,12,25,0.00,0.00,0.00,0.00,0.00,0.00,0.17,0.16,0.61,11.54,23.67,26.55,28.38,30.00,30.00,27.56,23.30,23.00,8.34,0.00,0.00,0.00,0.00,0.00
12/26/2016,12,26,0.00,0.00,0.00,0.00,0.00,0.00,0.17,0.16,0.61,11.54,23.67,26.55,28.38,30.00,30.00,28.10,23.58,23.00,8.34,0.00,0.00,0.00,0.00,0.00
12/27/2016,12,27,0.00,0.00,0.00,0.00,0.00,0.00,0.17,0.16,0.61,11.54,23.67,26.55,28.38,30.00,30.00,28.10,23.58,23.00,8.34,0.00,0.00,0.00,0.00,0.00
12/28/2016,12,28,0.00,0.00,0.00,0.00,0.00,0.00,0.17,0.16,0.61,11.54,23.67,26.55,28.38,30.00,30.00,28.10,23.58,23.00,8.34,0.00,0.00,0.00,0.00,0.00
12/29/2016,12,29,0.00,0.00,0.00,0.00,0.00,0.00,0.17,0.16,0.61,11.54,23.67,26.55,28.38,30.00,30.00,28.10,23.58,23.00,8.34,0.00,0.00,0.00,0.00,0.00
12/30/2016,12,30,0.00,0.00,0.00,0.00,0.00,0.00,0.17,0.16,0.61,11.54,23.67,26.55,28.38,30.00,30.00,28.10,23.58,23.00,8.34,0.00,0.00,0.00,0.00,0.00
12/31/2016,12,31,0.00,0.00,0.00,0.00,0.00,0.00,0.17,0.16,0.61,11.54,23.67,26.55,28.38,30.00,30.00,28.10,23.58,23.00,8.34,0.00,0.00,0.00,0.00,0.00
1/1/2016,1,1,0.00,0.00,0.00,0.00,0.00,0.00,0.17,0.16,0.61,11.54,23.67,26.55,28.38,30.00,30.00,28.10,23.58,23.00,8.34,0.00,0.00,0.00,0.00,0.00
1/2/2016,1,2,0.00,0.00,0.00,0.00,0.00,0.00,0.17,0.16,0.61,11.54,23.67,26.55,28.38,30.00,30,28,23.58,23.00,8.34,0.00,0.00,0.00,0.00,0.00
1/3/2016,1,3,0.00,0.00,0.00,0.00,0.00,0.00,0.17,0.16,0.61,11.54,23.67,26.55,28.38,30.00,30,28,23.58,23.00,8.34,0.00,0.00,0.00,0.00,0.00
1/4/2016,1,4,0.00,0.00,0.00,0.00,0.00,0.00,0.17,0.16,0.61,11.54,23.67,26.55,28.38,30.00,30,28,23.58,23.00,8.34,0.00,0.00,0.00,0.00,0.00
1/5/2016,1,5,0.00,0.00,0.00,0.00,0.00,0.00,0.17,0.16,0.61,11.54,23.67,26.55,28.38,30.00,30,28,23.58,23.00,8.34,0.00,0.00,0.00,0.00,0.00
1/6/2016,1,6,0.00,0.00,0.00,0.00,0.00,0.00,0.17,0.16,0.61,11.54,23.67,26.55,28.38,30.00,30,28,23.58,23.00,8.34,0.00,0.00,0.00,0.00,0.00
1/7/2016,1,7,0.00,0.00,0.00,0.00,0.00,0.00,0.17,0.16,0.61,11.54,23.67,26.55,28.38,30.00,30,28,23.58,23.00,8.34,0.00,0.00,0.00,0.00,0.00
1/8/2016,1,8,0.00,0.00,0.00,0.00,0.00,0.00,0.17,0.16,0.61,11.54,23.67,26.55,28.38,30.00,30,28,23.58,23.00,8.34,0.00,0.00,0.00,0.00,0.00
1/9/2016,1,9,0.00,0.00,0.00,0.00,0.00,0.00,0.17,0.16,0.61,11.54,23.67,26.55,28.38,30.00,30,28,23.58,23.00,8.34,0.00,0.00,0.00,0.00,0.00
1/10/2016,1,10,0.00,0.00,0.00,0.00,0.00,0.00,0.17,0.16,0.61,11.54,23.67,26.55,28.38,30.00,30,28,23.58,23.00,8.34,0.00,0.00,0.00,0.00,0.00
1/11/2016,1,11,0.00,0.00,0.00,0.00,0.00,0.00,0.17,0.16,0.61,11.54,23.67,26.55,28.38,30.00,30,28,23.58,23.00,8.34,0.00,0.00,0.00,0.00,0.00
1/12/2016,1,12,0.00,0.00,0.00,0.00,0.00,0.00,0.17,0.16,0.61,11.54,23.67,26.55,28.38,30.00,30,28,23.58,23.00,8.34,0.00,0.00,0.00,0.00,0.00
1/13/2016,1,13,0.00,0.00,0.00,0.00,0.00,0.00,0.17,0.16,0.61,11.54,23.67,26.55,28.38,30.00,30,28,23.58,23.00,8.34,0.00,0.00,0.00,0.00,0.00
1/14/2016,1,14,0.00,0.00,0.00,0.00,0.00,0.00,0.17,0.16,0.61,11.54,23.67,26.55,28.38,30.00,30,28,23.58,23.00,8.34,0.00,0.00,0.00,0.00,0.00
1/15/2016,1,15,0.00,0.00,0.00,0.00,0.00,0.00,0.17,0.16,0.61,11.54,23.67,26.55,28.38,30.00,30,28,23.58,23.00,8.34,0.00,0.00,0.00,0.00,0.00
1/16/2016,1,16,0.00,0.00,0.00,0.00,0.00,0.00,0.17,0.16,0.61,11.54,23.67,26.55,28.38,30.00,30,28,23.58,23.00,8.34,0.00,0.00,0.00,0.00,0.00
