SUNE1,Month,Day,1,2,3,4,5,6,7,8,9,10,11,12,13,14,15,16,17,18,19,20,21,22,23,24
1/1/2016,1,1,0,0,0,0,0,0,0,5.63771E-05,1.468535662,5.86370039,6.647450924,6.278879642,5.810642242,5.801210403,6.126562595,6.260977268,5.204416752,0.958157599,4.88699E-06,0,0,0,0,0
1/2/2016,1,2,0,0,0,0,0,0,0,2.783E-05,1.468535662,5.86370039,6.647450924,6.278879642,5.810642242,5.801210403,6.116794586,6.260977268,5.204416752,0.958157599,4.88699E-06,0,0,0,0,0
1/3/2016,1,3,0,0,0,0,0,0,0,2.783E-05,1.468535662,5.86370039,6.647450924,6.278879642,5.810642242,5.801210403,6.116794586,6.260977268,5.204416752,1.098658919,4.88699E-06,0,0,0,0,0
1/4/2016,1,4,0,0,0,0,0,0,0,3.83191E-08,1.468535662,5.86370039,6.647450924,6.278879642,5.810642242,5.801210403,6.116794586,6.260977268,5.204416752,1.098658919,4.88699E-06,0,0,0,0,0
1/5/2016,1,5,0,0,0,0,0,0,0,3.83191E-08,1.323037982,5.156815529,6.300832272,5.964959621,5.707109928,5.658061981,6.116794586,6.075313568,5.160283566,1.098658919,4.88699E-06,0,0,0,0,0
1/6/2016,1,6,0,0,0,0,0,0,0,3.83191E-08,1.323037982,5.156815529,6.300832272,6.305404186,5.995105743,6.073083878,6.377765656,6.582688332,5.741235733,1.40749681,4.88699E-06,0,0,0,0,0
1/7/2016,1,7,0,0,0,0,0,0,0,6.70265E-06,1.575080514,6.190150261,6.891573429,6.458856106,6.040975571,6.073083878,6.333146334,6.59320879,5.841858864,1.40749681,4.88699E-06,0,0,0,0,0
1/8/2016,1,8,0,0,0,0,0,0,0,6.70265E-06,1.575080514,6.190150261,6.891573429,6.458856106,6.040975571,6.073083878,6.377765656,6.59320879,5.841858864,1.40749681,0,0,0,0,0,0
1/9/2016,1,9,0,0,0,0,0,0,0,6.70265E-06,1.575080514,6.190150261,6.891573429,6.458856106,6.040975571,6.073083878,6.377765656,6.59320879,5.841858864,1.40749681,0,0,0,0,0,0
1/10/2016,1,10,0,0,0,0,0,0,0,6.70265E-06,1.575080514,6.190150261,6.891573429,6.458856106,6.040975571,6.073083878,6.377765656,6.59320879,5.841858864,1.40749681,0,0,0,0,0,0
1/11/2016,1,11,0,0,0,0,0,0,0,6.70265E-06,1.575080514,6.190150261,6.891573429,6.458856106,6.040975571,6.073083878,6.485466957,6.59320879,5.841858864,1.40749681,0.000205345,0,0,0,0,0
1/12/2016,1,12,0,0,0,0,0,0,0,6.70265E-06,1.575080514,6.190150261,6.891573429,6.458856106,6.040975571,6.073083878,6.485466957,6.59320879,5.841858864,1.40749681,0.020085806,0,0,0,0,0
1/13/2016,1,13,0,0,0,0,0,0,0,6.70265E-06,1.575080514,6.190150261,7.01249218,6.458856106,6.040975571,6.286248684,6.489606857,6.761789322,6.191762447,1.868593454,0.020085806,0,0,0,0,0
1/14/2016,1,14,0,0,0,0,0,0,0,0.000231405,1.602607846,6.275945187,7.142404556,6.772297859,6.323142529,6.286248684,6.667104244,6.939715385,6.371245861,2.000227213,0.020085806,0,0,0,0,0
1/15/2016,1,15,0,0,0,0,0,0,0,0.000231405,1.602607846,6.275945187,7.142404556,6.772297859,6.323142529,6.286248684,6.667104244,6.939715385,6.371245861,2.000227213,0.020085806,0,0,0,0,0
1/16/2016,1,16,0,0,0,0,0,0,0,0.000231405,1.602607846,6.275945187,7.142404556,6.772297859,6.323142529,6.286248684,6.667104244,6.939715385,6.371245861,2.042780399,0.020085806,0,0,0,0,0
1/17/2016,1,17,0,0,0,0,0,0,0,0.000231405,1.602607846,6.296426773,7.142404556,6.772297859,6.367146969,6.286248684,6.667104244,6.939715385,6.371245861,2.174925089,0.020085806,0,0,0,0,0
1/18/2016,1,18,0,0,0,0,0,0,0,0.000231405,1.602607846,6.296426773,7.142404556,6.772297859,6.367146969,6.286248684,6.667104244,6.939715385,6.371245861,2.1888659,0.020085806,0,0,0,0,0
1/19/2016,1,19,0,0,0,0,0,0,0,0.000231405,1.713353515,6.296426773,7.142404556,6.772297859,6.367146969,6.286248684,6.667104244,6.939715385,6.371245861,2.1888659,0.006975013,0,0,0,0,0
1/20/2016,1,20,0,0,0,0,0,0,0,0.000231405,1.713353515,6.430947781,7.142404556,6.772297859,6.367146969,6.267475128,6.667104244,6.939715385,6.439861774,2.505464792,0.012442889,0,0,0,0,0
1/21/2016,1,21,0,0,0,0,0,0,0,6.81329E-05,1.713353515,6.500104904,7.078614235,6.743068695,6.367146969,6.262434006,6.583800316,6.916162491,6.530499458,2.604777575,0.015127801,0,0,0,0,0
1/22/2016,1,22,0,0,0,0,0,0,0,0.000294998,1.713353515,6.500104904,7.279073238,6.918172359,6.487020016,6.33939743,6.600335598,6.916162491,6.530499458,2.604777575,0.016871974,0,0,0,0,0
1/23/2016,1,23,0,0,0,0,0,0,0,0.000294998,1.857006669,6.500614643,7.279073238,6.944355488,6.555909634,6.468193054,6.750160694,7.092673302,6.657560349,2.769230127,0.021649236,0,0,0,0,0
1/24/2016,1,24,0,0,0,0,0,0,0,0.00165705,1.861433029,6.733959675,7.314014435,6.944355488,6.555909634,6.468193054,6.76558733,7.097716808,6.777194023,2.800484896,0.021649236,0,0,0,0,0
1/25/2016,1,25,0,0,0,0,0,0,0,0.00165705,1.861433029,6.733959675,7.314014435,6.944355488,6.555909634,6.468193054,6.832391739,7.097716808,6.777194023,2.800484896,0.021649236,0,0,0,0,0
1/26/2016,1,26,0,0,0,0,0,0,0,0.00394147,1.861433029,6.733959675,7.314014435,6.944355488,6.555909634,6.468193054,6.832391739,7.097716808,6.777194023,2.800484896,0.021649236,0,0,0,0,0
1/27/2016,1,27,0,0,0,0,0,0,0,0.00394147,1.861433029,6.733959675,7.314014435,6.944355488,6.555909634,6.468193054,6.832391739,7.097716808,6.777194023,2.800484896,0.021649236,0,0,0,0,0
1/28/2016,1,28,0,0,0,0,0,0,0,0.00394147,1.861433029,6.733959675,7.314014435,6.944355488,6.555909634,6.468193054,6.832391739,7.097716808,6.850139618,2.882905006,0.045147114,0,0,0,0,0
1/29/2016,1,29,0,0,0,0,0,0,0,0.00394147,1.861433029,6.733959675,7.314014435,7.061739445,6.702654839,6.586228848,6.832391739,7.097716808,6.850139618,2.882905006,0.045147114,0,0,0,0,0
1/30/2016,1,30,0,0,0,0,0,0,0,0.00394147,2.307249308,6.733959675,7.314014435,7.061739445,6.702654839,6.586228848,6.832391739,7.097716808,6.850139618,2.882905006,0.045147114,0,0,0,0,0
1/31/2016,1,31,0,0,0,0,0,0,0,0.00394147,2.307249308,7.212881565,7.908752918,7.683683395,7.282839298,7.152644157,7.392644882,7.707636356,7.380044937,3.729478359,0.075640038,0,0,0,0,0
2/1/2016,2,1,0,0,0,0,0,0,0,0.006612332,2.307249308,7.212881565,7.908752918,7.683683395,7.282839298,7.152644157,7.392644882,7.707636356,7.380044937,3.729478359,0.075640038,0,0,0,0,0
2/2/2016,2,2,0,0,0,0,0,0,0,0.006612332,2.368083715,7.212881565,7.908752918,7.683683395,7.282839298,7.152644157,7.392644882,7.707636356,7.380044937,3.744497538,0.096668638,0,0,0,0,0
2/3/2016,2,3,0,0,0,0,0,0,0,0.014737708,2.368083715,7.301968098,7.908752918,7.683683395,7.282839298,7.152644157,7.392644882,7.707636356,7.380044937,3.744497538,0.109227203,0,0,0,0,0
2/4/2016,2,4,0,0,0,0,0,0,0,0.014737708,2.368083715,7.301968098,7.908752918,7.683683395,7.282839298,7.152644157,7.392644882,7.707636356,7.380044937,3.744497538,0.109227203,0,0,0,0,0
2/5/2016,2,5,0,0,0,0,0,0,0,0.015466243,2.368083715,7.301968098,7.908752918,7.683683395,7.282839298,7.152644157,7.392644882,7.707636356,7.380044937,3.744497538,0.109227203,0,0,0,0,0
2/6/2016,2,6,0,0,0,0,0,0,0,0.015466243,2.545530796,7.301968098,7.908752918,7.683683395,7.282839298,7.152644157,7.392644882,7.707636356,7.380044937,3.835420847,0.112904467,0,0,0,0,0
2/7/2016,2,7,0,0,0,0,0,0,0,0.015466243,2.587800741,7.301968098,7.863674164,7.455490589,7.052428246,6.915809155,7.264438152,7.466636181,7.142934799,3.835420847,0.112904467,0,0,0,0,0
2/8/2016,2,8,0,0,0,0,0,0,0,0.015466243,2.587800741,7.301968098,7.863674164,7.455490589,7.052428246,6.915809155,7.145678997,7.466636181,7.142934799,3.835420847,0.136713654,0,0,0,0,0
2/9/2016,2,9,0,0,0,0,0,0,0,0.024339292,2.587800741,7.301968098,7.863674164,7.481229782,7.052428246,6.904243469,7.082838535,7.225097179,6.89244175,3.835420847,0.158104002,0,0,0,0,0
2/10/2016,2,10,0,0,0,0,0,0,0,0.024339292,2.587800741,7.186563015,7.749512196,7.481229782,6.984166622,6.830471039,7.082838535,7.225097179,6.89244175,3.835420847,0.158104002,0,0,0,0,0
2/11/2016,2,11,0,0,0,0,0,0,0,0.024339292,2.587800741,7.239209652,7.749512196,8.028517723,7.584300995,7.093445778,7.150333881,7.374363899,7.525885105,4.29471159,0.219888136,0,0,0,0,0
2/12/2016,2,12,0,0,0,0,0,0,0,0.02639352,3.080398083,7.239209652,7.749512196,8.028517723,7.584300995,7.093445778,7.263438702,7.531930447,7.525885105,4.29471159,0.226732269,0,0,0,0,0
2/13/2016,2,13,0,0,0,0,0,0,0,0.02639352,3.080398083,7.639431,8.182676315,8.028517723,7.584300995,7.093445778,7.263438702,7.531930447,7.7833004,4.77862978,0.268006086,0,0,0,0,0
2/14/2016,2,14,0,0,0,0,0,0,0,0.048352547,3.28010726,7.639431,8.182676315,8.028517723,7.584300995,7.39823246,7.578775406,7.819078922,7.7833004,4.77862978,0.294019073,0,0,0,0,0
2/15/2016,2,15,0,0,0,0,0,0,0,0.048352547,3.400964499,7.662764072,8.182676315,8.028517723,7.584300995,7.39823246,7.578775406,7.819078922,7.7833004,4.77862978,0.315555394,0,0,0,0,0
2/16/2016,2,16,0,0,0,0,0,0,0,0.048492748,3.400964499,7.662764072,8.182676315,8.028517723,7.584300995,7.39823246,7.666199207,7.982897282,7.7833004,4.77862978,0.315555394,0,0,0,0,0
2/17/2016,2,17,0,0,0,0,0,0,0,0.055336494,3.581376553,7.762859821,8.293522835,8.028517723,7.584300995,7.4333992,7.666199207,7.982897282,7.7833004,5.044344902,0.377746761,0,0,0,0,0
2/18/2016,2,18,0,0,0,0,0,0,0,0.071147077,3.805411339,7.840418339,8.293522835,7.962084293,7.626540184,7.4333992,7.666199207,7.982897282,7.7833004,5.044344902,0.377746761,0,0,0,0,0
2/19/2016,2,19,0,0,0,0,0,0,0,0.081082709,3.805411339,7.840418339,8.293522835,8.00715065,7.669043541,7.537516594,7.714362144,7.982897282,7.7833004,5.044344902,0.377746761,0,0,0,0,0
2/20/2016,2,20,0,0,0,0,0,0,0,0.081082709,3.805411339,7.840418339,8.293522835,8.00715065,7.669043541,7.537516594,7.714362144,7.982897282,7.663483143,5.044344902,0.377746761,0,0,0,0,0
2/21/2016,2,21,0,0,0,0,0,0,0,0.081082709,3.805411339,7.840418339,8.293522835,8.00715065,7.669043541,7.537516594,7.714362144,7.982897282,7.663483143,5.044344902,0.377746761,0,0,0,0,0
2/22/2016,2,22,0,0,0,0,0,0,0,0.137927562,4.434801102,8.316381454,8.499974251,8.195793152,7.892086029,7.786139965,7.936570644,8.18044281,7.961432457,5.631090641,0.530528247,0,0,0,0,0
2/23/2016,2,23,0,0,0,0,0,0,0,0.137927562,4.434801102,8.316381454,8.499974251,8.195793152,7.892086029,7.786139965,7.936570644,8.18044281,7.961432457,5.764987946,0.566437662,0,0,0,0,0
2/24/2016,2,24,0,0,0,0,0,0,0,0.167479709,4.682631969,8.353412628,8.602916718,8.270047188,7.9312253,7.84201622,7.985506058,8.232847214,8.122294426,5.902918816,0.607842028,0,0,0,0,0
2/25/2016,2,25,0,0,0,0,0,0,0,0.167479709,4.682631969,8.353412628,8.602916718,8.270047188,7.9312253,7.84201622,7.985506058,8.232847214,8.122294426,5.902918816,0.607842028,0,0,0,0,0
2/26/2016,2,26,0,0,0,0,0,0,0,0.167479709,4.682631969,8.353412628,8.602916718,8.270047188,7.9312253,7.84201622,7.985506058,8.232847214,8.122294426,5.902918816,0.607842028,0,0,0,0,0
2/27/2016,2,27,0,0,0,0,0,0,0,0.25764814,4.682631969,8.353412628,8.602916718,8.270047188,7.9312253,7.84201622,7.985506058,8.232847214,8.122294426,5.902918816,0.607842028,0,0,0,0,0
2/28/2016,2,28,0,0,0,0,0,0,0,0.25764814,4.682631969,8.353412628,8.602916718,8.270047188,7.9312253,7.84201622,7.985506058,8.232847214,8.122294426,5.902918816,0.607842028,0,0,0,0,0
3/1/2016,3,1,0,0,0,0,0,0,0,0.272486836,4.682631969,8.353412628,8.602916718,8.270047188,7.9312253,7.84201622,7.985506058,8.232847214,8.122294426,5.902918816,0.607842028,0,0,0,0,0
3/2/2016,3,2,0,0,0,0,0,0,0,0.272486836,4.682631969,8.353412628,8.602916718,8.270047188,7.9312253,7.84201622,7.985506058,8.232847214,8.122294426,5.902918816,0.686627328,0,0,0,0,0
3/3/2016,3,3,0,0,0,0,0,0,0,0.272486836,4.423285007,8.113357544,8.42175293,8.132116318,7.858787537,7.753772259,7.821482182,8.038244247,7.603536129,4.674432278,0.686627328,0,0,0,0,0
3/4/2016,3,4,0,0,0,0,0,0,0,0.399098426,3.918970108,7.344961643,8.365067482,8.326439857,8.020927429,8.184126854,7.945867062,6.794125557,7.091603279,5.8153615,0.686627328,0,0,0,0,0
3/5/2016,3,5,0,0,0,0,0,0,0,0.399098426,3.918970108,7.344961643,8.365067482,8.326439857,8.020927429,8.184126854,7.945867062,6.794125557,7.091603279,5.8153615,0.686627328,0,0,0,0,0
3/6/2016,3,6,0,0,0,0,0,0,0,0.443711311,5.195166588,8.05095005,8.734176636,8.426990509,8.139105797,8.184126854,8.254094124,8.41809845,8.102869034,5.894992352,0.781763434,0,0,0,0,0
3/7/2016,3,7,0,0,0,0,0,0,0,0.443711311,5.195166588,8.05095005,8.734176636,8.426990509,8.139105797,8.184126854,8.254094124,8.41809845,8.102869034,5.894992352,0.781763434,0,0,0,0,0
3/8/2016,3,8,0,0,0,0,0,0,0,0.443711311,5.195166588,8.05095005,8.734176636,8.426990509,8.139105797,8.184126854,8.254094124,8.41809845,8.102869034,5.894992352,0.781763434,0,0,0,0,0
3/9/2016,3,9,0,0,0,0,0,0,0,0.443711311,5.195166588,8.05095005,8.734176636,8.426990509,8.139105797,8.184126854,8.254094124,8.41809845,8.102869034,5.894992352,0.781763434,0,0,0,0,0
3/10/2016,3,10,0,0,0,0,0,0,0,0.443711311,5.195166588,8.05095005,8.734176636,8.426990509,8.139105797,8.184126854,8.254094124,8.41809845,8.102869034,5.894992352,0.838376641,0,0,0,0,0
3/11/2016,3,11,0,0,0,0,0,0,0,0.715912819,6.077459335,8.604870796,8.738890648,8.426990509,8.153912544,8.13608551,8.254094124,8.41809845,8.102869034,5.894992352,0.838376641,0,0,0,0,0
3/12/2016,3,12,0,0,0,0,0,0,0,0.765957236,6.077459335,8.604870796,8.738890648,8.426990509,8.178891182,8.13608551,8.254094124,8.41809845,8.141280174,6.392810345,1.108717561,0,0,0,0,0
3/13/2016,3,13,0,0,0,0,0,0,0,0.84442544,6.252187252,8.623170853,8.738890648,8.409295082,8.178891182,8.13608551,8.160762787,8.368193626,8.141280174,6.392810345,1.108717561,0,0,0,0,0
3/14/2016,3,14,0,0,0,0,0,0,0,0.848914564,6.252187252,8.623170853,8.738890648,8.409295082,8.178891182,8.110654831,8.160762787,8.368193626,8.141280174,6.418190002,1.229934454,0,0,0,0,0
3/15/2016,3,15,0,0,0,0,0,0,0,0.95128268,6.252187252,8.623170853,8.738890648,8.409295082,8.178891182,8.110654831,8.160762787,8.368193626,8.141280174,6.418190002,1.229934454,0,0,0,0,0
3/16/2016,3,16,0,0,0,0,0,0,0,1.01726234,6.329809666,8.623170853,8.738890648,8.409295082,8.178891182,8.110654831,8.160762787,8.368193626,8.141280174,6.418190002,1.263854742,0,0,0,0,0
3/17/2016,3,17,0,0,0,0,0,0,0,1.166851163,6.329809666,8.623170853,8.738890648,8.409295082,8.178891182,8.110654831,8.160762787,8.368193626,8.141280174,6.524030209,1.400460005,0,0,0,0,0
3/18/2016,3,18,0,0,0,0,0,0,0,1.166851163,6.329809666,8.623170853,8.736708641,8.399012566,8.178891182,8.110654831,8.160762787,8.368193626,8.141280174,6.524030209,1.400460005,0,0,0,0,0
3/19/2016,3,19,0,0,0,0,0,0,8.68129E-06,1.279652357,6.615475178,8.623170853,8.736708641,8.399012566,8.064401627,7.976540565,8.056834221,8.20715332,8.057150841,6.524030209,1.400460005,0,0,0,0,0
3/20/2016,3,20,0,0,0,0,0,0,8.68129E-06,1.41384685,6.615475178,8.294527054,8.630998611,8.350509644,8.055931091,7.933306694,8.042209625,8.20715332,8.057150841,6.524030209,1.400460005,0,0,0,0,0
3/21/2016,3,21,0,0,0,0,0,0,3.06043E-05,1.41384685,6.615475178,8.222765923,8.380980492,8.155871391,7.969973564,7.933306694,7.891506195,8.062713623,8.057150841,6.524030209,1.400460005,0,0,0,0,0
3/22/2016,3,22,0,0,0,0,0,0,3.06043E-05,1.41384685,6.615475178,8.222765923,8.393352509,8.155871391,7.969973564,7.933306694,8.081280708,8.062713623,8.057150841,6.524030209,1.400460005,0,0,0,0,0
3/23/2016,3,23,0,0,0,0,0,0,3.06043E-05,1.707151175,6.615475178,8.609659195,8.393352509,8.439617157,8.173211098,8.257002831,8.408430099,8.042329788,8.057150841,6.524030209,1.400460005,0,0,0,0,0
3/24/2016,3,24,0,0,0,0,0,0,0.000878508,1.707151175,6.63197422,8.609659195,8.642794609,8.439617157,8.267837524,8.257002831,8.408430099,8.042329788,8.057150841,6.402620316,1.374478221,0,0,0,0,0
3/25/2016,3,25,0,0,0,0,0,0,0.001179043,1.707151175,7.235859394,8.926226616,9.070291519,8.768068314,8.500632286,8.443361282,8.538939476,8.658179283,8.481638908,6.962883949,1.761407137,0,0,0,0,0
3/26/2016,3,26,0,0,0,0,0,0,0.001971952,1.90835619,7.41214323,8.926226616,9.070291519,8.807480812,8.568476677,8.538884163,8.685808182,8.782721519,8.530898094,7.060637474,1.790381551,0,0,0,0,0
3/27/2016,3,27,0,0,0,0,0,0,0.003087194,2.01694417,7.42808485,8.955779076,9.070291519,8.807480812,8.568476677,8.538884163,8.685808182,8.782721519,8.530898094,7.060637474,1.790381551,0,0,0,0,0
3/28/2016,3,28,0,0,0,0,0,0,0.00512953,2.01694417,7.42808485,8.955779076,9.070291519,8.807480812,8.568476677,8.538884163,8.685808182,8.782721519,8.530898094,7.060637474,1.790381551,0,0,0,0,0
3/29/2016,3,29,0,0,0,0,0,0,0.006043761,2.01694417,7.42808485,8.955779076,9.070291519,8.807480812,8.568476677,8.538884163,8.685808182,8.782721519,8.530898094,7.060637474,1.790381551,0,0,0,0,0
3/30/2016,3,30,0,0,0,0,0,0,0.006043761,2.01694417,7.42808485,8.955779076,9.070291519,8.807480812,8.568476677,8.538884163,8.685808182,8.782721519,8.530898094,7.060637474,1.790381551,0,0,0,0,0
3/31/2016,3,31,0,0,0,0,0,0,0.033714782,2.01694417,7.42808485,8.955779076,9.070291519,8.807480812,8.568476677,8.538884163,8.685808182,8.782721519,8.530898094,7.060637474,1.790381551,0,0,0,0,0
4/1/2016,4,1,0,0,0,0,0,0,0.033714782,2.01694417,7.42808485,8.955779076,9.041897774,8.807480812,8.568476677,8.538884163,8.685808182,8.782721519,8.530898094,7.060637474,1.909936309,0,0,0,0,0
4/2/2016,4,2,0,0,0,0,0,0,0.033714782,2.45655179,7.42808485,8.955779076,9.041897774,8.804445267,8.443574905,8.209430695,8.515350342,8.524198532,7.901797295,6.634679317,1.909936309,0,0,0,0,0
4/3/2016,4,3,0,0,0,0,0,0,0.033714782,2.45655179,7.182719231,8.202597618,8.479616165,8.556221008,8.267482758,8.209430695,8.241033554,8.240563393,7.901797295,6.634679317,1.909936309,0,0,0,0,0
4/4/2016,4,4,0,0,0,0,0,0,0.033714782,2.45655179,7.182719231,8.132478714,8.479616165,8.556221008,8.267482758,8.209430695,8.241033554,8.240563393,7.901797295,6.634679317,1.909936309,0,0,0,0,0
4/5/2016,4,5,0,0,0,0,0,0,0.040137075,2.957152367,7.5348773,8.396855354,8.479616165,8.556221008,8.267482758,8.209430695,8.241033554,8.240563393,7.992319107,6.634679317,1.909936309,0,0,0,0,0
4/6/2016,4,6,0,0,0,0,0,0,0.040137075,2.957152367,7.5348773,8.396855354,8.479616165,8.556221008,8.267482758,8.209430695,8.241033554,8.240563393,7.992319107,6.634679317,1.909936309,0,0,0,0,0
4/7/2016,4,7,0,0,0,0,0,0,0.047006004,3.229494333,7.6518507,8.396855354,8.479616165,8.556221008,8.267482758,8.241594315,8.241033554,8.240563393,7.992319107,6.634679317,2.196014643,0,0,0,0,0
4/8/2016,4,8,0,0,0,0,0,0,0.047006004,3.229494333,7.6518507,8.396855354,8.380199432,8.345883369,8.26169014,8.241594315,8.232125282,8.274127007,8.007396698,6.808506012,2.196014643,0,0,0,0,0
4/9/2016,4,9,0,0,0,0,0,0,0.073283382,3.296727896,7.6518507,8.396855354,8.380199432,8.356646538,8.278260231,8.241594315,8.271766663,8.359331131,8.055996895,6.841008186,2.259623051,0,0,0,0,0
4/10/2016,4,10,0,0,0,0,0,0,0.082744315,3.309487581,7.6518507,8.396855354,8.406212807,8.356646538,8.278260231,8.241594315,8.271766663,8.359331131,8.055996895,6.841008186,2.259623051,0,0,0,0,0
4/11/2016,4,11,0,0,0,0,0,0,0.082744315,3.309487581,7.6518507,8.396855354,8.61371994,8.438275337,8.278260231,8.241594315,8.271766663,8.41298008,8.198234558,6.902991772,2.259623051,0,0,0,0,0
4/12/2016,4,12,0,0,0,0,0,0,0.091563366,3.545609713,7.6518507,8.567610741,8.696627617,8.639795303,8.561655045,8.281388283,8.359041214,8.538759232,8.294518471,7.083305359,2.552301645,0,0,0,0,0
4/13/2016,4,13,0,0,0,0,0,0,0.126352131,3.894067287,7.686713696,8.567610741,8.696627617,8.639795303,8.561655045,8.281388283,8.359041214,8.538759232,8.294518471,7.083305359,2.552301645,0,0,0,0,0
4/14/2016,4,14,0,0,0,0,0,0,0.126352131,3.894067287,7.686713696,8.567610741,8.696627617,8.639795303,8.561655045,8.281388283,8.359041214,8.538759232,8.294518471,7.083305359,2.552301645,0,0,0,0,0
4/15/2016,4,15,0,0,0,0,0,0,0.133059695,4.18073082,7.686713696,8.636872292,8.696627617,8.639795303,8.561655045,8.324322701,8.359041214,8.538759232,8.294518471,7.083305359,2.552301645,0,0,0,0,0
4/16/2016,4,16,0,0,0,0,0,0,0.18174237,4.248510838,7.90404129,8.636872292,8.696627617,8.639795303,8.561655045,8.324322701,8.452578545,8.544606209,8.311700821,7.286183834,2.863783836,0,0,0,0,0
4/17/2016,4,17,0,0,0,0,0,0,0.196550727,4.248510838,7.90404129,8.636872292,8.696627617,8.639795303,8.561655045,8.324322701,8.452578545,8.544606209,8.311700821,7.286183834,2.863783836,0,0,0,0,0
4/18/2016,4,18,0,0,0,0,0,0,0.196550727,4.248510838,7.90404129,8.636872292,8.696627617,8.639795303,8.561655045,8.422141075,8.452578545,8.544606209,8.311700821,7.286183834,2.863783836,0,0,0,0,0
4/19/2016,4,19,0,0,0,0,0,0,0.246685952,4.464802742,7.90404129,9.14650631,9.126026154,8.998373985,8.904651642,8.824402809,8.822859764,8.812773705,8.423569679,7.324565411,2.946372271,0,0,0,0,0
4/20/2016,4,20,0,0,0,0,0,0,0.280854464,4.570122242,7.90404129,9.14650631,9.126026154,8.998373985,8.904651642,8.824402809,8.822859764,8.873698235,8.616568565,7.464470863,3.047928095,0,0,0,0,0
4/21/2016,4,21,0,0,0,0,0,0,0.319225222,4.881392479,8.255520821,9.14650631,9.126026154,8.998373985,8.904651642,8.824402809,8.822859764,8.873698235,8.616568565,7.464470863,3.047928095,0,0,0,0,0
4/22/2016,4,22,0,0,0,0,0,0,0.319225222,4.881392479,8.255520821,9.14650631,9.126026154,8.998373985,8.904651642,8.824402809,8.822859764,8.873698235,8.616568565,7.464470863,3.047928095,0,0,0,0,0
4/23/2016,4,23,0,0,0,0,0,0,0.36539796,4.881392479,8.255520821,9.14650631,9.126026154,8.998373985,8.904651642,8.824402809,8.822859764,8.873698235,8.616568565,7.464470863,3.047928095,0,0,0,0,0
4/24/2016,4,24,0,0,0,0,0,0,0.36539796,4.881392479,8.255520821,9.14650631,9.126026154,8.998373985,8.904651642,8.824402809,8.822859764,8.873698235,8.616568565,7.464470863,3.047928095,0,0,0,0,0
4/25/2016,4,25,0,0,0,0,0,0,0.36539796,4.881392479,8.255520821,9.14650631,9.126026154,8.998373985,8.904651642,8.824402809,8.822859764,8.873698235,8.616568565,7.464470863,3.091920614,0,0,0,0,0
4/26/2016,4,26,0,0,0,0,0,0,0.36539796,4.881392479,8.255520821,8.972015381,8.940745354,8.813176155,8.854535103,8.780129433,8.791509628,8.873698235,8.616568565,7.464470863,3.154383898,0,0,0,0,0
4/27/2016,4,27,0,0,0,0,0,0,0.556292951,5.220582485,8.255520821,8.972015381,8.940745354,8.813176155,8.708492279,8.695622444,8.761725426,8.705933571,8.385569572,7.233296394,3.283092976,0,0,0,0,0
4/28/2016,4,28,0,0,0,0,0,0,0.556292951,5.220582485,7.905758381,8.68210125,8.926498413,8.813176155,8.708492279,8.695622444,8.761725426,8.705933571,8.385569572,7.233296394,3.283092976,0,0,0,0,0
4/29/2016,4,29,0,0,0,0,0,0,0.556292951,5.220582485,7.905758381,8.68210125,8.926498413,8.813176155,8.708492279,8.695622444,8.761725426,8.705933571,8.385569572,7.233296394,3.283092976,0,0,0,0,0
4/30/2016,4,30,0,0,0,0,0,0,0.556292951,5.220582485,7.868242264,8.68210125,8.926498413,8.813176155,8.708492279,8.695622444,8.761725426,8.705933571,8.385569572,7.233296394,3.283092976,0,0,0,0,0
5/1/2016,5,1,0,0,0,0,0,0,0.591623664,5.220582485,7.868242264,8.68210125,8.502905846,8.360311508,8.663407326,8.492168427,8.457489967,8.632770538,8.289937019,7.233296394,3.283092976,0,0,0,0,0
5/2/2016,5,2,0,0,0,0,0,0,0.751458824,5.220582485,7.867874622,8.447444916,8.440525055,8.360311508,8.663407326,8.492168427,8.457489967,8.632770538,8.27520752,7.018053055,3.283092976,0,0,0,0,0
5/3/2016,5,3,0,0,0,0,0,0,0.751458824,5.220582485,7.867874622,8.447444916,8.440525055,8.360311508,8.663407326,8.492168427,8.906431198,8.755857468,8.200193405,7.018053055,3.283092976,0,0,0,0,0
5/4/2016,5,4,0,0,0,0,0,0,0.754460275,5.275523186,7.984487057,8.447444916,8.80770874,8.895981789,8.684449196,8.44260788,8.906431198,8.755857468,8.420331955,7.445476055,3.811522961,0,0,0,0,0
5/5/2016,5,5,0,0,0,0,0,0,0.911269665,5.563082218,8.05734539,8.447444916,8.80770874,8.895981789,8.684449196,8.44260788,8.906431198,8.755857468,8.420331955,7.445476055,3.811522961,0,0,0,0,0
5/6/2016,5,6,0,0,0,0,0,0,0.944752395,5.563082218,8.05734539,8.447444916,8.80770874,8.895981789,8.684449196,8.44260788,8.906431198,8.755857468,8.420331955,7.445476055,3.811522961,0,0,0,0,0
5/7/2016,5,7,0,0,0,0,0,0,0.944752395,5.563082218,8.05734539,8.447444916,8.80770874,8.895981789,8.684449196,8.905804634,8.906431198,8.755857468,8.420331955,7.445476055,3.811522961,0,0,0,0,0
5/8/2016,5,8,0,0,0,0,0,0,0.957332551,5.878658772,8.208106995,8.790225983,8.80770874,8.895981789,8.684449196,8.905804634,8.906431198,8.755857468,8.420331955,7.445476055,3.811522961,0,0,0,0,0
5/9/2016,5,9,0,0,0,0,0,0,0.957332551,5.878658772,8.208106995,8.790225983,8.884431839,8.895981789,8.684449196,8.905804634,8.906431198,8.755857468,8.494699478,7.445476055,3.811522961,0,0,0,0,0
5/10/2016,5,10,0,0,0,0,0,0,0.957332551,5.878658772,8.208106995,8.790225983,9.121170998,8.895981789,8.838307381,8.905804634,8.845793724,8.693411827,8.494699478,7.445476055,3.811522961,0,0,0,0,0
5/11/2016,5,11,0,0,0,0,0,0,0.957332551,5.878658772,8.208106995,8.790225983,9.121170998,8.860272408,8.838307381,8.905804634,8.845793724,8.693411827,8.494699478,7.398684025,3.712986469,0,0,0,0,0
5/12/2016,5,12,0,0,0,0,0,0,0.957332551,5.878658772,8.208106995,8.790225983,9.121170998,8.860272408,8.838307381,8.905804634,8.845793724,8.693411827,8.494699478,7.398684025,3.712986469,0,0,0,0,0
5/13/2016,5,13,0,0,0,0,0,0,1.061748505,5.916753769,8.208106995,8.790225983,9.121170998,8.860272408,8.838307381,8.905804634,8.845793724,8.693411827,8.494699478,7.398684025,4.147082806,0,0,0,0,0
5/14/2016,5,14,0,0,0,0,0,0,1.227274776,6.250488758,8.208106995,8.883156776,9.121170998,8.860272408,8.838307381,8.97472477,8.972227097,8.895974159,8.494699478,7.448598862,4.220868111,0,0,0,0,0
5/15/2016,5,15,0,0,0,0,0,0,1.227274776,6.250488758,8.181284904,8.883156776,9.121170998,8.860272408,8.838307381,8.97472477,8.972227097,8.895974159,8.494699478,7.448598862,4.220868111,0,0,0,0,0
5/16/2016,5,16,0,0,0,0,0,0,1.227274776,6.250488758,8.181284904,8.883156776,9.121170998,8.860272408,8.838307381,8.97472477,8.972227097,8.895974159,8.476446152,7.448598862,4.220868111,0,0,0,0,0
5/17/2016,5,17,0,0,0,0,0,0,1.227274776,6.250488758,8.181284904,8.883156776,8.930415154,8.789011955,8.760442734,8.97472477,8.972227097,8.895974159,8.476446152,7.448598862,4.400496006,0,0,0,0,0
5/18/2016,5,18,0,0,0,0,0,0,1.227274776,6.250488758,8.181284904,8.883156776,8.930415154,8.789011955,8.760442734,8.97472477,8.972227097,8.895974159,8.476446152,7.448598862,4.400496006,0,0,0,0,0
5/19/2016,5,19,0,0,0,0,0,0,1.227274776,6.250488758,8.181284904,8.883156776,8.930415154,8.789011955,8.760442734,8.97472477,8.972227097,8.895974159,8.476446152,7.537734985,4.628834248,0,0,0,0,0
5/20/2016,5,20,0,0,0,0,0,0,1.286348581,6.250488758,8.181284904,8.883156776,8.930415154,8.789011955,8.760442734,8.97472477,8.972227097,8.895974159,8.476446152,7.537734985,4.628834248,0,0,0,0,0
5/21/2016,5,21,0,0,0,0,0,0,1.349061131,6.232001305,8.0523386,8.589326859,8.66903019,8.663459778,8.661310196,8.66069603,8.485330582,8.540997505,8.309576988,7.537734985,4.628834248,0,0,0,0,0
5/22/2016,5,22,0,0,0,0,0,0,1.349061131,6.232001305,7.984674931,8.589326859,8.590289116,8.648903847,8.661310196,8.66069603,8.485330582,8.540997505,8.309576988,7.537734985,4.628834248,0,0,0,0,0
5/23/2016,5,23,0,0,0,0,0,0,1.349061131,6.232001305,7.984674931,8.589326859,8.590289116,8.648903847,8.661310196,8.66069603,8.485330582,8.540997505,8.309576988,7.537734985,4.628834248,0,0,0,0,0
5/24/2016,5,24,0,0,0,0,0,0,1.349061131,6.232001305,7.984674931,8.589326859,8.590289116,8.648903847,8.661310196,8.66069603,8.45153141,8.540997505,7.745294094,7.537734985,4.628834248,0,0,0,0,0
5/25/2016,5,25,0,0,0,0,0,0,1.443410397,6.109935284,7.984674931,8.589326859,8.590289116,8.648903847,8.661310196,8.66069603,8.45153141,8.540997505,7.745294094,7.537734985,4.628834248,0,0,0,0,0
5/26/2016,5,26,0,0,0,0,0,0,1.443410397,5.966123581,7.710593224,8.29264164,8.402894974,8.4764328,8.063365936,8.59672451,8.466941833,8.481764793,7.745294094,6.792165279,4.199119091,0,0,0,0,0
5/27/2016,5,27,0,0,0,0,0,0,1.443410397,5.966123581,7.935771465,8.594247818,8.657494545,8.609494209,8.563379288,8.59672451,8.466941833,8.481764793,8.078155518,7.142949104,4.311284542,0,0,0,0,0
5/28/2016,5,28,0,0,0,0,0,0,1.443410397,5.894266605,7.935771465,8.594247818,8.657494545,8.609494209,8.563379288,8.59672451,8.466941833,8.481764793,8.078155518,7.142949104,4.311284542,0,0,0,0,0
5/29/2016,5,29,0,0,0,0,0,0,1.443410397,5.894266605,7.935771465,8.594247818,8.657494545,8.609494209,8.563379288,8.59672451,8.587472916,8.55837822,8.16878891,7.142949104,4.368450165,0,0,0,0,0
5/30/2016,5,30,0,0,0,0,0,0,1.443410397,5.894266605,7.935771465,8.594247818,9.031395912,8.974820137,8.927453995,8.889344215,8.741163254,8.722458839,8.427157402,7.430819988,4.601079941,0,0,0,0,0
5/31/2016,5,31,0,0,0,0,0,0,1.552660465,6.193840981,7.935771465,8.613157272,8.793988705,8.974820137,8.927453995,8.889344215,8.741163254,8.722458839,8.427157402,7.430819988,4.755502701,0,0,0,0,0
6/1/2016,6,1,0,0,0,0,0,0,1.623776078,6.372024536,8.103459358,8.613157272,9.031395912,8.974820137,8.927453995,8.889344215,8.741163254,8.722458839,8.427157402,7.481445313,5.131007195,0,0,0,0,0
6/2/2016,6,2,0,0,0,0,0,0,1.623776078,6.372024536,8.219723701,8.688729286,9.031395912,8.974820137,8.927453995,8.889344215,8.741163254,8.722458839,8.427157402,7.481445313,5.131007195,0,0,0,0,0
6/3/2016,6,3,0,0,0,0,0,0,1.623776078,6.372024536,8.219723701,8.688729286,9.031395912,8.974820137,8.927453995,8.889344215,8.741163254,8.722458839,8.427157402,7.481445313,5.131007195,0,0,0,0,0
6/4/2016,6,4,0,0,0,0,0,0,1.623776078,6.372024536,8.219723701,8.688729286,9.031395912,8.974820137,8.927453995,8.889344215,8.741163254,8.722458839,8.427157402,7.481445313,5.131007195,0,0,0,0,0
6/5/2016,6,5,0,0,0,0,0,0,1.623776078,6.372024536,8.219723701,8.691428185,9.031395912,8.974820137,8.927453995,8.889344215,8.741163254,8.722458839,8.427157402,7.481445313,5.131007195,0,0,0,0,0
6/6/2016,6,6,0,0,0,0,0,0,1.623776078,6.372024536,8.219723701,8.691428185,8.592359543,8.585370064,8.673807144,8.652336121,8.728323936,8.600152016,8.273327827,7.481445313,5.131007195,0,0,0,0,0
6/7/2016,6,7,0,0,0,0,0,0,1.623776078,6.372024536,8.219723701,8.691428185,8.650613785,8.585370064,8.634391785,8.652336121,8.728323936,8.600152016,8.273327827,7.481445313,5.131007195,0,0,0,0,0
6/8/2016,6,8,0,0,0,0,0,0,1.623776078,6.301363945,8.219723701,8.691428185,8.650613785,8.538029671,8.461593628,8.652336121,8.728323936,8.600152016,8.273327827,7.481445313,5.131007195,0,0,0,0,0
6/9/2016,6,9,0,0,0,0,0,0,1.623776078,5.93057251,7.643512726,8.535357475,8.650613785,8.406801224,8.484007835,8.652336121,8.728323936,8.600152016,8.273327827,7.481445313,5.131007195,0,0,0,0,0
6/10/2016,6,10,0,0,0,0,0,0,1.623776078,5.93057251,7.643512726,8.535357475,8.650613785,8.707065582,8.484007835,8.453028679,8.428135872,8.535819054,8.300000191,7.481445313,5.131007195,0,0,0,0,0
6/11/2016,6,11,0,0,0,0,0,0,1.623776078,5.93057251,7.684883595,8.752817154,8.799407005,8.718752861,8.564441681,8.453028679,8.428135872,8.535819054,8.300000191,7.481445313,5.131007195,0,0,0,0,0
6/12/2016,6,12,0,0,0,0,0,0,1.623776078,6.627202988,8.277828217,8.752817154,8.799407005,8.718752861,8.57984066,8.601670265,8.618447304,8.557818413,8.353162766,7.481445313,5.131007195,0,0,0,0,0
6/13/2016,6,13,0,0,0,0,0,0,1.623776078,6.627202988,8.277828217,8.752817154,8.799407005,8.718752861,8.57984066,8.601670265,8.618447304,8.557818413,8.353162766,7.481445313,5.131007195,0,0,0,0,0
6/14/2016,6,14,0,0,0,0,0,0,1.623776078,6.627202988,8.277828217,8.752817154,8.799407005,8.718752861,8.57984066,8.601670265,8.618447304,8.557818413,8.353162766,7.481445313,5.131007195,0,0,0,0,0
6/15/2016,6,15,0,0,0,0,0,0,1.623776078,6.627202988,8.277828217,8.752817154,8.799407005,8.718752861,8.57984066,8.601670265,9.325585365,8.557818413,8.353162766,7.481445313,5.131007195,0,0,0,0,0
6/16/2016,6,16,0,0,0,0,0,0,1.623776078,6.627202988,8.277828217,8.752817154,8.799407005,8.718752861,8.57984066,8.601670265,9.325585365,8.557818413,8.353162766,7.481445313,5.131007195,0,0,0,0,0
6/17/2016,6,17,0,0,0,0,0,0,1.623776078,6.627202988,8.277828217,8.752817154,8.799407005,8.718752861,8.57984066,8.601670265,9.325585365,8.557818413,8.353162766,7.610274792,5.480902195,0,0,0,0,0
6/18/2016,6,18,0,0,0,0,0,0,1.623776078,6.627202988,8.277828217,8.685311317,8.767019272,8.669078827,8.57984066,8.601670265,9.325585365,8.557818413,8.353162766,7.610274792,5.480902195,0,0,0,0,0
6/19/2016,6,19,0,0,0,0,0,0,1.623776078,6.423099518,8.039934158,8.668465614,8.767019272,8.620271683,8.500754356,8.489345551,9.325585365,8.416171074,8.185819626,7.402383327,5.030220032,0,0,0,0,0
6/20/2016,6,20,0,0,0,0,0,0,1.360500097,5.692998886,7.633395195,8.263453484,8.266648293,8.414187431,8.327551842,8.357446671,9.325585365,8.290496826,7.840613365,6.0365448,4.523813248,0,0,0,0,0
6/21/2016,6,21,0,0,0,0,0,0,1.360500097,5.692998886,7.633395195,8.263453484,8.617817879,8.414187431,8.744812965,8.374905586,9.325585365,8.456859589,8.414034843,6.0365448,4.523813248,0,0,0,0,0
6/22/2016,6,22,0,0,0,0,0,0,1.360500097,5.692998886,7.633395195,8.263453484,8.617817879,8.414187431,8.744812965,8.418909073,8.481575012,8.456859589,8.414034843,6.705333233,4.523813248,0,0,0,0,0
6/23/2016,6,23,0,0,0,0,0,0,1.360500097,5.692998886,7.633395195,8.263453484,8.617817879,8.404125214,8.744812965,8.418909073,8.481575012,8.456859589,8.414034843,6.705333233,4.523813248,0,0,0,0,0
6/24/2016,6,24,0,0,0,0,0,0,1.077548981,4.795562267,7.520653248,8.129644394,8.617817879,8.404125214,8.744812965,8.418909073,8.481575012,8.456859589,8.414034843,6.705333233,4.523813248,0,0,0,0,0
6/25/2016,6,25,0,0,0,0,0,0,1.077548981,4.795562267,7.520653248,8.129644394,8.617817879,8.404125214,8.744812965,8.418909073,8.481575012,8.456859589,8.414034843,6.705333233,4.886620045,0,0,0,0,0
6/26/2016,6,26,0,0,0,0,0,0,1.083214045,4.795562267,7.387022018,8.129644394,8.617817879,8.404125214,8.744812965,8.418909073,8.481575012,8.456859589,8.414034843,6.705333233,4.886620045,0,0,0,0,0
6/27/2016,6,27,0,0,0,0,0,0,1.327226281,5.833636761,7.668403149,8.129644394,8.617817879,8.404125214,8.744812965,8.418909073,8.481575012,8.456859589,8.414034843,6.872614861,4.886620045,0,0,0,0,0
6/28/2016,6,28,0,0,0,0,0,0,1.327226281,5.833636761,7.668403149,8.129644394,8.41114521,8.404125214,8.419863701,8.418909073,8.246197701,8.094054222,7.814730167,7.0006423,4.886620045,0,0,0,0,0
6/29/2016,6,29,0,0,0,0,0,0,1.327226281,5.833636761,7.668403149,8.076310158,8.41114521,8.360487938,8.362541199,8.214805603,8.193936348,8.094054222,7.814730167,7.0006423,4.886620045,0,0,0,0,0
6/30/2016,6,30,0,0,0,0,0,0,1.327226281,5.833636761,7.668403149,8.076310158,8.41114521,8.360487938,8.362541199,8.214805603,8.193936348,8.094054222,7.814730167,7.0006423,4.886620045,0,0,0,0,0
7/1/2016,7,1,0,0,0,0,0,0,1.327226281,5.833636761,7.668403149,8.074626923,8.41114521,8.360487938,8.362541199,8.214805603,8.193936348,8.094054222,7.811842442,7.0006423,4.886620045,0,0,0,0,0
7/2/2016,7,2,0,0,0,0,0,0,1.327226281,5.833636761,7.668403149,8.074626923,8.212772369,8.14644146,8.193073273,8.214805603,8.193936348,8.094054222,7.811842442,7.0006423,5.1071105,0,0,0,0,0
7/3/2016,7,3,0,0,0,0,0,0,1.327226281,5.833636761,7.668403149,8.074626923,8.212772369,8.14644146,8.193073273,8.214805603,8.193936348,8.094054222,7.811842442,7.0006423,5.1071105,0,0,0,0,0
7/4/2016,7,4,0,0,0,0,0,0,1.304735184,5.420023441,7.331004143,8.074626923,8.860676765,8.750961304,8.607204437,8.549115181,8.193936348,8.137441635,7.811842442,7.0006423,5.1071105,0,0,0,0,0
7/5/2016,7,5,0,0,0,0,0,0,1.304735184,5.420023441,6.905107021,8.421998978,8.860676765,8.750961304,8.607204437,8.549115181,8.148318291,8.569774628,7.607581139,7.123227596,5.27259922,0,0,0,0,0
7/6/2016,7,6,0,0,0,0,0,0,1.304735184,5.420023441,6.905107021,8.421998978,8.860676765,8.750961304,8.607204437,8.549115181,8.397569656,8.569774628,7.854063511,7.123227596,5.27259922,0,0,0,0,0
7/7/2016,7,7,0,0,0,0,0,0,1.1335181,4.911263943,6.905107021,8.421998978,8.860676765,8.750961304,8.607204437,8.549115181,8.397569656,8.569774628,7.854063511,7.123227596,5.27259922,0,0,0,0,0
7/8/2016,7,8,0,0,0,0,0,0,1.1335181,4.911263943,6.905107021,8.421998978,8.860676765,8.750961304,8.607204437,8.549115181,8.397569656,8.569774628,7.992846966,7.123227596,5.27259922,0,0,0,0,0
7/9/2016,7,9,0,0,0,0,0,0,1.1335181,5.422396183,7.486920834,8.421998978,8.860676765,8.750961304,8.607204437,8.549115181,8.397569656,8.569774628,7.992846966,7.123227596,5.27259922,0,0,0,0,0
7/10/2016,7,10,0,0,0,0,0,0,1.1335181,5.422396183,7.530331612,8.421998978,8.860676765,8.750961304,8.607204437,8.549115181,8.397569656,8.569774628,8.05012989,7.123227596,5.27259922,0,0,0,0,0
7/11/2016,7,11,0,0,0,0,0,0,1.1335181,5.422396183,7.530331612,8.421998978,8.422152519,8.453816414,8.384884834,8.41977787,8.397569656,8.569774628,8.147453308,7.123227596,5.367977142,0,0,0,0,0
7/12/2016,7,12,0,0,0,0,0,0,1.1335181,5.422396183,7.530331612,8.250462532,8.422152519,8.453816414,8.384884834,8.41977787,8.397569656,8.282440186,8.147453308,6.884107113,5.44920826,0,0,0,0,0
7/13/2016,7,13,0,0,0,0,0,0,1.098218441,5.468173981,7.530331612,8.247184753,8.406350136,8.350722313,8.275857925,8.378896713,8.334983826,8.282440186,8.147453308,7.017794609,5.44920826,0,0,0,0,0
7/14/2016,7,14,0,0,0,0,0,0,1.098218441,5.623521805,7.647445202,8.318803787,8.48766613,8.40525341,8.30591774,8.378896713,8.352034569,8.282440186,8.147453308,7.120240211,5.44920826,0,0,0,0,0
7/15/2016,7,15,0,0,0,0,0,0,1.098218441,5.623521805,7.647445202,8.318803787,8.48766613,8.40525341,8.30591774,8.378896713,8.352034569,8.24971199,8.147453308,7.120240211,5.44920826,0,0,0,0,0
7/16/2016,7,16,0,0,0,0,0,0,1.098218441,5.623521805,7.647445202,8.318803787,8.48766613,8.40525341,8.30591774,8.378896713,8.352034569,8.24971199,8.147453308,7.120240211,5.44920826,0,0,0,0,0
7/17/2016,7,17,0,0,0,0,0,0,1.074909806,5.623521805,7.647445202,8.318803787,8.48766613,8.40525341,8.30591774,8.369152069,8.352034569,8.24971199,8.147453308,7.120240211,5.44920826,0,0,0,0,0
7/18/2016,7,18,0,0,0,0,0,0,1.074909806,5.623521805,7.647445202,8.318803787,8.48766613,8.40525341,8.30591774,8.369152069,8.352034569,8.24971199,8.028437614,7.120240211,5.44920826,0,0,0,0,0
7/19/2016,7,19,0,0,0,0,0,0,1.074909806,5.623521805,7.647445202,8.318803787,8.48766613,8.40525341,8.30591774,8.369152069,8.352034569,8.24971199,8.028437614,7.120240211,5.226552486,0,0,0,0,0
7/20/2016,7,20,0,0,0,0,0,0,1.074909806,5.623521805,7.647445202,8.318803787,8.48766613,8.40525341,8.30591774,8.369152069,8.352034569,8.24971199,7.979154587,7.120240211,5.102225304,0,0,0,0,0
7/21/2016,7,21,0,0,0,0,0,0,1.032846689,5.573769093,7.258388996,8.031300545,8.268418312,8.263314247,7.92043066,7.567454338,8.084246635,7.763066292,7.814383507,7.679875374,5.152154446,0,0,0,0,0
7/22/2016,7,22,0,0,0,0,0,0,0.990125775,5.573769093,7.735369205,8.360356331,8.413301468,8.263314247,8.438696861,8.292196274,6.958435535,7.763066292,7.814383507,7.679875374,5.152154446,0,0,0,0,0
7/23/2016,7,23,0,0,0,0,0,0,0.990125775,5.573769093,7.735369205,8.360356331,8.413301468,8.286540031,8.438696861,8.292196274,6.958435535,8.234126091,8.193118095,7.679875374,5.152154446,0,0,0,0,0
7/24/2016,7,24,0,0,0,0,0,0,0.901204228,5.573769093,7.735369205,8.360356331,8.413301468,8.286540031,8.438696861,8.292196274,7.66047287,8.234126091,8.193118095,7.679875374,5.152154446,0,0,0,0,0
7/25/2016,7,25,0,0,0,0,0,0,0.901204228,5.573769093,7.735369205,8.360356331,8.413301468,8.286540031,8.438696861,8.292196274,7.66047287,8.234126091,8.193118095,7.679875374,5.152154446,0,0,0,0,0
7/26/2016,7,26,0,0,0,0,0,0,0.901204228,5.573769093,7.735369205,8.360356331,8.413301468,8.296065331,8.438696861,8.292196274,7.739778042,8.234126091,8.193118095,7.679875374,5.152154446,0,0,0,0,0
7/27/2016,7,27,0,0,0,0,0,0,0.901204228,5.573769093,7.735369205,8.360356331,8.413301468,8.296065331,8.438696861,8.292196274,7.797290325,8.234126091,8.193118095,7.679875374,5.152154446,0,0,0,0,0
7/28/2016,7,28,0,0,0,0,0,0,0.901204228,5.524753094,7.735369205,8.360356331,8.413301468,8.296065331,8.438696861,8.292196274,8.337174416,8.234126091,8.193118095,7.094358921,4.63009882,0,0,0,0,0
7/29/2016,7,29,0,0,0,0,0,0,0.897223234,5.426089287,7.482172966,8.01932621,8.38977623,8.357311249,8.298395157,8.039950371,8.337174416,8.234126091,8.193118095,7.094358921,4.63009882,0,0,0,0,0
7/30/2016,7,30,0,0,0,0,0,0,0.897223234,5.426089287,7.482172966,8.01932621,8.360730171,8.357311249,8.080816269,8.039950371,8.337174416,8.193937302,7.98821497,7.094358921,4.63009882,0,0,0,0,0
7/31/2016,7,31,0,0,0,0,0,0,0.711710453,5.079817295,7.447116852,8.114220619,8.317484856,8.357311249,8.080816269,7.933561802,8.337174416,8.467186928,8.370800018,7.094358921,4.63009882,0,0,0,0,0
8/1/2016,8,1,0,0,0,0,0,0,0.711710453,4.989385128,7.447116852,8.114220619,8.317484856,8.357311249,8.080816269,7.933561802,8.337174416,8.467186928,8.370800018,7.094358921,4.63009882,0,0,0,0,0
8/2/2016,8,2,0,0,0,0,0,0,0.711710453,4.989385128,7.447116852,8.114220619,8.317484856,8.357311249,8.080816269,8.208195686,8.337174416,8.467186928,8.370800018,7.094358921,4.63009882,0,0,0,0,0
8/3/2016,8,3,0,0,0,0,0,0,0.711710453,5.013122559,7.513558865,8.261873245,8.353507042,8.357311249,8.179830551,8.208195686,8.337174416,8.467186928,8.370800018,7.094358921,4.63009882,0,0,0,0,0
8/4/2016,8,4,0,0,0,0,0,0,0.698794186,5.013122559,7.513558865,8.261873245,8.353507042,8.357311249,8.179830551,8.208195686,8.103349686,8.467186928,8.370800018,7.087628841,4.534183025,0,0,0,0,0
8/5/2016,8,5,0,0,0,0,0,0,0.671231449,5.013122559,7.513558865,8.261873245,8.377605438,8.299707413,8.188020706,8.208195686,8.160042763,8.467186928,8.370800018,7.257938385,4.561079979,0,0,0,0,0
8/6/2016,8,6,0,0,0,0,0,0,0.671231449,5.013122559,7.555810452,8.261873245,8.377605438,8.299707413,8.188020706,8.208195686,8.160042763,8.467186928,8.370800018,7.257938385,4.561079979,0,0,0,0,0
8/7/2016,8,7,0,0,0,0,0,0,0.626899183,5.013122559,7.555810452,8.261873245,8.377605438,8.299707413,8.188020706,8.208195686,8.160042763,8.106151581,7.871812344,7.257938385,4.561079979,0,0,0,0,0
8/8/2016,8,8,0,0,0,0,0,0,0.626899183,5.013122559,7.555810452,8.261873245,8.377605438,8.299707413,8.188020706,8.208195686,8.160042763,8.106151581,7.871812344,7.257938385,4.561079979,0,0,0,0,0
8/9/2016,8,9,0,0,0,0,0,0,0.626899183,5.013122559,7.641413212,8.261873245,8.377605438,8.299707413,8.321225166,8.252262115,8.160042763,8.106151581,7.871812344,7.294574261,4.561079979,0,0,0,0,0
8/10/2016,8,10,0,0,0,0,0,0,0.626899183,4.860828876,7.641413212,8.465306282,8.540369034,8.312316895,8.321225166,8.252262115,8.21132946,8.106151581,7.871812344,7.294574261,4.561079979,0,0,0,0,0
8/11/2016,8,11,0,0,0,0,0,0,0.626899183,4.860828876,7.641413212,8.465306282,8.540369034,8.312316895,8.321225166,8.252262115,8.21132946,8.106151581,7.871812344,7.294574261,4.561079979,0,0,0,0,0
8/12/2016,8,12,0,0,0,0,0,0,0.626899183,4.860828876,7.641413212,8.465306282,8.540369034,8.312316895,8.321225166,8.252262115,8.21132946,8.086463928,7.871720791,7.294574261,4.466227055,0,0,0,0,0
8/13/2016,8,13,0,0,0,0,0,0,0.626899183,4.795484543,7.641413212,8.465306282,8.540369034,8.312316895,8.321225166,8.252262115,8.21132946,8.086463928,7.871720791,7.294574261,4.466227055,0,0,0,0,0
8/14/2016,8,14,0,0,0,0,0,0,0.407270789,4.795484543,7.641413212,8.465306282,8.540369034,8.312316895,8.321225166,8.252262115,8.21132946,8.086463928,7.871720791,7.294574261,4.466227055,0,0,0,0,0
8/15/2016,8,15,0,0,0,0,0,0,0.407270789,4.795484543,7.641413212,8.465306282,8.540369034,8.312316895,8.321225166,8.252262115,8.21132946,8.276140213,7.922363758,7.294574261,4.466227055,0,0,0,0,0
8/16/2016,8,16,0,0,0,0,0,0,0.327871323,3.97704339,7.043852329,8.465306282,8.540369034,8.312316895,8.180512428,8.224570274,8.21132946,8.276140213,7.922363758,7.137664318,3.69056201,0,0,0,0,0
8/17/2016,8,17,0,0,0,0,0,0,0.261043131,3.97704339,6.822350502,7.696372509,7.917729855,8.015348434,7.918365479,7.710945129,7.873074532,8.276140213,7.922363758,7.137664318,3.69056201,0,0,0,0,0
8/18/2016,8,18,0,0,0,0,0,0,0.261043131,3.97704339,6.822350502,7.792451382,7.994156361,8.015348434,7.918365479,7.831315041,7.873074532,8.276140213,7.922363758,7.137664318,3.69056201,0,0,0,0,0
8/19/2016,8,19,0,0,0,0,0,0,0.261043131,3.97704339,6.822350502,7.805455685,7.994156361,8.015348434,7.918365479,7.831315041,7.873074532,8.276140213,7.922363758,7.137664318,3.69056201,0,0,0,0,0
8/20/2016,8,20,0,0,0,0,0,0,0.261043131,3.97704339,6.822350502,7.805455685,7.994156361,8.015348434,7.918365479,7.831315041,7.873074532,8.276140213,7.922363758,7.137664318,3.69056201,0,0,0,0,0
8/21/2016,8,21,0,0,0,0,0,0,0.261043131,3.97704339,6.822350502,7.805455685,7.994156361,8.015348434,7.918365479,7.831315041,7.873074532,8.276140213,7.922363758,7.137664318,3.69056201,0,0,0,0,0
8/22/2016,8,22,0,0,0,0,0,0,0.261043131,3.97704339,6.822350502,7.805455685,8.241350174,8.174918175,8.032858849,7.954544067,8.144976616,7.786744118,7.491248131,6.758952141,3.69056201,0,0,0,0,0
8/23/2016,8,23,0,0,0,0,0,0,0.242791206,3.936391115,6.765536785,7.805455685,8.241350174,8.174918175,8.032858849,7.954544067,8.144976616,7.786744118,7.435822487,6.580602646,3.69056201,0,0,0,0,0
8/24/2016,8,24,0,0,0,0,0,0,0.200891823,3.480864525,6.765536785,7.805455685,8.241350174,8.174918175,8.032858849,7.954544067,8.484586716,7.744874954,7.429857254,6.580602646,3.69056201,0,0,0,0,0
8/25/2016,8,25,0,0,0,0,0,0,0.179883987,3.344411612,6.806773663,8.071043968,8.241350174,8.174918175,8.032858849,7.954544067,8.484586716,7.744874954,7.67121172,6.654480457,3.69056201,0,0,0,0,0
8/26/2016,8,26,0,0,0,0,0,0,0.179883987,3.485214472,6.825605869,8.071043968,8.241350174,8.174918175,8.032858849,7.954544067,8.484586716,7.744874954,7.67121172,6.654480457,3.69056201,0,0,0,0,0
8/27/2016,8,27,0,0,0,0,0,0,0.160295993,3.485214472,7.005012989,8.071043968,8.241350174,8.174918175,8.032858849,7.954544067,8.484586716,7.822716236,7.822716236,7.822716236,3.69056201,0,0,0,0,0
8/28/2016,8,28,0,0,0,0,0,0,0.160295993,3.485214472,7.005012989,8.071043968,8.241350174,8.174918175,8.032858849,7.954544067,8.484586716,7.822716236,7.822716236,7.822716236,3.69056201,0,0,0,0,0
8/29/2016,8,29,0,0,0,0,0,0,0.177919611,3.485214472,7.005012989,8.071043968,8.215760231,8.132796288,7.93806076,7.64892149,8.484586716,7.822716236,7.822716236,7.822716236,3.69056201,0,0,0,0,0
8/30/2016,8,30,0,0,0,0,0,0,0.177919611,3.497878075,7.168499947,8.071043968,8.215760231,8.132796288,7.93806076,7.64892149,8.484586716,7.822716236,7.822716236,7.822716236,3.69056201,0,0,0,0,0
8/31/2016,8,31,0,0,0,0,0,0,0.177919611,3.574020863,7.206728458,8.071043968,8.215760231,8.04731369,7.93806076,7.835709572,7.825944901,7.848573685,7.822716236,7.822716236,3.69056201,0,0,0,0,0
9/1/2016,9,1,0,0,0,0,0,0,0.177919611,3.574020863,7.206728458,7.966187,8.108108521,7.993094921,7.93806076,7.838789463,7.83717823,7.848573685,7.822716236,7.822716236,3.69056201,0,0,0,0,0
9/2/2016,9,2,0,0,0,0,0,0,0.177919611,3.574020863,7.206728458,7.966187,8.108108521,7.993094921,7.896009445,7.838789463,7.83717823,7.86124754,7.822716236,7.822716236,3.69056201,0,0,0,0,0
9/3/2016,9,3,0,0,0,0,0,0,0.177919611,3.574020863,7.206728458,7.966187,8.108108521,7.993094921,7.896009445,7.838789463,7.83717823,7.86124754,7.797736168,6.641184807,2.33549428,0,0,0,0,0
9/4/2016,9,4,0,0,0,0,0,0,0.177919611,3.574020863,7.206728458,7.966187,8.108108521,7.993094921,7.896009445,7.838789463,7.83717823,7.86124754,7.797736168,6.641184807,2.33549428,0,0,0,0,0
9/5/2016,9,5,0,0,0,0,0,0,0.130680397,3.574020863,7.206728458,7.966187,8.108108521,7.993094921,7.874803543,7.838789463,8.214562416,7.86124754,7.797736168,6.641184807,2.33549428,0,0,0,0,0
9/6/2016,9,6,0,0,0,0,0,0,0.12823613,3.574020863,7.206728458,7.966187,8.108108521,7.993094921,7.874803543,7.838789463,8.214562416,7.940407753,7.658695221,6.531108856,2.200427294,0,0,0,0,0
9/7/2016,9,7,0,0,0,0,0,0,0.117768072,3.518251896,7.147096157,7.966187,8.108108521,7.987180233,7.874803543,7.988927364,8.214562416,7.940407753,7.650746822,6.421032429,2.11938715,0,0,0,0,0
9/8/2016,9,8,0,0,0,0,0,0,0.102556914,3.399947882,7.147096157,7.926269054,7.961553097,7.895200729,7.815252781,7.988927364,8.214562416,7.940407753,7.650746822,6.123631954,1.792527676,0,0,0,0,0
9/9/2016,9,9,0,0,0,0,0,0,0.093835577,3.399947882,7.147096157,7.926269054,7.961553097,7.895200729,7.815252781,7.988927364,8.214562416,7.940407753,7.650746822,5.952865124,1.705369592,0,0,0,0,0
9/10/2016,9,10,0,0,0,0,0,0,0.093835577,3.399947882,7.147096157,7.926269054,7.961553097,7.895200729,7.815252781,7.988927364,8.214562416,7.940407753,7.650746822,5.952865124,1.705369592,0,0,0,0,0
9/11/2016,9,11,0,0,0,0,0,0,0.093835577,3.391777039,7.147096157,7.926269054,7.961553097,7.895200729,7.815252781,7.988927364,8.214562416,7.940407753,7.650746822,5.952865124,1.705369592,0,0,0,0,0
9/12/2016,9,12,0,0,0,0,0,0,0.085990682,3.353841782,7.147096157,7.926269054,7.910734892,7.895200729,7.815252781,7.988927364,7.880067348,7.940407753,7.584076405,5.952865124,1.67304039,0,0,0,0,0
9/13/2016,9,13,0,0,0,0,0,0,0.113707513,2.939487696,6.753876686,8.010468483,7.948031902,7.720993519,7.815252781,7.988927364,7.880067348,7.624934196,7.584076405,5.952865124,1.42189908,0,0,0,0,0
9/14/2016,9,14,0,0,0,0,0,0,0.113707513,2.827753305,6.80762434,8.010468483,7.948031902,7.849059582,7.815252781,7.588710785,7.880067348,7.841454029,7.584076405,5.952865124,1.42189908,0,0,0,0,0
9/15/2016,9,15,0,0,0,0,0,0,0.113707513,2.734287262,6.80762434,8.010468483,7.948031902,7.849059582,6.887014866,7.588710785,7.880067348,7.841454029,7.584076405,5.952865124,1.42189908,0,0,0,0,0
9/16/2016,9,16,0,0,0,0,0,0,0.113707513,2.734287262,6.80762434,8.010468483,7.948031902,7.849059582,7.332646847,7.588710785,7.880067348,7.841454029,6.995027065,5.878856659,1.42189908,0,0,0,0,0
9/17/2016,9,17,0,0,0,0,0,0,0.113707513,2.734287262,6.80762434,8.010468483,7.948031902,7.849059582,7.332646847,7.120090961,7.880067348,7.841454029,5.760056496,5.878856659,0.810655236,0,0,0,0,0
9/18/2016,9,18,0,0,0,0,0,0,0.113707513,2.734287262,6.80762434,8.010468483,7.948031902,7.849059582,7.332646847,7.120090961,7.094876766,7.841454029,5.760056496,5.878856659,0.810655236,0,0,0,0,0
9/19/2016,9,19,0,0,0,0,0,0,0.113707513,2.825438499,7.2778759,8.010468483,7.948031902,7.849059582,7.332646847,7.120090961,7.094876766,7.841454029,7.501220226,5.878856659,0.810655236,0,0,0,0,0
9/20/2016,9,20,0,0,0,0,0,0,0.039544977,2.825438499,7.2778759,7.888943195,7.845530987,7.849059582,7.332646847,7.120090961,7.094876766,7.841454029,7.501220226,5.878856659,0.810655236,0,0,0,0,0
9/21/2016,9,21,0,0,0,0,0,0,0.039059289,2.825438499,7.2778759,7.888943195,7.845530987,7.5483284,7.332646847,7.120090961,7.094876766,8.161828041,7.501220226,5.878856659,0.680369794,0,0,0,0,0
9/22/2016,9,22,0,0,0,0,0,0,0.024563596,2.895534515,7.583018303,8.396436691,8.476320267,8.245401382,8.016671181,8.113490105,8.316679001,8.418776512,8.014719009,5.770605087,0.680369794,0,0,0,0,0
9/23/2016,9,23,0,0,0,0,0,0,0.024563596,2.895534515,7.583018303,8.396436691,8.476320267,8.245401382,8.016671181,8.113490105,8.316679001,8.418776512,8.014719009,5.770605087,0.680369794,0,0,0,0,0
9/24/2016,9,24,0,0,0,0,0,0,0.017940218,2.895534515,7.583018303,8.396436691,8.476320267,8.245401382,8.016671181,8.113490105,8.316679001,8.418776512,8.014719009,5.770605087,0.680369794,0,0,0,0,0
9/25/2016,9,25,0,0,0,0,0,0,0.017940218,2.895534515,7.583018303,8.396436691,8.476320267,8.245401382,8.016671181,8.113490105,8.316679001,8.418776512,8.014719009,5.770605087,0.680369794,0,0,0,0,0
9/26/2016,9,26,0,0,0,0,0,0,0.017940218,2.895534515,7.583018303,8.396436691,8.476320267,8.245401382,8.016671181,8.113490105,8.316679001,8.418776512,8.014719009,5.770605087,0.985350192,0,0,0,0,0
9/27/2016,9,27,0,0,0,0,0,0,0.017940218,2.895534515,7.583018303,8.396436691,8.476320267,8.245401382,8.016671181,8.113490105,8.316679001,8.418776512,8.014719009,5.770605087,0.985350192,0,0,0,0,0
9/28/2016,9,28,0,0,0,0,0,0,0.017940218,2.895534515,7.583018303,8.396436691,8.476320267,8.245401382,8.016671181,8.113490105,8.316679001,8.418776512,8.014719009,5.770605087,0.985350192,0,0,0,0,0
9/29/2016,9,29,0,0,0,0,0,0,0.017940218,2.895534515,7.583018303,8.396436691,8.476320267,8.245401382,8.016671181,8.113490105,8.316679001,8.418776512,8.014719009,5.770605087,0.985350192,0,0,0,0,0
9/30/2016,9,30,0,0,0,0,0,0,0.013104162,2.720118284,7.507184029,8.250906944,8.295348167,8.145418167,7.970893383,7.981673241,8.10118866,8.154390335,7.619577885,5.23994112,0.985350192,0,0,0,0,0
10/1/2016,10,1,0,0,0,0,0,0,0.013026481,2.720118284,7.507184029,8.250906944,8.295348167,8.145418167,7.970893383,7.981673241,8.10118866,8.154390335,7.619577885,5.113875389,0.985350192,0,0,0,0,0
10/2/2016,10,2,0,0,0,0,0,0,0.011560495,2.61088419,7.320197105,8.250906944,8.295348167,8.145418167,7.970893383,7.981673241,8.10118866,8.154390335,7.619577885,5.01834631,0.985350192,0,0,0,0,0
10/3/2016,10,3,0,0,0,0,0,0,0.010277027,2.498915672,7.320197105,8.250906944,8.295348167,8.145418167,7.970893383,7.981673241,8.10118866,8.154390335,7.619577885,4.881839275,0.369838625,0,0,0,0,0
10/4/2016,10,4,0,0,0,0,0,0,0.009646178,2.498915672,7.320197105,8.250906944,8.295348167,8.145418167,7.970893383,7.981673241,8.10118866,8.154390335,7.619577885,4.881839275,0.369838625,0,0,0,0,0
10/5/2016,10,5,0,0,0,0,0,0,0.006719515,2.498915672,7.320197105,8.250906944,8.295348167,8.145418167,7.970893383,7.981673241,8.10118866,8.154390335,7.619577885,4.881839275,0.369838625,0,0,0,0,0
10/6/2016,10,6,0,0,0,0,0,0,0.006719515,2.498915672,7.320197105,8.333799362,8.281557083,7.929831982,7.816660404,7.735690117,7.855965614,7.942416668,7.491868019,4.814210415,0.346957505,0,0,0,0,0
10/7/2016,10,7,0,0,0,0,0,0,0.006221798,2.498373508,7.319960594,8.333799362,8.281557083,7.929831982,7.728872776,7.711781502,7.855965614,7.942416668,7.386196613,4.496873379,0.296663404,0,0,0,0,0
10/8/2016,10,8,0,0,0,0,0,0,0.004740764,2.299971819,7.178575039,8.333799362,8.281557083,7.929831982,7.673286915,7.711781502,7.855965614,7.942416668,7.386196613,4.37600708,0.268375516,0,0,0,0,0
10/9/2016,10,9,0,0,0,0,0,0,0.004066897,2.221236706,7.178575039,8.333799362,8.281557083,7.929831982,7.673286915,7.711781502,7.855965614,7.942416668,7.386196613,4.2987113,0.220863461,0,0,0,0,0
10/10/2016,10,10,0,0,0,0,0,0,0.002493663,2.04043746,7.09418726,8.333799362,8.281557083,7.929831982,7.673286915,7.764626265,7.855965614,7.942416668,7.386196613,4.119310379,0.188694566,0,0,0,0,0
10/11/2016,10,11,0,0,0,0,0,0,0.001312002,2.04043746,7.09418726,8.333799362,8.281557083,7.929831982,7.673286915,7.711781502,7.855965614,7.942416668,7.386196613,4.119310379,0.188694566,0,0,0,0,0
10/12/2016,10,12,0,0,0,0,0,0,0.001312002,2.04043746,7.09418726,8.333799362,8.281557083,7.929831982,7.673286915,7.711781502,7.855965614,7.942416668,7.386196613,4.049836636,0.163525686,0,0,0,0,0
10/13/2016,10,13,0,0,0,0,0,0,0.001312002,2.04043746,7.09418726,8.004739761,7.993505478,7.745652199,7.517004013,7.516861916,7.719576836,7.771793842,7.313699722,3.9951756,0.145498484,0,0,0,0,0
10/14/2016,10,14,0,0,0,0,0,0,0.001312002,1.985001326,7.088945389,7.963249683,7.790785789,7.511879921,7.365168095,7.410704613,7.680127144,7.761710167,7.313699722,3.864969254,0.129501179,0,0,0,0,0
10/15/2016,10,15,0,0,0,0,0,0,0.001312002,1.974589705,6.649892807,7.724756718,7.554620266,7.360220909,7.358566761,7.35071373,7.680127144,7.761710167,7.313699722,3.709601879,0.100753516,0,0,0,0,0
10/16/2016,10,16,0,0,0,0,0,0,3.49974E-06,1.596920967,6.649892807,7.724756718,7.554620266,7.360220909,7.358566761,7.35071373,7.547593117,7.267991304,6.988389492,3.394309282,0.074080631,0,0,0,0,0
10/17/2016,10,17,0,0,0,0,0,0,3.49974E-06,1.596920967,6.649892807,7.724756718,7.554620266,7.360220909,7.358566761,7.35071373,7.547593117,7.537000656,6.961654663,3.175618887,0.065922171,0,0,0,0,0
10/18/2016,10,18,0,0,0,0,0,0,3.49974E-06,1.596920967,6.649892807,7.724756718,7.548357487,7.360220909,7.358566761,7.35071373,7.547593117,7.537000656,6.961654663,3.175618887,0.063051447,0,0,0,0,0
10/19/2016,10,19,0,0,0,0,0,0,2.9467E-06,1.492792726,6.451414585,7.686998367,7.634753704,7.445163727,7.340774059,7.291471481,7.474993706,7.648663044,6.719884872,2.74815464,0.04741735,0,0,0,0,0
10/20/2016,10,20,0,0,0,0,0,0,0,1.369339108,6.649652004,7.938245773,7.881951809,7.65992403,7.481309891,7.527609348,7.750110626,7.83041954,7.111807346,2.605356216,0.024865512,0,0,0,0,0
10/21/2016,10,21,0,0,0,0,0,0,0,1.369339108,6.649652004,7.955254078,7.885643005,7.65992403,7.481309891,7.527609348,7.750110626,7.83041954,7.111807346,2.605356216,0.024865512,0,0,0,0,0
10/22/2016,10,22,0,0,0,0,0,0,6.79031E-08,1.369339108,6.649652004,7.955254078,7.885643005,7.65992403,7.481309891,7.527609348,7.750110626,7.83041954,7.111807346,2.605356216,0.024865512,0,0,0,0,0
10/23/2016,10,23,0,0,0,0,0,0,5.6825E-06,1.369339108,6.649652004,7.955254078,7.885643005,7.65992403,7.481309891,7.527609348,7.750110626,7.83041954,7.111807346,2.605356216,0.024865512,0,0,0,0,0
10/24/2016,10,24,0,0,0,0,0,0,5.6825E-06,1.369339108,6.649652004,7.955254078,7.885643005,7.683476448,7.481309891,7.527609348,7.750110626,7.83041954,7.111807346,2.605356216,0.019694611,0,0,0,0,0
10/25/2016,10,25,0,0,0,0,0,0,5.6825E-06,1.369339108,6.649652004,7.955254078,7.885643005,7.65992403,7.481309891,7.527609348,7.750110626,7.83041954,7.111807346,2.605356216,0.014284226,0,0,0,0,0
10/26/2016,10,26,0,0,0,0,0,0,5.6825E-06,1.369339108,6.649652004,7.955254078,7.885643005,7.65992403,7.481309891,7.527609348,7.750110626,7.83041954,7.111807346,2.605356216,0.014284226,0,0,0,0,0
10/27/2016,10,27,0,0,0,0,0,0,5.6825E-06,1.282187939,6.489081383,7.955254078,7.885643005,7.520275593,7.301240921,7.250270844,7.434907913,7.493104458,6.814092159,2.406256676,0.011605333,0,0,0,0,0
10/28/2016,10,28,0,0,0,0,0,0,5.6825E-06,1.147359729,6.202487946,7.864299297,7.81947279,7.398541451,7.156715393,7.250270844,7.434907913,7.493104458,6.643278122,2.207279444,0.007162829,0,0,0,0,0
10/29/2016,10,29,0,0,0,0,0,0,5.6825E-06,1.147359729,6.202487946,7.702545643,7.705554962,7.35391283,7.094860077,7.160467625,7.422973156,7.493104458,6.643278122,2.207279444,0.005782736,0,0,0,0,0
10/30/2016,10,30,0,0,0,0,0,0,0,1.127341032,6.202487946,7.702545643,7.552140236,7.208469868,7.051024437,7.160467625,7.422973156,7.493104458,6.643278122,2.166019201,0.004280835,0,0,0,0,0
10/31/2016,10,31,0,0,0,0,0,0,0,0.875377595,5.807059288,7.382528782,7.286035538,6.976851463,6.805498123,6.931339264,7.18939352,7.274709225,6.435709953,1.968710899,0.003850787,0,0,0,0,0
11/1/2016,11,1,0,0,0,0,0,0,0,0.842036724,5.799465656,7.800498962,7.689234257,7.278496265,7.06268692,7.018289566,7.268944263,7.328588963,6.338263035,1.819162846,0.003850787,0,0,0,0,0
11/2/2016,11,2,0,0,0,0,0,0,0,0.842036724,5.799465656,7.800498962,7.689234257,7.278496265,7.06268692,7.018289566,7.278530121,7.328588963,6.338263035,1.819162846,0.003850787,0,0,0,0,0
11/3/2016,11,3,0,0,0,0,0,0,0,0.842036724,5.799465656,7.800498962,7.689234257,7.278496265,7.06268692,7.018289566,7.278530121,7.328588963,6.338263035,1.58690691,0.003850787,0,0,0,0,0
11/4/2016,11,4,0,0,0,0,0,0,0,0.739301026,5.799465656,7.800498962,7.689234257,7.278496265,7.06268692,7.018289566,7.278530121,7.328588963,6.338263035,1.58690691,0,0,0,0,0,0
11/5/2016,11,5,0,0,0,0,0,0,0,0.739301026,5.799465656,7.800498962,7.689234257,7.278496265,7.06268692,7.018289566,7.278530121,7.328588963,6.338263035,1.58690691,0,0,0,0,0,0
11/6/2016,11,6,0,0,0,0,0,0,0,0.739301026,5.799465656,7.800498962,7.689234257,7.278496265,7.06268692,7.018289566,7.278530121,7.328588963,6.338263035,1.58690691,0,0,0,0,0,0
11/7/2016,11,7,0,0,0,0,0,0,0,0.739301026,5.799465656,7.800498962,7.689234257,7.278496265,7.06268692,7.018289566,7.278530121,7.328588963,6.338263035,1.58690691,0,0,0,0,0,0
11/8/2016,11,8,0,0,0,0,0,0,0,0.656390011,5.493273735,7.718446255,7.632037163,7.213508606,6.955382347,6.994651794,7.278530121,7.320258617,6.227860451,1.476907372,0,0,0,0,0,0
11/9/2016,11,9,0,0,0,0,0,0,0,0.645729423,5.420704842,7.547878742,7.487067699,7.117097855,6.851474285,6.957992554,7.251806259,7.314979076,6.227860451,1.4590832,0,0,0,0,0,0
11/10/2016,11,10,0,0,0,0,0,0,0,0.527555346,5.12446785,7.547878742,7.475730896,6.938677788,6.720254421,6.815058708,7.140584946,7.194853783,5.963783741,1.263680339,0,0,0,0,0,0
11/11/2016,11,11,0,0,0,0,0,0,0,0.527555346,5.12446785,7.547878742,7.475730896,6.938677788,6.720254421,6.815058708,7.140584946,7.194853783,5.963783741,1.263680339,0,0,0,0,0,0
11/12/2016,11,12,0,0,0,0,0,0,0,0.487525672,5.12446785,7.547878742,7.475730896,6.938677788,6.720254421,6.815058708,7.140584946,7.194853783,5.963783741,1.263680339,0,0,0,0,0,0
11/13/2016,11,13,0,0,0,0,0,0,0,0.487525672,5.12446785,7.547878742,7.475730896,6.938677788,6.677073956,6.815058708,7.140584946,7.194853783,5.963783741,1.263680339,0,0,0,0,0,0
11/14/2016,11,14,0,0,0,0,0,0,0,0.390554816,4.783560276,7.289481163,7.254992008,6.787943363,6.517498493,6.58035183,6.916204929,6.938951492,5.595564842,1.209754348,0,0,0,0,0,0
11/15/2016,11,15,0,0,0,0,0,0,0,0.390554816,4.783560276,7.289481163,7.254992008,6.787943363,6.517498493,6.58035183,6.916204929,6.938951492,5.595564842,1.209754348,0,0,0,0,0,0
11/16/2016,11,16,0,0,0,0,0,0,0,0.390554816,4.783560276,7.289481163,7.254992008,6.787943363,6.517498493,6.58035183,6.916204929,6.938951492,5.595564842,1.051042795,0,0,0,0,0,0
11/17/2016,11,17,0,0,0,0,0,0,0,0.390554816,4.783560276,7.289481163,7.254992008,6.778980732,6.517498493,6.58035183,6.916204929,6.938951492,5.461580753,0.9972983,0,0,0,0,0,0
11/18/2016,11,18,0,0,0,0,0,0,0,0.307815373,4.611642361,7.289481163,7.254992008,6.778980732,6.517498493,6.58035183,6.916204929,6.938951492,5.461580753,0.876545012,0,0,0,0,0,0
11/19/2016,11,19,0,0,0,0,0,0,0,0.307815373,4.611642361,7.289481163,7.254992008,6.778980732,6.517498493,6.58035183,6.916204929,6.938951492,5.461580753,0.876545012,0,0,0,0,0,0
11/20/2016,11,20,0,0,0,0,0,0,0,0.307815373,4.611642361,7.289481163,7.254992008,6.778980732,6.517498493,6.58035183,6.916204929,6.938951492,5.461580753,0.876545012,0,0,0,0,0,0
11/21/2016,11,21,0,0,0,0,0,0,0,0.246389046,4.140100956,7.289481163,7.254992008,6.533628464,6.352604866,6.32780695,6.544771194,6.588764191,5.127514839,0.876545012,0,0,0,0,0,0
11/22/2016,11,22,0,0,0,0,0,0,0,0.246389046,4.140100956,7.289481163,7.254992008,6.209241867,5.821201801,6.220415115,6.49222517,6.588764191,5.110985756,0.876545012,0,0,0,0,0,0
11/23/2016,11,23,0,0,0,0,0,0,0,0.212074354,3.973181009,7.289481163,7.254992008,6.209241867,5.821201801,6.220415115,6.49222517,6.588764191,5.110985756,0.727470696,0,0,0,0,0,0
11/24/2016,11,24,0,0,0,0,0,0,0,0.205059946,3.973181009,7.289481163,7.254992008,6.166253567,5.821201801,6.220415115,6.49222517,6.588764191,5.110985756,0.727470696,0,0,0,0,0,0
11/25/2016,11,25,0,0,0,0,0,0,0,0.104698941,3.373841524,7.289481163,7.254992008,6.124722958,5.821201801,6.220415115,6.49222517,6.588764191,5.110985756,0.676074266,0,0,0,0,0,0
11/26/2016,11,26,0,0,0,0,0,0,0,0.104698941,3.373841524,7.289481163,7.254992008,6.124722958,6.215540886,6.220415115,6.49222517,6.588764191,5.110985756,0.676074266,0,0,0,0,0,0
11/27/2016,11,27,0,0,0,0,0,0,0,0.119997635,3.614283085,7.126104832,7.180113316,6.67085743,6.31051302,6.220415115,6.49222517,6.588764191,5.110985756,0.681099832,0,0,0,0,0,0
11/28/2016,11,28,0,0,0,0,0,0,0,0.119997635,3.614283085,7.126104832,7.180113316,6.67085743,6.31051302,6.220415115,6.742575169,6.588764191,5.110985756,0.681099832,0,0,0,0,0,0
11/29/2016,11,29,0,0,0,0,0,0,0,0.119997635,3.614283085,7.126104832,7.180113316,6.67085743,6.31051302,6.371098042,6.742575169,6.805036068,5.168985367,0.681099832,0,0,0,0,0,0
11/30/2016,11,30,0,0,0,0,0,0,0,0.119997635,3.614283085,7.126104832,7.180113316,6.67085743,6.31051302,6.371098042,6.742575169,6.805036068,5.168985367,0.681099832,0,0,0,0,0,0
12/1/2016,12,1,0,0,0,0,0,0,0,0.119997635,3.614283085,7.126104832,7.180113316,6.67085743,6.31051302,6.371098042,6.742575169,6.805036068,5.168985367,0.681099832,0,0,0,0,0,0
12/2/2016,12,2,0,0,0,0,0,0,0,0.119997635,3.614283085,7.126104832,7.180113316,6.67085743,6.31051302,6.371098042,6.742575169,6.805036068,5.168985367,0.681099832,0,0,0,0,0,0
12/3/2016,12,3,0,0,0,0,0,0,0,0.119997635,3.614283085,7.126104832,7.180113316,6.67085743,6.31051302,6.371098042,6.742575169,6.805036068,5.168985367,0.681099832,0,0,0,0,0,0
12/4/2016,12,4,0,0,0,0,0,0,0,0.101024702,3.393982887,6.90926981,7.016767502,6.56291008,6.120243073,6.204169273,6.574014664,6.660470009,5.061096191,0.677076042,0,0,0,0,0,0
12/5/2016,12,5,0,0,0,0,0,0,0,0.101024702,3.393982887,6.90926981,6.903127193,6.414633751,6.120243073,6.204169273,6.574014664,6.660470009,5.061096191,0.677076042,0,0,0,0,0,0
12/6/2016,12,6,0,0,0,0,0,0,0,0.079168543,3.038943529,6.533722401,6.669970036,6.372598648,5.974289417,6.067297935,6.377301693,6.279171944,4.571285725,0.549700975,0,0,0,0,0,0
12/7/2016,12,7,0,0,0,0,0,0,0,0.077050671,3.038943529,6.139523983,6.667944908,6.229012012,5.974289417,6.004994392,6.308743,6.213398933,4.01697731,0.540302217,0,0,0,0,0,0
12/8/2016,12,8,0,0,0,0,0,0,0,0.060620084,3.038943529,6.139523983,6.410169125,6.229012012,5.974289417,6.004994392,6.260410786,6.213398933,4.01697731,0.494000405,0,0,0,0,0,0
12/9/2016,12,9,0,0,0,0,0,0,0,0.060620084,3.038943529,6.139523983,6.410169125,6.229012012,6.143789768,6.112852573,6.432890892,6.552594662,5.054614067,0.66582942,0,0,0,0,0,0
12/10/2016,12,10,0,0,0,0,0,0,0,0.060620084,2.167659998,6.139523983,6.308257103,5.896273136,6.143789768,6.112852573,6.432890892,6.552594662,5.054614067,0.66582942,0,0,0,0,0,0
12/11/2016,12,11,0,0,0,0,0,0,0,0.013309837,2.167659998,6.139523983,6.308257103,5.896273136,6.143789768,6.137825966,6.544771194,6.683932304,5.054614067,0.66582942,0,0,0,0,0,0
12/12/2016,12,12,0,0,0,0,0,0,0,0.013309837,2.167659998,6.139523983,6.308257103,5.896273136,6.143789768,6.137825966,6.544771194,6.683932304,5.054614067,0.66582942,0,0,0,0,0,0
12/13/2016,12,13,0,0,0,0,0,0,0,0.013309837,2.167659998,6.139523983,6.308257103,5.896273136,6.143789768,6.137825966,6.544771194,6.683932304,5.054614067,0.66582942,0,0,0,0,0,0
12/14/2016,12,14,0,0,0,0,0,0,0,0.01739811,2.167659998,6.139523983,6.308257103,6.319947243,6.143789768,6.137825966,6.544771194,6.683932304,5.054614067,0.67445296,0,0,0,0,0,0
12/15/2016,12,15,0,0,0,0,0,0,0,0.01739811,2.167659998,6.139523983,6.916428566,6.418339252,6.143789768,6.137825966,6.544771194,6.683932304,5.054614067,0.67445296,0,0,0,0,0,0
12/16/2016,12,16,0,0,0,0,0,0,0,0.01739811,2.199014664,6.459963799,6.916428566,6.489869595,6.080278397,6.137825966,6.544771194,6.683932304,4.846234322,0.67445296,0,0,0,0,0,0
12/17/2016,12,17,0,0,0,0,0,0,0,0.01739811,2.199014664,6.459963799,6.916428566,6.489869595,6.080278397,6.137825966,6.544771194,6.683932304,4.945503235,0.67445296,0,0,0,0,0,0
12/18/2016,12,18,0,0,0,0,0,0,0,0.01739811,2.199014664,6.459963799,6.916428566,6.489869595,6.080278397,6.056405544,6.370607853,6.508928776,4.945503235,0.749877989,0,0,0,0,0,0
12/19/2016,12,19,0,0,0,0,0,0,0,0.01739811,2.199014664,6.459963799,6.916428566,6.489869595,6.080278397,6.056405544,6.370607853,6.508928776,4.945503235,0.749877989,0,0,0,0,0,0
12/20/2016,12,20,0,0,0,0,0,0,0,0.01739811,2.199014664,6.459963799,6.916428566,6.489869595,6.080278397,6.056405544,6.370607853,6.508928776,4.945503235,0.749877989,0,0,0,0,0,0
12/21/2016,12,21,0,0,0,0,0,0,0,0.009288978,2.199014664,6.459963799,6.916428566,6.489869595,6.080278397,6.056405544,6.370607853,6.508928776,4.945503235,0.749877989,0,0,0,0,0,0
12/22/2016,12,22,0,0,0,0,0,0,0,0.009288978,2.199014664,6.417969704,6.854949951,6.489869595,6.080278397,6.056405544,6.370607853,6.508928776,4.945503235,0.749877989,0,0,0,0,0,0
12/23/2016,12,23,0,0,0,0,0,0,0,0.009288978,1.997549057,6.374274731,6.714313984,6.306940079,6.025153637,5.825512409,6.069472313,6.443312168,4.945503235,0.749877989,0,0,0,0,0,0
12/24/2016,12,24,0,0,0,0,0,0,0,0.009288978,1.997549057,6.374274731,6.792166233,6.341576576,6.025153637,5.909684658,6.32408762,6.515687943,5.255867004,0.919179261,0,0,0,0,0,0
12/25/2016,12,25,0,0,0,0,0,0,0,0.009288978,1.785124063,6.318091393,6.894233227,6.412926674,6.025153637,5.977858543,6.32408762,6.515687943,5.28689003,0.92757225,0,0,0,0,0,0
12/26/2016,12,26,0,0,0,0,0,0,0,0.003482803,1.785124063,6.318091393,6.894233227,6.412926674,6.025153637,5.977858543,6.32408762,6.515687943,5.28689003,0.92757225,0,0,0,0,0,0
12/27/2016,12,27,0,0,0,0,0,0,0,0.00072076,1.785124063,6.318091393,6.894233227,6.459293842,6.05966711,6.044133663,6.361880779,6.558720112,5.341302395,0.976701319,0,0,0,0,0,0
12/28/2016,12,28,0,0,0,0,0,0,0,0.00072076,1.785124063,6.318091393,6.894233227,6.459293842,6.05966711,6.044133663,6.361880779,6.558720112,5.341302395,0.976701319,0,0,0,0,0,0
12/29/2016,12,29,0,0,0,0,0,0,0,0.00072076,1.785124063,6.318091393,6.894233227,6.459293842,6.078506947,6.044133663,6.361880779,6.577401161,5.341302395,0.980363846,0,0,0,0,0,0
12/30/2016,12,30,0,0,0,0,0,0,0,0.00072076,1.785124063,6.318091393,6.894233227,6.459293842,6.078506947,6.044133663,6.361880779,6.577401161,5.341302395,0.980363846,0,0,0,0,0,0
12/31/2016,12,31,0,0,0,0,0,0,0,0.00072076,1.785124063,6.318091393,6.894233227,6.477451324,6.078506947,6.044133663,6.361880779,6.577401161,5.745635509,1.933237433,0,0,0,0,0,0
1/1/2016,1,1,0,0,0,0,0,0,0.00072076,0,1.785124063,6.318091393,6.894233227,6.477451324,6.078506947,6.044133663,6.361880779,6.577401161,5.745635509,1.933237433,0,0,0,0,0,0
1/2/2016,1,2,0,0,0,0,0,0.078692414,0.03524344,0.442227244,5.253009319,8.246623039,8.423374176,8.26527977,7.961091518,7.860065937,8.136860847,8.299066544,8.029924393,5.423746109,0.735721469,0.513182163,0.469733179,0,0,0
1/3/2016,1,3,0,0,0,0,0,0.078692414,0.03524344,0.442227244,5.253009319,8.246623039,8.423374176,8.26527977,7.961091518,7.860065937,8.136860847,8.299066544,8.029924393,5.423746109,0.735721469,0.513182163,0.469733179,0,0,0
1/4/2016,1,4,0,0,0,0,0,0.078692414,0.03524344,0.442227244,5.253009319,8.246623039,8.423374176,8.26527977,7.961091518,7.860065937,8.136860847,8.299066544,8.029924393,5.423746109,0.735721469,0.513182163,0.469733179,0,0,0
1/5/2016,1,5,0,0,0,0,0,0.078692414,0.03524344,0.442227244,5.253009319,8.246623039,8.423374176,8.26527977,7.961091518,7.860065937,8.136860847,8.299066544,8.029924393,5.423746109,0.735721469,0.513182163,0.469733179,0,0,0
1/6/2016,1,6,0,0,0,0,0,0.078692414,0.03524344,0.442227244,5.253009319,8.246623039,8.423374176,8.26527977,7.961091518,7.860065937,8.136860847,8.299066544,8.029924393,5.423746109,0.735721469,0.513182163,0.469733179,0,0,0
1/7/2016,1,7,0,0,0,0,0,0.078692414,0.03524344,0.442227244,5.253009319,8.246623039,8.423374176,8.26527977,7.961091518,7.860065937,8.136860847,8.299066544,8.029924393,5.423746109,0.735721469,0.513182163,0.469733179,0,0,0
1/8/2016,1,8,0,0,0,0,0,0.078692414,0.03524344,0.442227244,5.253009319,8.246623039,8.423374176,8.26527977,7.961091518,7.860065937,8.136860847,8.299066544,8.029924393,5.423746109,0.735721469,0.513182163,0.469733179,0,0,0
1/9/2016,1,9,0,0,0,0,0,0.078692414,0.03524344,0.442227244,5.253009319,8.246623039,8.423374176,8.26527977,7.961091518,7.860065937,8.136860847,8.299066544,8.029924393,5.423746109,0.735721469,0.513182163,0.469733179,0,0,0
1/10/2016,1,10,0,0,0,0,0,0.078692414,0.03524344,0.442227244,5.253009319,8.246623039,8.423374176,8.26527977,7.961091518,7.860065937,8.136860847,8.299066544,8.029924393,5.423746109,0.735721469,0.513182163,0.469733179,0,0,0
1/11/2016,1,11,0,0,0,0,0,0.078692414,0.03524344,0.442227244,5.253009319,8.246623039,8.423374176,8.26527977,7.961091518,7.860065937,8.136860847,8.299066544,8.029924393,5.423746109,0.735721469,0.513182163,0.469733179,0,0,0
1/12/2016,1,12,0,0,0,0,0,0.078692414,0.03524344,0.442227244,5.253009319,8.246623039,8.423374176,8.26527977,7.961091518,7.860065937,8.136860847,8.299066544,8.029924393,5.423746109,0.735721469,0.513182163,0.469733179,0,0,0
1/13/2016,1,13,0,0,0,0,0,0.078692414,0.03524344,0.442227244,5.253009319,8.246623039,8.423374176,8.26527977,7.961091518,7.860065937,8.136860847,8.299066544,8.029924393,5.423746109,0.735721469,0.513182163,0.469733179,0,0,0
1/14/2016,1,14,0,0,0,0,0,0.078692414,0.03524344,0.442227244,5.253009319,8.246623039,8.423374176,8.26527977,7.961091518,7.860065937,8.136860847,8.299066544,8.029924393,5.423746109,0.735721469,0.513182163,0.469733179,0,0,0
1/15/2016,1,15,0,0,0,0,0,0.078692414,0.03524344,0.442227244,5.253009319,8.246623039,8.423374176,8.26527977,7.961091518,7.860065937,8.136860847,8.299066544,8.029924393,5.423746109,0.735721469,0.513182163,0.469733179,0,0,0
1/16/2016,1,16,0,0,0,0,0,0.078692414,0.03524344,0.442227244,5.253009319,8.246623039,8.423374176,8.26527977,7.961091518,7.860065937,8.136860847,8.299066544,8.029924393,5.423746109,0.735721469,0.513182163,0.469733179,0,0,0
