Hooper,Month,Day,1,2,3,4,5,6,7,8,9,10,11,12,13,14,15,16,17,18,19,20,21,22,23,24
1/1/2016,1,1,0.00,0.00,0.00,0.00,0.00,0.00,0.27,0.27,0.68,18.31,37.30,41.55,45.08,46.52,43.25,40.64,29.87,5.11,0.23,0.00,0.00,0.00,0.00,0.00
1/2/2016,1,2,0.00,0.00,0.00,0.00,0.00,0.00,0.27,0.27,0.52,9.93,25.56,41.31,45.08,46.52,43.25,40.64,29.87,5.47,0.23,0.00,0.00,0.00,0.00,0.00
1/3/2016,1,3,0.00,0.00,0.00,0.00,0.00,0.00,0.27,0.27,0.52,9.93,25.56,41.31,45.08,46.62,43.25,40.64,31.26,6.05,0.24,0.00,0.00,0.00,0.00,0.00
1/4/2016,1,4,0.00,0.00,0.00,0.00,0.00,0.00,0.29,0.28,0.52,9.93,25.56,42.21,46.42,47.52,44.30,41.57,33.02,6.89,0.37,0.00,0.00,0.00,0.00,0.00
1/5/2016,1,5,0.00,0.00,0.00,0.00,0.00,0.00,0.29,0.28,0.60,9.93,25.56,42.89,46.98,47.80,45.17,42.80,34.02,6.89,0.37,0.00,0.00,0.00,0.00,0.00
1/6/2016,1,6,0.00,0.00,0.00,0.00,0.00,0.00,0.29,0.28,0.62,12.03,32.72,43.29,46.98,47.80,45.25,42.80,34.32,7.66,0.50,0.00,0.00,0.00,0.00,0.00
1/7/2016,1,7,0.00,0.00,0.00,0.00,0.00,0.00,0.29,0.28,0.62,12.03,32.72,43.29,46.98,47.80,45.51,42.80,34.32,7.66,0.50,0.00,0.00,0.00,0.00,0.00
1/8/2016,1,8,0.00,0.00,0.00,0.00,0.00,0.00,0.29,0.28,0.62,12.03,32.72,43.29,46.98,47.80,45.25,42.80,34.32,7.66,0.50,0.00,0.00,0.00,0.00,0.00
1/9/2016,1,9,0.00,0.00,0.00,0.00,0.00,0.00,0.29,0.28,0.62,12.03,32.72,43.29,46.98,47.80,45.25,42.80,34.32,7.66,0.50,0.00,0.00,0.00,0.00,0.00
1/10/2016,1,10,0.00,0.00,0.00,0.00,0.00,0.00,0.29,0.28,0.62,12.83,36.27,44.04,46.98,47.80,45.25,42.80,35.28,9.08,0.50,0.00,0.00,0.00,0.00,0.00
1/11/2016,1,11,0.00,0.00,0.00,0.00,0.00,0.00,0.29,0.28,0.62,12.83,36.27,44.04,46.98,47.80,45.25,42.80,35.28,9.08,0.50,0.00,0.00,0.00,0.00,0.00
1/12/2016,1,12,0.00,0.00,0.00,0.00,0.00,0.00,0.28,0.28,0.62,12.83,39.70,44.04,46.70,47.79,45.25,42.89,36.43,9.64,0.50,0.00,0.00,0.00,0.00,0.00
1/13/2016,1,13,0.00,0.00,0.00,0.00,0.00,0.00,0.27,0.27,1.18,20.33,40.17,44.55,47.62,47.69,45.97,43.27,36.43,9.64,0.49,0.00,0.00,0.00,0.00,0.00
1/14/2016,1,14,0.00,0.00,0.00,0.00,0.00,0.00,0.28,0.28,1.18,20.33,40.17,44.55,47.62,47.69,45.97,43.27,36.43,9.64,0.49,0.00,0.00,0.00,0.00,0.00
1/15/2016,1,15,0.00,0.00,0.00,0.00,0.00,0.00,0.28,0.28,1.18,20.33,40.17,44.55,47.62,47.69,45.97,43.27,36.43,9.64,0.49,0.00,0.00,0.00,0.00,0.00
1/16/2016,1,16,0.00,0.00,0.00,0.00,0.00,0.00,0.28,0.28,1.18,20.33,40.17,44.55,47.62,47.69,45.97,43.27,36.43,9.64,0.49,0.00,0.00,0.00,0.00,0.00
1/17/2016,1,17,0.00,0.00,0.00,0.00,0.00,0.00,0.28,0.28,1.51,23.34,40.89,44.84,48.20,48.08,47.01,43.29,39.02,12.23,0.46,0.00,0.00,0.00,0.00,0.00
1/18/2016,1,18,0.00,0.00,0.00,0.00,0.00,0.00,0.28,0.28,1.51,23.34,40.89,44.84,48.20,48.08,47.01,43.72,39.61,12.84,0.46,0.00,0.00,0.00,0.00,0.00
1/19/2016,1,19,0.00,0.00,0.00,0.00,0.00,0.00,0.28,0.28,1.51,23.34,40.89,44.84,48.20,48.08,47.01,43.94,39.61,13.45,0.52,0.00,0.00,0.00,0.00,0.00
1/20/2016,1,20,0.00,0.00,0.00,0.00,0.00,0.00,0.28,0.28,1.51,23.34,40.89,44.84,48.20,48.09,47.39,43.94,40.19,13.60,0.73,0.00,0.00,0.00,0.00,0.00
1/21/2016,1,21,0.00,0.00,0.00,0.00,0.00,0.00,0.28,0.28,1.51,23.34,40.89,44.84,48.74,48.09,47.69,44.39,40.88,14.87,0.73,0.00,0.00,0.00,0.00,0.00
1/22/2016,1,22,0.00,0.00,0.00,0.00,0.00,0.00,0.28,0.28,1.51,23.34,40.89,44.84,48.74,48.09,47.69,44.39,40.88,15.21,0.73,0.00,0.00,0.00,0.00,0.00
1/23/2016,1,23,0.00,0.00,0.00,0.00,0.00,0.00,0.26,0.27,1.51,23.34,41.40,45.41,48.74,48.09,47.69,44.88,41.89,16.49,0.81,0.00,0.00,0.00,0.00,0.00
1/24/2016,1,24,0.00,0.00,0.00,0.00,0.00,0.00,0.26,0.27,0.89,17.98,41.40,45.41,48.74,48.09,47.69,44.88,41.89,16.49,0.81,0.00,0.00,0.00,0.00,0.00
1/25/2016,1,25,0.00,0.00,0.00,0.00,0.00,0.00,0.26,0.27,0.89,17.98,41.40,45.41,48.74,48.09,47.69,44.88,41.89,16.49,0.81,0.00,0.00,0.00,0.00,0.00
1/26/2016,1,26,0.00,0.00,0.00,0.00,0.00,0.00,0.26,0.27,0.89,17.98,41.40,45.41,48.74,48.09,47.69,44.88,41.89,16.49,0.81,0.00,0.00,0.00,0.00,0.00
1/27/2016,1,27,0.00,0.00,0.00,0.00,0.00,0.00,0.26,0.27,0.89,17.98,41.40,45.41,48.74,47.92,47.69,44.88,41.89,16.49,0.81,0.00,0.00,0.00,0.00,0.00
1/28/2016,1,28,0.00,0.00,0.00,0.00,0.00,0.00,0.25,0.27,0.89,17.98,41.40,45.41,48.69,47.92,48.05,44.88,42.54,19.16,0.97,0.00,0.00,0.00,0.00,0.00
1/29/2016,1,29,0.00,0.00,0.00,0.00,0.00,0.00,0.25,0.26,1.23,17.98,41.40,45.41,48.69,47.97,48.05,44.88,42.54,19.16,0.97,0.00,0.00,0.00,0.00,0.00
1/30/2016,1,30,0.00,0.00,0.00,0.00,0.00,0.00,0.25,0.26,1.23,17.98,38.03,43.37,48.52,47.97,48.05,42.17,42.54,19.16,0.97,0.00,0.00,0.00,0.00,0.00
1/31/2016,1,31,0.00,0.00,0.00,0.00,0.00,0.00,0.23,0.25,3.93,17.98,45.31,45.64,48.52,48.03,48.29,42.17,42.54,19.16,0.97,0.00,0.00,0.00,0.00,0.00
2/1/2016,2,1,0.00,0.00,0.00,0.00,0.00,0.00,0.23,0.25,4.21,31.41,45.31,47.37,48.45,48.03,48.29,45.70,44.04,21.77,1.29,0.00,0.00,0.00,0.00,0.00
2/2/2016,2,2,0.00,0.00,0.00,0.00,0.00,0.00,0.23,0.25,4.21,31.41,45.31,47.37,48.45,48.03,48.29,45.70,44.13,22.00,1.45,0.00,0.00,0.00,0.00,0.00
2/3/2016,2,3,0.00,0.00,0.00,0.00,0.00,0.00,0.23,0.25,4.21,31.41,45.31,47.37,48.45,48.03,48.29,45.70,44.13,22.00,1.45,0.00,0.00,0.00,0.00,0.00
2/4/2016,2,4,0.00,0.00,0.00,0.00,0.00,0.00,0.23,0.25,4.21,31.41,45.31,47.37,48.45,48.03,48.29,45.70,44.13,22.00,1.45,0.00,0.00,0.00,0.00,0.00
2/5/2016,2,5,0.00,0.00,0.00,0.00,0.00,0.00,0.23,0.25,4.21,31.41,45.31,47.58,48.45,48.06,48.29,45.70,44.13,22.00,1.45,0.00,0.00,0.00,0.00,0.00
2/6/2016,2,6,0.00,0.00,0.00,0.00,0.00,0.00,0.23,0.25,5.96,31.41,46.51,48.13,48.52,48.06,48.46,46.54,45.46,25.09,1.81,0.00,0.00,0.00,0.00,0.00
2/7/2016,2,7,0.00,0.00,0.00,0.00,0.00,0.00,0.22,0.23,5.96,34.42,46.57,48.13,48.52,48.06,48.46,46.54,45.46,25.09,1.81,0.00,0.00,0.00,0.00,0.00
2/8/2016,2,8,0.00,0.00,0.00,0.00,0.00,0.00,0.22,0.23,5.96,34.42,46.57,48.13,48.52,48.06,48.46,46.54,45.46,25.09,1.81,0.00,0.00,0.00,0.00,0.00
2/9/2016,2,9,0.00,0.00,0.00,0.00,0.00,0.00,0.22,0.22,5.96,34.42,46.57,48.13,48.52,48.06,48.46,46.54,45.46,25.09,1.81,0.00,0.00,0.00,0.00,0.00
2/10/2016,2,10,0.00,0.00,0.00,0.00,0.00,0.00,0.22,0.70,5.96,34.42,46.57,48.13,48.52,48.06,48.46,46.54,45.46,25.09,1.81,0.00,0.00,0.00,0.00,0.00
2/11/2016,2,11,0.00,0.00,0.00,0.00,0.00,0.00,0.22,0.70,6.92,35.14,46.57,48.13,48.52,48.06,48.46,46.54,45.46,25.09,1.81,0.00,0.00,0.00,0.00,0.00
2/12/2016,2,12,0.00,0.00,0.00,0.00,0.00,0.00,0.22,0.70,6.92,35.14,46.57,48.13,48.52,48.02,48.46,46.54,45.46,25.09,1.81,0.00,0.00,0.00,0.00,0.00
2/13/2016,2,13,0.00,0.00,0.00,0.00,0.00,0.00,0.22,0.70,6.92,35.14,46.01,47.59,48.49,48.14,48.57,46.41,44.38,26.68,2.82,0.00,0.00,0.00,0.00,0.00
2/14/2016,2,14,0.00,0.00,0.00,0.00,0.00,0.00,0.22,0.70,7.63,36.33,45.89,47.59,48.49,48.14,48.57,46.41,44.72,28.99,3.09,0.00,0.00,0.00,0.00,0.00
2/15/2016,2,15,0.00,0.00,0.00,0.00,0.00,0.00,0.22,0.70,7.63,36.33,45.89,47.59,48.46,48.14,48.57,48.14,46.84,30.20,3.48,0.00,0.00,0.00,0.00,0.00
2/16/2016,2,16,0.00,0.00,0.00,0.00,0.00,0.00,0.24,0.70,7.63,36.33,45.89,47.59,48.46,48.14,48.57,48.14,46.84,30.53,3.76,0.00,0.00,0.00,0.00,0.00
2/17/2016,2,17,0.00,0.00,0.00,0.00,0.00,0.00,0.24,0.53,9.65,38.71,47.23,48.36,48.51,48.14,48.57,48.14,46.84,30.82,4.21,0.00,0.00,0.00,0.00,0.00
2/18/2016,2,18,0.00,0.00,0.00,0.00,0.00,0.00,0.24,0.57,9.65,38.71,47.23,48.36,48.51,48.14,48.57,48.14,46.84,30.82,4.21,0.00,0.00,0.00,0.00,0.00
2/19/2016,2,19,0.00,0.00,0.00,0.00,0.00,0.00,0.46,0.68,11.39,40.01,47.53,48.62,48.51,48.14,48.57,48.14,47.04,32.43,4.65,0.00,0.00,0.00,0.00,0.00
2/20/2016,2,20,0.00,0.00,0.00,0.00,0.00,0.00,0.46,0.68,11.39,40.01,47.53,48.62,48.51,48.08,48.47,48.14,47.04,32.43,4.65,0.00,0.00,0.00,0.00,0.00
2/21/2016,2,21,0.00,0.00,0.00,0.00,0.00,0.00,0.46,0.68,11.39,40.01,47.53,48.62,48.51,48.08,48.47,48.14,47.04,32.43,4.65,0.00,0.00,0.00,0.00,0.00
2/22/2016,2,22,0.00,0.00,0.00,0.00,0.00,0.00,0.46,0.68,11.39,40.01,47.53,48.62,48.51,48.08,48.47,48.11,47.04,32.43,4.65,0.00,0.00,0.00,0.00,0.00
2/23/2016,2,23,0.00,0.00,0.00,0.00,0.00,0.00,0.46,0.68,11.39,40.01,47.53,48.62,48.51,48.08,48.47,48.11,47.04,32.43,4.65,0.00,0.00,0.00,0.00,0.00
2/24/2016,2,24,0.00,0.00,0.00,0.00,0.00,0.00,0.46,0.68,11.39,40.01,47.53,48.62,48.51,48.13,48.44,48.11,47.04,32.43,4.65,0.00,0.00,0.00,0.00,0.00
2/25/2016,2,25,0.00,0.00,0.00,0.00,0.00,0.00,0.46,0.68,11.39,40.01,47.53,48.62,48.51,48.13,48.44,48.11,47.04,32.43,4.65,0.00,0.00,0.00,0.00,0.00
2/26/2016,2,26,0.00,0.00,0.00,0.00,0.00,0.00,0.23,0.40,11.39,40.01,47.74,48.49,48.52,48.13,48.53,48.04,47.19,35.57,6.60,0.00,0.00,0.00,0.00,0.00
2/27/2016,2,27,0.00,0.00,0.00,0.00,0.00,0.00,0.23,0.40,14.29,41.32,47.74,48.49,48.52,48.13,48.53,48.04,47.19,35.57,6.60,0.00,0.00,0.00,0.00,0.00
2/28/2016,2,28,0.00,0.00,0.00,0.00,0.00,0.00,0.23,0.48,14.29,41.32,48.05,48.52,48.52,48.13,48.53,48.04,47.19,35.57,7.29,0.00,0.00,0.00,0.00,0.00
3/1/2016,3,1,0.00,0.00,0.00,0.00,0.00,0.00,0.22,0.48,16.33,41.32,48.05,48.52,48.52,48.13,48.53,48.04,47.19,35.57,7.29,0.00,0.00,0.00,0.00,0.00
3/2/2016,3,2,0.00,0.00,0.00,0.00,0.00,0.00,0.22,0.53,18.12,42.56,48.05,48.52,48.52,48.13,48.54,48.60,48.03,35.57,7.29,0.00,0.00,0.00,0.00,0.00
3/3/2016,3,3,0.00,0.00,0.00,0.00,0.00,0.00,0.22,0.53,18.12,42.56,48.05,48.52,48.52,48.17,48.54,48.60,48.03,35.57,7.29,0.00,0.00,0.00,0.00,0.00
3/4/2016,3,4,0.00,0.00,0.00,0.00,0.00,0.00,0.22,0.53,18.12,42.56,48.05,48.52,48.52,48.17,48.54,48.60,48.03,35.57,7.29,0.00,0.00,0.00,0.00,0.00
3/5/2016,3,5,0.00,0.00,0.00,0.00,0.00,0.00,0.22,0.53,18.12,42.56,48.05,48.52,48.48,48.17,48.54,48.60,48.03,35.38,7.29,0.00,0.00,0.00,0.00,0.00
3/6/2016,3,6,0.00,0.00,0.00,0.00,0.00,0.00,0.24,0.53,18.12,42.56,48.05,48.52,48.61,48.17,48.54,48.60,48.03,35.38,7.29,0.00,0.00,0.00,0.00,0.00
3/7/2016,3,7,0.00,0.00,0.00,0.00,0.00,0.00,0.24,0.53,18.12,42.56,47.81,48.50,48.61,48.17,48.54,48.60,48.03,32.83,6.56,0.00,0.00,0.00,0.00,0.00
3/8/2016,3,8,0.00,0.00,0.00,0.00,0.00,0.00,0.24,0.53,18.12,42.56,47.81,48.50,48.61,48.17,48.54,48.60,48.03,38.29,9.70,0.00,0.00,0.00,0.00,0.00
3/9/2016,3,9,0.00,0.00,0.00,0.00,0.00,0.00,0.24,0.85,17.80,39.04,46.15,47.72,48.61,48.17,48.54,48.48,47.55,38.29,9.70,0.00,0.00,0.00,0.00,0.00
3/10/2016,3,10,0.00,0.00,0.00,0.00,0.00,0.00,0.27,0.85,17.80,39.04,46.15,47.72,48.61,48.03,48.54,48.48,47.55,38.29,9.70,0.00,0.00,0.00,0.00,0.00
3/11/2016,3,11,0.00,0.00,0.00,0.00,0.00,0.00,0.27,0.85,17.80,39.04,46.15,47.72,48.61,48.09,48.54,48.48,47.55,38.29,10.23,0.00,0.00,0.00,0.00,0.00
3/12/2016,3,12,0.00,0.00,0.00,0.00,0.00,0.00,0.27,0.85,17.80,39.04,46.15,47.72,48.61,48.09,48.54,48.48,47.55,38.29,10.23,0.00,0.00,0.00,0.00,0.00
3/13/2016,3,13,0.00,0.00,0.00,0.00,0.00,0.00,0.27,0.85,17.80,39.04,48.23,48.50,48.45,48.09,48.54,48.48,47.55,38.29,10.23,0.00,0.00,0.00,0.00,0.00
3/14/2016,3,14,0.00,0.00,0.00,0.00,0.00,0.00,0.27,0.85,21.31,44.96,48.23,48.50,48.43,48.10,48.54,48.48,47.55,38.29,10.23,0.00,0.00,0.00,0.00,0.00
3/15/2016,3,15,0.00,0.00,0.00,0.00,0.00,0.00,0.27,0.85,23.33,45.93,48.47,48.50,48.49,48.13,48.43,47.92,47.46,39.62,10.23,0.00,0.00,0.00,0.00,0.00
3/16/2016,3,16,0.00,0.00,0.00,0.00,0.00,0.00,0.27,0.85,23.33,45.93,48.47,48.50,48.49,48.13,48.43,47.92,47.46,39.62,10.23,0.00,0.00,0.00,0.00,0.00
3/17/2016,3,17,0.00,0.00,0.00,0.00,0.00,0.00,0.27,0.85,23.33,45.93,48.47,48.50,48.49,48.13,48.43,47.92,47.46,39.62,10.23,0.00,0.00,0.00,0.00,0.00
3/18/2016,3,18,0.00,0.00,0.00,0.00,0.00,0.00,0.27,0.85,23.33,45.93,48.47,48.50,48.49,48.13,48.43,47.92,47.46,39.62,10.23,0.00,0.00,0.00,0.00,0.00
3/19/2016,3,19,0.00,0.00,0.00,0.00,0.00,0.00,0.27,0.85,26.20,45.93,48.47,48.50,48.49,48.13,48.43,47.92,47.46,39.62,10.23,0.00,0.00,0.00,0.00,0.00
3/20/2016,3,20,0.00,0.00,0.00,0.00,0.00,0.00,0.27,0.85,26.20,45.93,48.47,48.50,48.49,48.13,48.43,47.92,47.46,39.62,10.23,0.00,0.00,0.00,0.00,0.00
3/21/2016,3,21,0.00,0.00,0.00,0.00,0.00,0.00,0.27,0.85,30.71,45.93,48.47,48.50,48.49,48.13,48.23,47.92,47.46,39.62,10.23,0.00,0.00,0.00,0.00,0.00
3/22/2016,3,22,0.00,0.00,0.00,0.00,0.00,0.00,0.27,0.85,30.71,44.00,48.36,48.50,48.49,48.13,48.23,47.92,47.46,39.62,10.23,0.00,0.00,0.00,0.00,0.00
3/23/2016,3,23,0.00,0.00,0.00,0.00,0.00,0.00,0.70,3.85,30.71,44.00,48.36,48.50,44.36,48.13,48.23,47.92,47.46,39.62,10.23,0.00,0.00,0.00,0.00,0.00
3/24/2016,3,24,0.00,0.00,0.00,0.00,0.00,0.00,0.70,3.85,30.71,44.00,48.36,48.50,44.36,48.13,48.23,47.92,47.46,39.62,15.10,0.00,0.00,0.00,0.00,0.00
3/25/2016,3,25,0.00,0.00,0.00,0.00,0.00,0.00,0.70,3.85,30.71,44.00,48.36,49.30,44.36,48.13,48.23,47.92,47.46,39.62,15.10,0.00,0.00,0.00,0.00,0.00
3/26/2016,3,26,0.00,0.00,0.00,0.00,0.00,0.00,0.60,4.05,31.86,45.20,48.36,49.45,49.98,49.98,49.83,48.30,45.49,37.89,15.10,0.00,0.00,0.00,0.00,0.00
3/27/2016,3,27,0.00,0.00,0.00,0.00,0.00,0.00,0.60,4.46,31.86,45.20,48.36,49.45,49.98,49.98,49.83,48.30,45.49,37.89,15.10,0.00,0.00,0.00,0.00,0.00
3/28/2016,3,28,0.00,0.00,0.00,0.00,0.00,0.00,0.60,4.46,31.86,45.20,48.36,49.45,49.98,49.98,49.83,48.30,45.49,37.89,15.10,0.00,0.00,0.00,0.00,0.00
3/29/2016,3,29,0.00,0.00,0.00,0.00,0.00,0.00,0.60,4.46,31.86,45.20,48.28,49.45,49.98,49.98,49.83,48.30,45.49,37.89,15.10,0.00,0.00,0.00,0.00,0.00
3/30/2016,3,30,0.00,0.00,0.00,0.00,0.00,0.00,0.60,5.97,31.86,45.20,48.28,49.45,49.98,49.98,49.83,48.30,45.49,37.89,15.10,0.00,0.00,0.00,0.00,0.00
3/31/2016,3,31,0.00,0.00,0.00,0.00,0.00,0.00,0.60,6.88,34.24,45.20,48.28,49.45,49.98,49.98,49.83,48.30,45.49,37.89,15.10,0.00,0.00,0.00,0.00,0.00
4/1/2016,4,1,0.00,0.00,0.00,0.00,0.00,0.00,0.60,6.88,34.24,45.20,48.28,49.45,49.98,49.98,49.83,48.30,45.49,37.89,15.10,0.00,0.00,0.00,0.00,0.00
4/2/2016,4,2,0.00,0.00,0.00,0.00,0.00,0.00,0.57,6.88,34.24,45.13,48.04,48.88,49.39,49.08,48.58,45.97,44.94,36.95,15.10,0.00,0.00,0.00,0.00,0.00
4/3/2016,4,3,0.00,0.00,0.00,0.00,0.00,0.00,0.57,7.53,35.19,45.13,48.04,48.88,49.39,49.08,48.58,45.97,44.94,36.95,15.10,0.00,0.00,0.00,0.00,0.00
4/4/2016,4,4,0.00,0.00,0.00,0.00,0.00,0.00,0.57,7.53,35.19,45.13,48.04,48.88,49.39,49.08,48.58,45.97,44.94,36.95,15.78,0.00,0.00,0.00,0.00,0.00
4/5/2016,4,5,0.00,0.00,0.00,0.00,0.00,0.00,0.57,9.04,36.08,45.13,48.04,48.88,49.39,49.08,48.58,45.97,44.94,36.95,15.78,0.00,0.00,0.00,0.00,0.00
4/6/2016,4,6,0.00,0.00,0.00,0.00,0.00,0.00,0.57,9.04,36.08,45.13,48.04,48.88,49.39,49.08,48.58,45.97,44.94,37.41,15.78,0.00,0.00,0.00,0.00,0.00
4/7/2016,4,7,0.00,0.00,0.00,0.00,0.00,0.00,0.57,9.04,36.08,45.13,48.04,48.88,49.39,49.08,48.58,45.97,44.94,37.41,15.78,0.00,0.00,0.00,0.00,0.00
4/8/2016,4,8,0.00,0.00,0.00,0.00,0.00,0.00,0.57,9.04,36.08,44.61,47.25,47.64,47.80,46.62,46.78,44.61,37.00,37.41,15.78,0.00,0.00,0.00,0.00,0.00
4/9/2016,4,9,0.00,0.00,0.00,0.00,0.00,0.00,0.57,9.04,36.08,43.06,45.27,47.64,47.80,46.62,46.78,44.61,37.00,37.41,15.78,0.00,0.00,0.00,0.00,0.00
4/10/2016,4,10,0.00,0.00,0.00,0.00,0.00,0.00,0.57,9.04,36.08,43.06,45.27,47.64,47.80,46.62,46.78,44.61,37.00,37.41,15.78,0.00,0.00,0.00,0.00,0.00
4/11/2016,4,11,0.00,0.00,0.00,0.00,0.00,0.00,0.43,9.04,36.08,43.06,45.27,47.64,47.80,46.62,46.78,44.61,37.00,37.41,19.04,0.00,0.00,0.00,0.00,0.00
4/12/2016,4,12,0.00,0.00,0.00,0.00,0.00,0.00,0.52,10.71,31.58,40.70,45.27,40.50,37.82,48.26,38.33,29.32,23.99,37.41,19.04,0.00,0.00,0.00,0.00,0.00
4/13/2016,4,13,0.00,0.00,0.00,0.00,0.00,0.00,0.55,10.71,36.09,44.16,45.27,40.50,37.82,48.26,38.33,29.32,26.35,33.61,19.04,0.00,0.00,0.00,0.00,0.00
4/14/2016,4,14,0.00,0.00,0.00,0.00,0.00,0.00,0.74,10.71,36.09,44.19,46.58,46.69,48.26,48.26,38.33,29.32,26.35,33.61,19.04,0.00,0.00,0.00,0.00,0.00
4/15/2016,4,15,0.00,0.00,0.00,0.00,0.00,0.00,0.74,10.71,36.09,44.19,46.58,46.69,48.26,48.26,38.33,29.32,26.35,35.62,21.24,0.00,0.00,0.00,0.00,0.00
4/16/2016,4,16,0.00,0.00,0.00,0.00,0.00,0.00,0.74,10.71,36.09,44.19,46.58,46.69,48.26,48.26,38.33,29.32,26.35,35.62,21.24,0.00,0.00,0.00,0.00,0.00
4/17/2016,4,17,0.00,0.00,0.00,0.00,0.00,0.00,0.74,12.10,36.09,44.19,46.58,46.69,48.26,48.26,38.33,29.32,26.35,35.62,21.24,0.00,0.00,0.00,0.00,0.00
4/18/2016,4,18,0.00,0.00,0.00,0.00,0.00,0.00,0.74,12.10,36.09,44.19,46.58,46.69,48.26,48.26,38.33,29.32,26.35,35.62,21.24,0.00,0.00,0.00,0.00,0.00
4/19/2016,4,19,0.00,0.00,0.00,0.00,0.00,0.00,0.74,12.10,36.09,44.19,46.58,46.69,48.26,44.83,22.72,22.99,44.00,38.78,22.16,0.00,0.00,0.00,0.00,0.00
4/20/2016,4,20,0.00,0.00,0.00,0.00,0.00,0.00,0.74,12.98,36.26,44.19,46.58,47.73,49.00,48.52,48.94,45.10,44.00,38.78,22.16,0.00,0.00,0.00,0.00,0.00
4/21/2016,4,21,0.00,0.00,0.00,0.00,0.00,0.00,0.77,20.18,36.38,42.56,46.28,47.73,49.00,48.52,48.94,45.10,44.00,38.78,22.16,0.00,0.00,0.00,0.00,0.00
4/22/2016,4,22,0.00,0.00,0.00,0.00,0.00,0.00,0.77,20.18,38.94,45.33,47.42,48.28,49.00,48.52,48.94,45.10,44.00,38.78,22.16,0.00,0.00,0.00,0.00,0.00
4/23/2016,4,23,0.00,0.00,0.00,0.00,0.00,0.00,0.77,20.18,39.13,45.33,47.42,48.28,49.00,48.52,48.94,45.10,44.00,38.78,22.16,0.00,0.00,0.00,0.00,0.00
4/24/2016,4,24,0.00,0.00,0.00,0.00,0.00,0.00,0.77,20.18,39.13,45.33,47.42,48.28,49.00,48.52,48.94,45.10,44.00,38.78,22.16,0.00,0.00,0.00,0.00,0.00
4/25/2016,4,25,0.00,0.00,0.00,0.00,0.00,0.00,0.77,20.18,39.13,45.33,47.42,48.28,49.00,48.52,48.94,45.10,44.00,38.78,22.16,0.00,0.00,0.00,0.00,0.00
4/26/2016,4,26,0.00,0.00,0.00,0.00,0.00,0.00,0.86,20.18,39.13,45.33,47.42,48.28,49.00,48.52,48.94,45.10,39.00,34.04,22.16,0.00,0.00,0.00,0.00,0.00
4/27/2016,4,27,0.00,0.00,0.00,0.00,0.00,0.00,0.86,20.18,39.13,45.33,47.42,48.28,48.66,46.06,48.00,41.14,39.00,27.01,22.16,0.00,0.00,0.00,0.00,0.00
4/28/2016,4,28,0.00,0.00,0.00,0.00,0.00,0.00,0.86,20.18,39.13,45.33,47.42,48.28,48.66,46.94,48.00,45.74,42.11,35.23,22.16,0.00,0.00,0.00,0.00,0.00
4/29/2016,4,29,0.00,0.00,0.00,0.00,0.00,0.00,2.20,21.87,39.13,43.64,46.04,47.05,47.50,46.94,46.79,45.74,42.11,35.23,22.16,0.00,0.00,0.00,0.00,0.00
4/30/2016,4,30,0.00,0.00,0.00,0.00,0.00,0.00,2.79,25.16,41.62,44.75,46.04,47.05,47.50,46.94,46.79,45.74,42.11,35.23,22.16,0.00,0.00,0.00,0.00,0.00
5/1/2016,5,1,0.00,0.00,0.00,0.00,0.00,0.00,2.79,25.16,41.62,44.75,46.04,47.05,47.50,46.94,46.79,45.74,42.11,35.23,22.16,0.00,0.00,0.00,0.00,0.00
5/2/2016,5,2,0.00,0.00,0.00,0.00,0.00,0.00,2.79,25.16,41.62,44.75,46.04,47.05,47.50,46.94,46.79,45.74,42.11,35.23,22.16,0.00,0.00,0.00,0.00,0.00
5/3/2016,5,3,0.00,0.00,0.00,0.00,0.00,0.00,2.79,25.16,41.62,44.75,46.33,47.65,48.12,46.94,46.79,45.74,43.81,40.55,26.84,0.00,0.00,0.00,0.00,0.00
5/4/2016,5,4,0.00,0.00,0.00,0.00,0.00,0.00,2.79,25.16,41.62,44.75,46.33,47.65,48.12,46.94,46.79,45.74,43.81,41.74,28.04,0.00,0.00,0.00,0.00,0.00
5/5/2016,5,5,0.00,0.00,0.00,0.00,0.00,0.00,3.33,26.29,41.62,44.75,46.33,47.65,48.12,46.91,46.42,45.48,43.81,41.74,28.04,0.00,0.00,0.00,0.00,0.00
5/6/2016,5,6,0.00,0.00,0.00,0.00,0.00,0.00,3.33,26.29,41.62,44.75,46.33,47.65,48.12,46.91,46.42,45.48,43.81,41.74,28.04,0.00,0.00,0.00,0.00,0.00
5/7/2016,5,7,0.00,0.00,0.00,0.00,0.00,0.00,3.33,26.29,40.83,44.64,46.33,47.65,48.12,46.91,46.42,45.48,43.81,41.74,28.04,0.00,0.00,0.00,0.00,0.00
5/8/2016,5,8,0.00,0.00,0.00,0.00,0.00,0.00,3.33,26.29,40.83,45.71,47.02,47.65,48.12,46.91,46.42,45.48,43.81,41.74,28.04,0.00,0.00,0.00,0.00,0.00
5/9/2016,5,9,0.00,0.00,0.00,0.00,0.00,0.00,3.33,26.29,40.83,45.71,47.02,47.65,48.12,46.91,46.42,45.48,43.81,41.74,28.04,0.00,0.00,0.00,0.00,0.00
5/10/2016,5,10,0.00,0.00,0.00,0.00,0.00,0.00,3.33,26.29,40.83,45.96,47.02,46.55,46.67,45.91,45.76,45.48,43.81,41.74,28.04,0.00,0.00,0.00,0.00,0.00
5/11/2016,5,11,0.00,0.00,0.00,0.00,0.00,0.00,3.33,26.29,40.76,45.96,47.02,47.13,46.40,45.91,45.76,45.48,43.81,41.74,28.04,0.00,0.00,0.00,0.00,0.00
5/12/2016,5,12,0.00,0.00,0.00,0.00,0.00,0.00,2.43,24.11,40.10,45.96,47.02,47.13,39.21,45.91,45.76,45.48,43.81,41.74,28.04,0.00,0.00,0.00,0.00,0.00
5/13/2016,5,13,0.00,0.00,0.00,0.00,0.00,0.00,2.43,24.11,40.10,45.96,47.02,47.13,46.49,45.91,42.33,45.48,43.81,41.74,28.04,0.00,0.00,0.00,0.00,0.00
5/14/2016,5,14,0.00,0.00,0.00,0.00,0.00,0.00,2.43,24.11,40.10,45.96,47.02,47.13,46.49,45.91,42.33,45.48,43.81,41.74,28.04,0.00,0.00,0.00,0.00,0.00
5/15/2016,5,15,0.00,0.00,0.00,0.00,0.00,0.00,3.38,28.35,41.28,45.96,45.60,47.13,46.49,45.91,42.33,45.48,43.81,41.74,28.04,0.00,0.00,0.00,0.00,0.00
5/16/2016,5,16,0.00,0.00,0.00,0.00,0.00,0.00,3.38,28.35,41.28,45.96,45.60,47.13,46.49,45.91,42.33,45.48,43.81,41.74,28.04,0.00,0.00,0.00,0.00,0.00
5/17/2016,5,17,0.00,0.00,0.00,0.00,0.00,0.00,3.38,28.35,41.28,45.34,45.60,47.13,46.49,43.93,42.33,45.48,43.81,41.74,26.51,0.00,0.00,0.00,0.00,0.00
5/18/2016,5,18,0.00,0.00,0.00,0.00,0.00,0.00,4.91,29.63,41.28,45.34,45.60,46.50,46.49,43.93,42.33,45.48,43.81,41.74,29.33,0.00,0.00,0.00,0.00,0.00
5/19/2016,5,19,0.00,0.00,0.00,0.00,0.00,0.00,4.91,29.63,41.28,44.31,45.60,46.50,46.49,43.93,42.33,45.48,43.81,41.74,29.33,0.00,0.00,0.00,0.00,0.00
5/20/2016,5,20,0.00,0.00,0.00,0.00,0.00,0.00,4.91,29.63,41.28,44.31,45.13,45.41,45.08,43.93,40.28,45.48,43.81,41.74,29.33,0.00,0.00,0.00,0.00,0.00
5/21/2016,5,21,0.00,0.00,0.00,0.00,0.00,0.00,4.91,29.63,41.28,44.65,45.13,45.41,45.08,43.93,40.28,45.48,43.81,41.74,29.33,0.00,0.00,0.00,0.00,0.00
5/22/2016,5,22,0.00,0.00,0.00,0.00,0.00,0.00,4.91,29.83,43.61,47.09,48.34,49.17,48.95,46.32,40.28,45.48,43.81,41.74,29.33,0.00,0.00,0.00,0.00,0.00
5/23/2016,5,23,0.00,0.00,0.00,0.00,0.00,0.00,7.54,29.83,43.61,47.09,48.34,49.17,48.95,46.32,40.28,45.48,44.84,41.74,35.95,0.00,0.00,0.00,0.00,0.00
5/24/2016,5,24,0.00,0.00,0.00,0.00,0.00,0.00,7.54,29.83,43.61,47.09,48.34,49.17,48.95,46.32,34.72,45.48,44.84,43.12,35.95,0.00,0.00,0.00,0.00,0.00
5/25/2016,5,25,0.00,0.00,0.00,0.00,0.00,0.00,8.57,34.29,44.07,47.09,48.34,49.32,48.95,46.32,45.01,46.01,44.84,43.12,35.95,0.00,0.00,0.00,0.00,0.00
5/26/2016,5,26,0.00,0.00,0.00,0.00,0.00,0.00,8.65,34.29,44.07,47.09,48.34,49.32,48.95,46.32,45.01,46.01,45.21,43.47,35.95,0.00,0.00,0.00,0.00,0.00
5/27/2016,5,27,0.00,0.00,0.00,0.00,0.00,0.00,8.65,34.29,44.07,47.09,48.34,49.32,48.95,46.32,45.01,46.01,45.21,43.49,35.95,0.00,0.00,0.00,0.00,0.00
5/28/2016,5,28,0.00,0.00,0.00,0.00,0.00,0.00,8.96,34.29,44.07,47.09,48.34,49.32,48.95,46.32,45.01,46.01,45.21,43.49,35.95,0.00,0.00,0.00,0.00,0.00
5/29/2016,5,29,0.00,0.00,0.00,0.00,0.00,0.00,8.96,34.29,44.07,46.72,47.71,49.32,48.94,43.01,45.01,46.01,45.21,43.49,35.95,0.00,0.00,0.00,0.00,0.00
5/30/2016,5,30,0.00,0.00,0.00,0.00,0.00,0.00,8.96,34.29,44.07,46.72,47.71,49.32,48.94,43.01,45.01,46.01,45.21,43.49,35.80,0.00,0.00,0.00,0.00,0.00
5/31/2016,5,31,0.00,0.00,0.00,0.00,0.00,0.00,9.52,34.29,44.07,46.72,48.02,49.32,48.94,43.01,45.01,46.01,45.21,43.49,35.80,0.00,0.00,0.00,0.00,0.00
6/1/2016,6,1,0.00,0.00,0.00,0.00,0.00,0.00,9.52,34.01,43.05,45.37,45.55,47.19,44.64,29.66,43.70,37.34,45.21,43.49,35.80,0.00,0.00,0.00,0.00,0.00
6/2/2016,6,2,0.00,0.00,0.00,0.00,0.00,0.00,10.47,35.01,45.00,47.58,48.50,48.72,48.79,47.65,47.35,46.50,44.98,42.97,35.53,0.00,0.00,0.00,0.00,0.00
6/3/2016,6,3,0.00,0.00,0.00,0.00,0.00,0.00,10.47,35.01,45.00,47.58,48.50,48.72,48.79,47.65,47.35,46.50,44.98,42.39,35.24,0.00,0.00,0.00,0.00,0.00
6/4/2016,6,4,0.00,0.00,0.00,0.00,0.00,0.00,10.47,35.01,45.00,47.58,48.50,48.72,48.79,47.65,47.35,46.50,44.98,42.02,35.07,0.00,0.00,0.00,0.00,0.00
6/5/2016,6,5,0.00,0.00,0.00,0.00,0.00,0.00,10.47,35.01,45.00,47.33,48.50,48.69,48.79,47.65,47.35,46.50,44.98,42.02,35.07,0.00,0.00,0.00,0.00,0.00
6/6/2016,6,6,0.00,0.00,0.00,0.00,0.00,0.00,10.47,35.01,45.00,47.33,48.50,48.72,48.79,47.45,47.35,46.50,44.98,42.02,35.07,0.00,0.00,0.00,0.00,0.00
6/7/2016,6,7,0.00,0.00,0.00,0.00,0.00,0.00,10.47,35.01,45.00,47.33,48.50,48.72,48.79,47.65,47.35,46.53,44.98,42.02,35.07,0.00,0.00,0.00,0.00,0.00
6/8/2016,6,8,0.00,0.00,0.00,0.00,0.00,0.00,10.47,35.01,45.00,47.33,48.50,48.72,48.79,47.65,47.35,46.50,44.98,42.02,33.19,0.00,0.00,0.00,0.00,0.00
6/9/2016,6,9,0.00,0.00,0.00,0.00,0.00,0.00,6.40,33.26,42.22,44.51,45.30,45.32,45.49,44.81,47.35,46.50,32.06,25.40,32.64,0.00,0.00,0.00,0.00,0.00
6/10/2016,6,10,0.00,0.00,0.00,0.00,0.00,0.00,6.40,31.21,42.22,44.51,45.30,45.89,46.34,45.17,47.35,44.64,43.54,41.54,35.96,0.00,0.00,0.00,0.00,0.00
6/11/2016,6,11,0.00,0.00,0.00,0.00,0.00,0.00,10.71,34.21,42.22,44.51,45.30,45.89,46.34,45.17,45.27,44.64,43.54,41.54,35.96,0.00,0.00,0.00,0.00,0.00
6/12/2016,6,12,0.00,0.00,0.00,0.00,0.00,0.00,10.71,34.21,42.22,44.51,45.30,45.89,46.34,45.17,45.27,44.64,43.54,41.54,35.96,0.00,0.00,0.00,0.00,0.00
6/13/2016,6,13,0.00,0.00,0.00,0.00,0.00,0.00,10.71,34.21,42.22,44.51,45.30,45.89,46.34,45.17,45.27,44.64,43.54,41.54,35.96,0.00,0.00,0.00,0.00,0.00
6/14/2016,6,14,0.00,0.00,0.00,0.00,0.00,0.00,10.71,34.21,41.53,43.81,44.99,45.89,46.34,45.17,45.27,44.64,43.54,41.54,35.96,0.00,0.00,0.00,0.00,0.00
6/15/2016,6,15,0.00,0.00,0.00,0.00,0.00,0.00,10.71,34.21,41.53,43.81,44.99,45.89,46.34,45.17,45.27,44.64,43.54,41.54,35.96,0.00,0.00,0.00,0.00,0.00
6/16/2016,6,16,0.00,0.00,0.00,0.00,0.00,0.00,10.71,34.21,41.53,43.81,44.99,45.89,46.34,45.17,45.27,44.64,43.54,41.54,35.96,0.00,0.00,0.00,0.00,0.00
6/17/2016,6,17,0.00,0.00,0.00,0.00,0.00,0.00,10.71,34.21,41.29,43.81,44.74,45.21,44.96,43.65,36.51,31.68,37.32,34.86,34.40,0.00,0.00,0.00,0.00,0.00
6/18/2016,6,18,0.00,0.00,0.00,0.00,0.00,0.00,10.71,30.02,39.12,41.60,43.15,44.11,43.84,28.70,36.51,31.68,37.32,34.86,34.40,0.00,0.00,0.00,0.00,0.00
6/19/2016,6,19,0.00,0.00,0.00,0.00,0.00,0.00,10.71,30.02,39.12,41.60,43.15,44.11,43.84,28.70,36.51,40.89,33.67,34.86,34.40,0.00,0.00,0.00,0.00,0.00
6/20/2016,6,20,0.00,0.00,0.00,0.00,0.00,0.00,10.71,30.02,39.81,42.71,44.62,45.73,45.85,43.39,44.03,44.78,44.02,41.23,34.40,0.00,0.00,0.00,0.00,0.00
6/21/2016,6,21,0.00,0.00,0.00,0.00,0.00,0.00,10.71,33.16,41.79,43.90,44.66,45.73,45.97,44.86,44.40,44.78,44.02,41.23,34.93,0.00,0.00,0.00,0.00,0.00
6/22/2016,6,22,0.00,0.00,0.00,0.00,0.00,0.00,9.02,33.19,41.79,43.90,45.12,45.74,46.12,45.51,44.69,44.78,44.02,41.23,34.93,0.00,0.00,0.00,0.00,0.00
6/23/2016,6,23,0.00,0.00,0.00,0.00,0.00,0.00,9.02,33.19,41.79,43.90,45.12,45.74,46.12,45.51,44.69,44.78,44.02,41.23,34.93,0.00,0.00,0.00,0.00,0.00
6/24/2016,6,24,0.00,0.00,0.00,0.00,0.00,0.00,9.02,33.19,41.79,43.90,45.12,45.74,46.12,45.51,45.65,44.78,44.02,41.23,34.93,0.00,0.00,0.00,0.00,0.00
6/25/2016,6,25,0.00,0.00,0.00,0.00,0.00,0.00,9.02,33.19,41.79,43.90,45.12,45.74,46.12,45.51,45.65,44.78,44.02,41.23,34.93,0.00,0.00,0.00,0.00,0.00
6/26/2016,6,26,0.00,0.00,0.00,0.00,0.00,0.00,9.02,33.19,41.79,43.90,45.12,45.74,46.12,45.51,45.65,44.78,44.02,41.23,34.93,0.00,0.00,0.00,0.00,0.00
6/27/2016,6,27,0.00,0.00,0.00,0.00,0.00,0.00,9.02,33.19,41.79,43.90,45.12,45.74,46.12,45.51,45.65,44.52,33.08,34.89,34.93,0.00,0.00,0.00,0.00,0.00
6/28/2016,6,28,0.00,0.00,0.00,0.00,0.00,0.00,9.02,33.19,41.08,43.52,45.12,45.74,46.12,45.51,45.65,44.52,33.08,34.89,34.93,0.00,0.00,0.00,0.00,0.00
6/29/2016,6,29,0.00,0.00,0.00,0.00,0.00,0.00,8.61,28.08,38.37,42.65,44.09,44.58,45.12,44.66,45.65,44.52,33.08,34.89,34.93,0.00,0.00,0.00,0.00,0.00
6/30/2016,6,30,0.00,0.00,0.00,0.00,0.00,0.00,8.61,28.08,38.37,42.65,44.09,44.58,45.12,44.66,45.65,44.52,33.08,34.89,34.93,0.00,0.00,0.00,0.00,0.00
7/1/2016,7,1,0.00,0.00,0.00,0.00,0.00,0.00,8.61,28.08,38.37,42.65,44.09,43.88,44.13,43.70,43.49,42.38,33.08,34.89,34.93,0.00,0.00,0.00,0.00,0.00
7/2/2016,7,2,0.00,0.00,0.00,0.00,0.00,0.00,8.61,28.08,38.37,42.65,44.09,46.22,45.73,45.91,46.89,38.75,35.70,34.89,34.93,0.00,0.00,0.00,0.00,0.00
7/3/2016,7,3,0.00,0.00,0.00,0.00,0.00,0.00,4.55,24.78,38.19,43.71,44.94,46.22,45.99,45.91,46.89,41.22,35.96,34.89,30.83,0.00,0.00,0.00,0.00,0.00
7/4/2016,7,4,0.00,0.00,0.00,0.00,0.00,0.00,4.55,24.78,38.19,43.71,44.94,46.22,45.99,45.91,46.89,41.22,35.96,34.89,30.83,0.00,0.00,0.00,0.00,0.00
7/5/2016,7,5,0.00,0.00,0.00,0.00,0.00,0.00,4.55,24.78,38.19,43.71,44.94,46.22,45.99,45.91,46.89,41.38,35.96,34.89,30.83,0.00,0.00,0.00,0.00,0.00
7/6/2016,7,6,0.00,0.00,0.00,0.00,0.00,0.00,4.55,24.78,38.19,43.71,44.94,46.22,45.99,45.91,46.89,41.38,35.96,34.89,30.83,0.00,0.00,0.00,0.00,0.00
7/7/2016,7,7,0.00,0.00,0.00,0.00,0.00,0.00,4.44,24.33,38.19,43.71,44.94,46.22,45.99,45.91,46.89,41.38,35.96,34.89,30.83,0.00,0.00,0.00,0.00,0.00
7/8/2016,7,8,0.00,0.00,0.00,0.00,0.00,0.00,4.44,24.33,38.19,43.71,44.94,46.22,45.99,45.91,46.89,41.38,35.96,34.89,30.83,0.00,0.00,0.00,0.00,0.00
7/9/2016,7,9,0.00,0.00,0.00,0.00,0.00,0.00,4.44,24.33,38.19,43.71,44.94,45.34,45.99,43.61,46.89,41.38,35.96,34.89,30.83,0.00,0.00,0.00,0.00,0.00
7/10/2016,7,10,0.00,0.00,0.00,0.00,0.00,0.00,3.12,24.33,37.54,42.32,42.50,44.96,45.99,43.61,46.89,41.38,35.12,34.89,30.83,0.00,0.00,0.00,0.00,0.00
7/11/2016,7,11,0.00,0.00,0.00,0.00,0.00,0.00,2.53,22.64,35.95,40.91,42.43,40.56,45.99,42.49,46.89,41.38,35.12,34.89,30.83,0.00,0.00,0.00,0.00,0.00
7/12/2016,7,12,0.00,0.00,0.00,0.00,0.00,0.00,2.53,21.93,35.64,39.38,41.20,40.56,45.99,42.49,46.89,41.38,35.12,34.89,30.83,0.00,0.00,0.00,0.00,0.00
7/13/2016,7,13,0.00,0.00,0.00,0.00,0.00,0.00,2.53,21.93,35.64,39.56,41.20,40.56,45.99,42.49,46.89,41.38,35.12,34.89,30.83,0.00,0.00,0.00,0.00,0.00
7/14/2016,7,14,0.00,0.00,0.00,0.00,0.00,0.00,2.53,24.33,36.47,39.64,41.23,42.05,45.99,42.49,46.89,41.38,35.12,34.89,30.83,0.00,0.00,0.00,0.00,0.00
7/15/2016,7,15,0.00,0.00,0.00,0.00,0.00,0.00,2.53,24.33,39.90,39.64,41.23,42.05,45.99,44.38,46.89,41.38,35.12,34.89,30.83,0.00,0.00,0.00,0.00,0.00
7/16/2016,7,16,0.00,0.00,0.00,0.00,0.00,0.00,2.53,24.33,39.90,39.64,41.23,42.05,45.99,44.38,46.89,41.38,35.12,34.89,30.83,0.00,0.00,0.00,0.00,0.00
7/17/2016,7,17,0.00,0.00,0.00,0.00,0.00,0.00,2.53,24.33,39.90,39.64,41.23,42.05,45.99,44.38,46.89,41.38,35.12,34.89,30.83,0.00,0.00,0.00,0.00,0.00
7/18/2016,7,18,0.00,0.00,0.00,0.00,0.00,0.00,2.47,24.33,40.55,44.27,45.51,45.79,45.86,45.98,46.13,45.55,45.02,34.89,30.83,0.00,0.00,0.00,0.00,0.00
7/19/2016,7,19,0.00,0.00,0.00,0.00,0.00,0.00,2.47,24.33,40.55,44.27,45.51,45.79,45.86,45.98,46.13,45.55,45.02,43.13,30.83,0.00,0.00,0.00,0.00,0.00
7/20/2016,7,20,0.00,0.00,0.00,0.00,0.00,0.00,2.47,24.33,40.55,44.27,45.51,45.79,45.86,45.98,46.13,45.55,45.02,43.13,30.83,0.00,0.00,0.00,0.00,0.00
7/21/2016,7,21,0.00,0.00,0.00,0.00,0.00,0.00,1.94,23.10,40.55,44.27,45.51,45.79,45.86,45.98,46.13,45.55,45.02,43.13,30.83,0.00,0.00,0.00,0.00,0.00
7/22/2016,7,22,0.00,0.00,0.00,0.00,0.00,0.00,1.94,23.10,40.55,44.27,45.51,45.79,45.86,45.98,46.13,45.55,45.02,43.13,30.83,0.00,0.00,0.00,0.00,0.00
7/23/2016,7,23,0.00,0.00,0.00,0.00,0.00,0.00,1.94,23.10,40.55,44.27,45.51,45.79,45.86,45.98,46.13,45.55,45.02,43.13,30.83,0.00,0.00,0.00,0.00,0.00
7/24/2016,7,24,0.00,0.00,0.00,0.00,0.00,0.00,2.31,23.10,40.55,44.27,45.51,45.79,45.86,45.98,46.13,45.55,45.02,43.13,30.83,0.00,0.00,0.00,0.00,0.00
7/25/2016,7,25,0.00,0.00,0.00,0.00,0.00,0.00,2.31,23.10,39.66,43.32,44.43,44.83,44.70,44.25,44.20,43.27,45.02,43.13,30.83,0.00,0.00,0.00,0.00,0.00
7/26/2016,7,26,0.00,0.00,0.00,0.00,0.00,0.00,2.31,23.10,39.47,42.67,44.28,44.80,44.70,44.02,44.14,43.08,45.02,43.13,30.83,0.00,0.00,0.00,0.00,0.00
7/27/2016,7,27,0.00,0.00,0.00,0.00,0.00,0.00,2.31,23.10,39.47,42.67,44.28,44.80,44.70,44.02,44.14,43.08,45.02,43.13,30.83,0.00,0.00,0.00,0.00,0.00
7/28/2016,7,28,0.00,0.00,0.00,0.00,0.00,0.00,2.31,23.10,39.15,42.67,43.80,44.46,44.51,44.02,44.14,42.71,45.02,43.13,30.83,0.00,0.00,0.00,0.00,0.00
7/29/2016,7,29,0.00,0.00,0.00,0.00,0.00,0.00,2.31,23.10,39.15,42.67,43.80,44.46,44.51,44.02,44.14,42.71,45.02,43.13,30.83,0.00,0.00,0.00,0.00,0.00
7/30/2016,7,30,0.00,0.00,0.00,0.00,0.00,0.00,2.31,23.10,39.15,42.89,44.02,44.78,44.51,44.02,44.14,42.71,45.02,43.13,30.83,0.00,0.00,0.00,0.00,0.00
7/31/2016,7,31,0.00,0.00,0.00,0.00,0.00,0.00,1.90,22.75,42.29,45.59,46.13,46.07,46.97,46.70,44.14,42.71,43.84,39.34,30.83,0.00,0.00,0.00,0.00,0.00
8/1/2016,8,1,0.00,0.00,0.00,0.00,0.00,0.00,1.90,22.75,42.29,45.59,46.13,46.07,46.97,46.70,44.14,42.71,43.84,39.34,30.94,0.00,0.00,0.00,0.00,0.00
8/2/2016,8,2,0.00,0.00,0.00,0.00,0.00,0.00,1.90,22.75,42.29,45.59,46.13,46.07,46.97,46.70,42.90,42.35,43.84,39.34,30.94,0.00,0.00,0.00,0.00,0.00
8/3/2016,8,3,0.00,0.00,0.00,0.00,0.00,0.00,1.90,22.75,42.29,45.59,46.13,46.07,46.97,46.70,42.90,42.35,43.84,39.34,30.94,0.00,0.00,0.00,0.00,0.00
8/4/2016,8,4,0.00,0.00,0.00,0.00,0.00,0.00,1.90,22.75,42.29,45.59,46.13,46.07,46.97,46.70,43.59,43.23,43.84,39.34,30.94,0.00,0.00,0.00,0.00,0.00
8/5/2016,8,5,0.00,0.00,0.00,0.00,0.00,0.00,1.90,22.75,42.29,45.59,46.13,46.07,46.97,46.70,43.59,43.23,43.84,39.34,30.94,0.00,0.00,0.00,0.00,0.00
8/6/2016,8,6,0.00,0.00,0.00,0.00,0.00,0.00,1.90,22.75,42.29,45.59,46.13,46.07,46.97,46.70,43.59,43.23,43.84,39.34,30.94,0.00,0.00,0.00,0.00,0.00
8/7/2016,8,7,0.00,0.00,0.00,0.00,0.00,0.00,0.78,20.07,40.73,43.90,45.01,45.32,44.95,44.52,43.59,43.23,41.87,37.42,30.94,0.00,0.00,0.00,0.00,0.00
8/8/2016,8,8,0.00,0.00,0.00,0.00,0.00,0.00,0.78,20.07,40.40,43.90,45.01,45.32,44.95,44.52,43.59,43.23,41.87,37.42,30.94,0.00,0.00,0.00,0.00,0.00
8/9/2016,8,9,0.00,0.00,0.00,0.00,0.00,0.00,0.78,20.07,40.40,43.90,45.01,45.32,44.95,44.52,43.59,43.23,41.87,37.42,30.94,0.00,0.00,0.00,0.00,0.00
8/10/2016,8,10,0.00,0.00,0.00,0.00,0.00,0.00,0.72,13.40,35.46,43.54,43.74,45.32,45.32,44.52,43.59,43.23,41.87,37.42,30.94,0.00,0.00,0.00,0.00,0.00
8/11/2016,8,11,0.00,0.00,0.00,0.00,0.00,0.00,0.72,16.74,39.06,43.54,44.78,45.71,45.32,44.52,43.59,43.23,41.87,35.84,21.92,0.00,0.00,0.00,0.00,0.00
8/12/2016,8,12,0.00,0.00,0.00,0.00,0.00,0.00,0.72,16.74,39.06,43.27,46.18,46.47,46.99,46.78,46.66,45.61,34.54,35.84,21.92,0.00,0.00,0.00,0.00,0.00
8/13/2016,8,13,0.00,0.00,0.00,0.00,0.00,0.00,0.60,16.74,39.06,43.27,46.18,46.47,46.99,46.78,46.66,45.61,34.54,35.84,21.92,0.00,0.00,0.00,0.00,0.00
8/14/2016,8,14,0.00,0.00,0.00,0.00,0.00,0.00,0.60,16.74,39.06,44.36,46.18,46.47,46.99,46.78,46.66,45.61,34.54,35.84,22.22,0.00,0.00,0.00,0.00,0.00
8/15/2016,8,15,0.00,0.00,0.00,0.00,0.00,0.00,0.97,19.17,39.59,44.36,46.18,46.47,46.99,46.78,46.66,45.61,42.67,38.11,22.22,0.00,0.00,0.00,0.00,0.00
8/16/2016,8,16,0.00,0.00,0.00,0.00,0.00,0.00,0.97,19.17,39.59,44.36,46.18,46.47,46.99,46.78,46.66,45.61,42.67,38.11,22.22,0.00,0.00,0.00,0.00,0.00
8/17/2016,8,17,0.00,0.00,0.00,0.00,0.00,0.00,0.97,19.17,39.59,44.36,46.18,46.47,46.99,46.78,46.66,45.61,42.67,38.11,22.22,0.00,0.00,0.00,0.00,0.00
8/18/2016,8,18,0.00,0.00,0.00,0.00,0.00,0.00,0.97,19.17,39.59,44.36,46.18,46.47,46.99,46.78,46.66,45.61,42.67,38.11,22.22,0.00,0.00,0.00,0.00,0.00
8/19/2016,8,19,0.00,0.00,0.00,0.00,0.00,0.00,0.97,19.17,39.59,44.36,45.25,45.70,45.13,39.84,39.87,38.57,42.67,38.11,22.22,0.00,0.00,0.00,0.00,0.00
8/20/2016,8,20,0.00,0.00,0.00,0.00,0.00,0.00,0.97,19.17,39.59,44.36,45.25,45.70,45.66,45.02,39.87,38.57,42.67,38.11,22.22,0.00,0.00,0.00,0.00,0.00
8/21/2016,8,21,0.00,0.00,0.00,0.00,0.00,0.00,0.97,19.17,39.59,43.47,44.89,45.48,45.66,45.02,43.07,41.05,42.67,38.11,17.88,0.00,0.00,0.00,0.00,0.00
8/22/2016,8,22,0.00,0.00,0.00,0.00,0.00,0.00,0.94,18.97,38.71,42.94,44.60,45.18,45.66,45.02,43.07,41.05,37.16,38.11,17.88,0.00,0.00,0.00,0.00,0.00
8/23/2016,8,23,0.00,0.00,0.00,0.00,0.00,0.00,0.79,18.61,38.71,42.94,44.60,45.18,45.66,45.02,43.07,41.05,37.16,38.11,17.88,0.00,0.00,0.00,0.00,0.00
8/24/2016,8,24,0.00,0.00,0.00,0.00,0.00,0.00,0.79,18.61,38.71,42.94,44.60,45.18,45.66,45.03,45.52,45.79,43.82,39.05,21.29,0.00,0.00,0.00,0.00,0.00
8/25/2016,8,25,0.00,0.00,0.00,0.00,0.00,0.00,0.79,18.61,38.71,42.94,44.60,45.18,45.66,45.03,45.52,45.79,43.82,39.05,21.29,0.00,0.00,0.00,0.00,0.00
8/26/2016,8,26,0.00,0.00,0.00,0.00,0.00,0.00,0.79,18.61,38.71,42.94,44.60,45.18,45.66,45.03,45.52,45.79,43.82,39.05,21.29,0.00,0.00,0.00,0.00,0.00
8/27/2016,8,27,0.00,0.00,0.00,0.00,0.00,0.00,0.64,15.06,36.21,41.75,43.55,43.75,44.50,45.03,45.52,45.79,43.82,39.05,21.29,0.00,0.00,0.00,0.00,0.00
8/28/2016,8,28,0.00,0.00,0.00,0.00,0.00,0.00,0.64,15.02,35.43,41.33,43.55,43.47,44.52,45.03,45.52,45.79,43.82,39.05,21.29,0.00,0.00,0.00,0.00,0.00
8/29/2016,8,29,0.00,0.00,0.00,0.00,0.00,0.00,0.64,12.70,35.43,41.79,43.74,44.67,44.94,45.03,45.52,45.79,43.82,39.05,21.29,0.00,0.00,0.00,0.00,0.00
8/30/2016,8,30,0.00,0.00,0.00,0.00,0.00,0.00,0.51,12.70,35.43,41.79,43.74,44.67,44.94,45.03,45.52,45.79,43.82,39.05,21.29,0.00,0.00,0.00,0.00,0.00
8/31/2016,8,31,0.00,0.00,0.00,0.00,0.00,0.00,0.40,12.70,35.43,41.79,43.74,44.67,44.94,43.91,44.48,43.85,41.49,37.84,21.08,0.00,0.00,0.00,0.00,0.00
9/1/2016,9,1,0.00,0.00,0.00,0.00,0.00,0.00,0.40,12.70,35.43,41.79,43.74,44.67,44.94,43.91,44.48,43.85,41.49,37.84,21.08,0.00,0.00,0.00,0.00,0.00
9/2/2016,9,2,0.00,0.00,0.00,0.00,0.00,0.00,0.40,12.70,35.43,42.64,44.22,44.90,45.29,44.79,44.48,43.85,41.49,37.84,21.08,0.00,0.00,0.00,0.00,0.00
9/3/2016,9,3,0.00,0.00,0.00,0.00,0.00,0.00,0.40,12.70,35.43,42.64,44.22,44.90,45.29,44.90,44.57,43.85,41.49,37.54,15.15,0.00,0.00,0.00,0.00,0.00
9/4/2016,9,4,0.00,0.00,0.00,0.00,0.00,0.00,0.40,12.22,35.07,42.64,44.22,44.90,45.29,44.90,44.57,43.85,41.49,37.54,15.15,0.00,0.00,0.00,0.00,0.00
9/5/2016,9,5,0.00,0.00,0.00,0.00,0.00,0.00,0.61,12.22,35.07,42.64,44.22,44.90,45.29,44.90,44.57,44.05,41.49,37.54,15.15,0.00,0.00,0.00,0.00,0.00
9/6/2016,9,6,0.00,0.00,0.00,0.00,0.00,0.00,0.61,10.70,35.07,42.64,44.22,44.90,45.29,44.90,44.61,44.05,41.33,36.28,13.34,0.00,0.00,0.00,0.00,0.00
9/7/2016,9,7,0.00,0.00,0.00,0.00,0.00,0.00,0.61,10.70,35.07,42.64,44.22,44.90,45.29,44.90,44.61,44.05,41.05,35.03,12.25,0.00,0.00,0.00,0.00,0.00
9/8/2016,9,8,0.00,0.00,0.00,0.00,0.00,0.00,0.61,10.70,35.07,42.64,44.22,44.90,45.29,44.90,44.61,44.05,42.78,36.21,12.25,0.00,0.00,0.00,0.00,0.00
9/9/2016,9,9,0.00,0.00,0.00,0.00,0.00,0.00,0.61,10.70,35.07,42.17,44.00,44.87,45.14,44.90,44.61,44.05,42.78,36.21,12.25,0.00,0.00,0.00,0.00,0.00
9/10/2016,9,10,0.00,0.00,0.00,0.00,0.00,0.00,0.61,10.70,35.07,42.17,44.00,44.73,44.99,44.26,44.61,44.05,42.78,36.21,12.25,0.00,0.00,0.00,0.00,0.00
9/11/2016,9,11,0.00,0.00,0.00,0.00,0.00,0.00,0.61,10.70,34.48,42.17,44.00,44.73,44.99,44.26,44.61,44.05,42.78,36.21,12.25,0.00,0.00,0.00,0.00,0.00
9/12/2016,9,12,0.00,0.00,0.00,0.00,0.00,0.00,0.52,10.70,34.48,41.36,43.04,44.73,44.99,44.26,44.61,44.05,42.78,36.21,12.25,0.00,0.00,0.00,0.00,0.00
9/13/2016,9,13,0.00,0.00,0.00,0.00,0.00,0.00,0.52,9.62,34.48,41.36,43.62,44.73,44.76,44.26,44.53,44.05,42.78,36.21,12.25,0.00,0.00,0.00,0.00,0.00
9/14/2016,9,14,0.00,0.00,0.00,0.00,0.00,0.00,0.52,9.62,34.48,41.04,43.62,44.73,44.76,44.26,44.21,44.05,42.78,36.21,11.85,0.00,0.00,0.00,0.00,0.00
9/15/2016,9,15,0.00,0.00,0.00,0.00,0.00,0.00,0.48,6.82,31.98,38.77,41.53,42.92,43.95,43.95,44.08,42.78,41.22,36.21,11.61,0.00,0.00,0.00,0.00,0.00
9/16/2016,9,16,0.00,0.00,0.00,0.00,0.00,0.00,0.50,6.82,31.98,38.77,38.54,34.75,43.05,41.96,37.22,37.83,41.48,36.21,11.61,0.00,0.00,0.00,0.00,0.00
9/17/2016,9,17,0.00,0.00,0.00,0.00,0.00,0.00,0.50,2.73,12.44,27.09,29.05,34.75,43.05,41.96,28.38,39.31,41.48,36.21,11.61,0.00,0.00,0.00,0.00,0.00
9/18/2016,9,18,0.00,0.00,0.00,0.00,0.00,0.00,0.50,2.37,29.80,42.99,45.05,46.22,43.05,44.43,36.36,39.31,41.48,32.69,11.61,0.00,0.00,0.00,0.00,0.00
9/19/2016,9,19,0.00,0.00,0.00,0.00,0.00,0.00,0.50,2.37,29.80,42.99,45.05,46.22,43.05,44.43,39.29,39.31,41.48,32.69,11.12,0.00,0.00,0.00,0.00,0.00
9/20/2016,9,20,0.00,0.00,0.00,0.00,0.00,0.00,0.50,2.60,29.80,42.99,45.05,46.22,43.05,45.64,45.89,41.92,41.48,32.69,11.12,0.00,0.00,0.00,0.00,0.00
9/21/2016,9,21,0.00,0.00,0.00,0.00,0.00,0.00,0.50,2.60,29.80,43.60,46.13,46.86,47.02,46.68,46.68,45.98,43.90,34.68,8.26,0.00,0.00,0.00,0.00,0.00
9/22/2016,9,22,0.00,0.00,0.00,0.00,0.00,0.00,0.50,2.60,29.80,43.60,46.13,46.86,47.02,46.68,46.68,45.98,43.90,34.68,8.26,0.00,0.00,0.00,0.00,0.00
9/23/2016,9,23,0.00,0.00,0.00,0.00,0.00,0.00,0.45,7.33,32.69,43.60,46.13,46.86,47.02,46.68,46.68,45.98,43.90,34.68,8.39,0.00,0.00,0.00,0.00,0.00
9/24/2016,9,24,0.00,0.00,0.00,0.00,0.00,0.00,0.45,7.33,32.69,43.60,46.13,46.86,47.10,47.48,47.94,45.98,45.30,34.85,8.39,0.00,0.00,0.00,0.00,0.00
9/25/2016,9,25,0.00,0.00,0.00,0.00,0.00,0.00,0.45,7.33,32.69,44.89,46.93,47.59,47.92,47.48,47.94,46.30,45.30,34.85,8.39,0.00,0.00,0.00,0.00,0.00
9/26/2016,9,26,0.00,0.00,0.00,0.00,0.00,0.00,0.45,7.33,32.69,44.89,46.93,47.87,48.35,47.48,47.94,46.35,45.30,34.85,8.39,0.00,0.00,0.00,0.00,0.00
9/27/2016,9,27,0.00,0.00,0.00,0.00,0.00,0.00,0.45,8.83,36.76,46.20,47.67,48.52,48.35,47.48,47.94,46.35,45.30,34.85,8.39,0.00,0.00,0.00,0.00,0.00
9/28/2016,9,28,0.00,0.00,0.00,0.00,0.00,0.00,0.45,8.83,36.76,46.20,47.67,48.52,48.35,47.48,47.94,46.35,45.30,34.85,8.39,0.00,0.00,0.00,0.00,0.00
9/29/2016,9,29,0.00,0.00,0.00,0.00,0.00,0.00,0.51,8.83,36.76,46.20,47.67,48.69,48.63,48.00,47.94,46.95,45.30,34.85,8.03,0.00,0.00,0.00,0.00,0.00
9/30/2016,9,30,0.00,0.00,0.00,0.00,0.00,0.00,0.51,8.83,36.76,46.20,47.67,48.69,48.63,48.00,47.94,47.09,45.30,34.85,8.03,0.00,0.00,0.00,0.00,0.00
10/1/2016,10,1,0.00,0.00,0.00,0.00,0.00,0.00,0.51,8.83,36.76,46.20,47.67,48.69,48.63,48.00,47.76,47.09,44.77,34.02,7.50,0.00,0.00,0.00,0.00,0.00
10/2/2016,10,2,0.00,0.00,0.00,0.00,0.00,0.00,0.51,8.83,36.76,46.20,47.67,48.69,48.63,48.00,47.76,47.09,44.77,34.02,7.07,0.00,0.00,0.00,0.00,0.00
10/3/2016,10,3,0.00,0.00,0.00,0.00,0.00,0.00,0.51,8.83,36.76,46.20,47.67,48.69,48.63,48.00,47.76,47.09,44.77,34.02,6.77,0.00,0.00,0.00,0.00,0.00
10/4/2016,10,4,0.00,0.00,0.00,0.00,0.00,0.00,0.51,7.81,35.29,45.47,47.63,48.69,48.63,48.00,47.76,47.09,44.77,32.42,5.90,0.00,0.00,0.00,0.00,0.00
10/5/2016,10,5,0.00,0.00,0.00,0.00,0.00,0.00,0.51,7.52,34.69,45.47,47.63,48.69,48.63,48.01,48.05,47.09,44.77,32.42,5.90,0.00,0.00,0.00,0.00,0.00
10/6/2016,10,6,0.00,0.00,0.00,0.00,0.00,0.00,0.59,7.52,34.69,45.17,47.32,48.43,48.57,48.01,48.05,47.09,44.77,30.28,4.50,0.00,0.00,0.00,0.00,0.00
10/7/2016,10,7,0.00,0.00,0.00,0.00,0.00,0.00,0.59,7.19,34.59,44.65,47.32,48.43,48.57,48.01,48.05,46.21,44.19,30.28,4.50,0.00,0.00,0.00,0.00,0.00
10/8/2016,10,8,0.00,0.00,0.00,0.00,0.00,0.00,0.59,7.07,34.03,44.65,47.32,48.43,48.57,48.01,48.05,46.21,44.19,29.68,4.50,0.00,0.00,0.00,0.00,0.00
10/9/2016,10,9,0.00,0.00,0.00,0.00,0.00,0.00,0.59,6.84,34.03,44.65,47.32,48.43,48.57,48.01,48.05,46.21,44.19,28.65,3.88,0.00,0.00,0.00,0.00,0.00
10/10/2016,10,10,0.00,0.00,0.00,0.00,0.00,0.00,0.59,6.43,33.00,44.65,47.32,48.43,48.57,47.88,48.05,46.21,44.19,26.79,3.04,0.00,0.00,0.00,0.00,0.00
10/11/2016,10,11,0.00,0.00,0.00,0.00,0.00,0.00,0.59,5.83,33.00,44.65,47.32,48.43,48.57,48.01,48.05,46.21,43.16,26.79,3.04,0.00,0.00,0.00,0.00,0.00
10/12/2016,10,12,0.00,0.00,0.00,0.00,0.00,0.00,0.59,5.83,32.50,44.59,47.07,48.28,48.22,47.73,47.44,46.13,43.16,26.79,3.04,0.00,0.00,0.00,0.00,0.00
10/13/2016,10,13,0.00,0.00,0.00,0.00,0.00,0.00,0.44,5.83,32.50,44.59,47.07,48.03,47.99,47.67,47.59,45.84,43.16,26.79,2.98,0.00,0.00,0.00,0.00,0.00
10/14/2016,10,14,0.00,0.00,0.00,0.00,0.00,0.00,0.44,5.39,32.16,44.45,46.30,47.47,46.86,47.67,47.59,45.57,42.63,24.21,1.95,0.00,0.00,0.00,0.00,0.00
10/15/2016,10,15,0.00,0.00,0.00,0.00,0.00,0.00,0.55,4.18,29.35,43.27,46.30,47.47,45.97,47.67,47.59,45.57,42.63,24.21,1.95,0.00,0.00,0.00,0.00,0.00
10/16/2016,10,16,0.00,0.00,0.00,0.00,0.00,0.00,0.55,4.18,29.35,43.27,46.30,47.83,45.97,47.67,47.59,45.11,42.63,21.60,1.83,0.00,0.00,0.00,0.00,0.00
10/17/2016,10,17,0.00,0.00,0.00,0.00,0.00,0.00,0.55,3.66,28.22,43.27,46.30,47.83,45.53,47.67,47.59,45.57,42.63,21.60,1.67,0.00,0.00,0.00,0.00,0.00
10/18/2016,10,18,0.00,0.00,0.00,0.00,0.00,0.00,0.55,3.42,28.22,43.27,46.30,48.07,48.56,47.98,47.93,45.57,42.63,21.60,1.67,0.00,0.00,0.00,0.00,0.00
10/19/2016,10,19,0.00,0.00,0.00,0.00,0.00,0.00,0.55,3.42,28.22,43.27,46.03,48.07,48.56,47.98,47.93,45.65,42.63,21.60,1.57,0.00,0.00,0.00,0.00,0.00
10/20/2016,10,20,0.00,0.00,0.00,0.00,0.00,0.00,0.55,3.42,28.22,43.27,46.03,48.07,48.56,47.98,47.93,45.65,42.12,19.73,1.08,0.00,0.00,0.00,0.00,0.00
10/21/2016,10,21,0.00,0.00,0.00,0.00,0.00,0.00,0.55,2.32,26.28,42.44,45.53,48.07,48.56,47.98,47.93,45.65,42.12,19.73,1.08,0.00,0.00,0.00,0.00,0.00
10/22/2016,10,22,0.00,0.00,0.00,0.00,0.00,0.00,0.52,2.32,26.28,42.44,45.53,48.07,48.56,47.98,47.93,45.65,42.12,18.46,0.91,0.00,0.00,0.00,0.00,0.00
10/23/2016,10,23,0.00,0.00,0.00,0.00,0.00,0.00,0.52,2.32,27.06,43.79,45.63,48.07,48.56,47.98,47.93,45.65,42.12,18.46,0.91,0.00,0.00,0.00,0.00,0.00
10/24/2016,10,24,0.00,0.00,0.00,0.00,0.00,0.00,0.52,2.32,27.06,43.79,45.63,47.09,48.56,47.98,47.93,45.65,42.12,18.46,0.79,0.00,0.00,0.00,0.00,0.00
10/25/2016,10,25,0.00,0.00,0.00,0.00,0.00,0.00,0.52,2.32,27.06,43.79,45.63,47.91,48.55,47.92,47.61,45.65,42.12,18.46,0.79,0.00,0.00,0.00,0.00,0.00
10/26/2016,10,26,0.00,0.00,0.00,0.00,0.00,0.00,0.52,2.17,27.06,43.79,45.63,47.91,48.55,47.92,46.93,45.41,41.37,17.55,0.71,0.00,0.00,0.00,0.00,0.00
10/27/2016,10,27,0.00,0.00,0.00,0.00,0.00,0.00,0.24,2.17,27.06,43.79,45.63,47.91,48.55,47.92,46.93,45.19,40.83,15.63,0.71,0.00,0.00,0.00,0.00,0.00
10/28/2016,10,28,0.00,0.00,0.00,0.00,0.00,0.00,0.25,2.17,27.06,43.79,45.63,47.91,48.55,47.92,46.93,45.19,40.83,15.63,0.71,0.00,0.00,0.00,0.00,0.00
10/29/2016,10,29,0.00,0.00,0.00,0.00,0.00,0.00,0.25,2.17,27.06,43.79,45.63,47.91,48.33,47.85,46.77,45.19,40.83,15.42,0.58,0.00,0.00,0.00,0.00,0.00
10/30/2016,10,30,0.00,0.00,0.00,0.00,0.00,0.00,0.25,1.58,26.04,43.38,45.42,47.51,48.04,47.53,46.60,44.87,40.05,14.16,0.58,0.00,0.00,0.00,0.00,0.00
10/31/2016,10,31,0.00,0.00,0.00,0.00,0.00,0.00,0.64,1.01,22.43,43.38,45.25,46.83,47.43,46.89,46.02,44.03,38.64,12.06,0.58,0.00,0.00,0.00,0.00,0.00
11/1/2016,11,1,0.00,0.00,0.00,0.00,0.00,0.00,0.64,1.01,22.43,43.38,45.25,48.24,49.01,48.08,46.64,44.22,38.64,12.06,0.76,0.00,0.00,0.00,0.00,0.00
11/2/2016,11,2,0.00,0.00,0.00,0.00,0.00,0.00,0.64,1.01,22.43,43.38,45.25,48.24,49.11,48.79,47.33,45.02,38.64,12.06,0.76,0.00,0.00,0.00,0.00,0.00
11/3/2016,11,3,0.00,0.00,0.00,0.00,0.00,0.00,0.64,1.01,22.43,43.38,45.25,48.24,49.11,48.79,47.33,45.02,38.09,10.99,0.76,0.00,0.00,0.00,0.00,0.00
11/4/2016,11,4,0.00,0.00,0.00,0.00,0.00,0.00,0.64,1.01,22.43,43.38,45.25,48.24,49.11,48.79,47.33,45.02,38.09,10.72,0.76,0.00,0.00,0.00,0.00,0.00
11/5/2016,11,5,0.00,0.00,0.00,0.00,0.00,0.00,0.64,1.01,22.43,43.38,45.25,48.24,49.11,48.79,47.33,45.02,37.49,10.72,0.76,0.00,0.00,0.00,0.00,0.00
11/6/2016,11,6,0.00,0.00,0.00,0.00,0.00,0.00,0.64,0.54,18.99,41.97,44.80,48.24,49.11,48.79,47.33,45.02,37.49,10.72,0.76,0.00,0.00,0.00,0.00,0.00
11/7/2016,11,7,0.00,0.00,0.00,0.00,0.00,0.00,0.54,0.54,18.99,41.97,44.80,48.24,49.11,48.79,47.33,45.02,37.49,10.72,0.76,0.00,0.00,0.00,0.00,0.00
11/8/2016,11,8,0.00,0.00,0.00,0.00,0.00,0.00,0.54,0.54,18.99,41.77,44.16,47.26,49.11,48.79,47.33,45.02,37.49,10.72,0.53,0.00,0.00,0.00,0.00,0.00
11/9/2016,11,9,0.00,0.00,0.00,0.00,0.00,0.00,0.25,0.54,18.99,41.77,44.16,47.26,48.56,47.94,46.32,44.18,37.35,9.91,0.48,0.00,0.00,0.00,0.00,0.00
11/10/2016,11,10,0.00,0.00,0.00,0.00,0.00,0.00,0.25,0.47,17.02,41.29,44.08,47.09,48.56,47.82,46.22,43.55,35.21,9.16,0.48,0.00,0.00,0.00,0.00,0.00
11/11/2016,11,11,0.00,0.00,0.00,0.00,0.00,0.00,0.25,0.47,17.02,41.29,44.08,47.06,48.56,47.82,46.22,43.55,35.21,8.14,0.48,0.00,0.00,0.00,0.00,0.00
11/12/2016,11,12,0.00,0.00,0.00,0.00,0.00,0.00,0.25,0.47,17.02,41.29,44.08,47.06,48.56,47.82,46.22,43.55,35.21,8.14,0.48,0.00,0.00,0.00,0.00,0.00
11/13/2016,11,13,0.00,0.00,0.00,0.00,0.00,0.00,0.25,0.47,17.02,41.29,44.08,47.06,48.56,47.82,46.22,43.55,35.21,8.14,0.48,0.00,0.00,0.00,0.00,0.00
11/14/2016,11,14,0.00,0.00,0.00,0.00,0.00,0.00,0.24,0.32,17.02,41.29,44.08,47.06,47.95,47.63,45.07,42.89,34.23,7.47,0.45,0.00,0.00,0.00,0.00,0.00
11/15/2016,11,15,0.00,0.00,0.00,0.00,0.00,0.00,0.24,0.31,16.09,40.86,43.82,47.06,47.95,47.63,45.07,42.89,34.23,7.47,0.45,0.00,0.00,0.00,0.00,0.00
11/16/2016,11,16,0.00,0.00,0.00,0.00,0.00,0.00,0.24,0.31,16.09,40.51,43.54,46.68,47.92,47.63,45.07,42.89,34.23,7.22,0.47,0.00,0.00,0.00,0.00,0.00
11/17/2016,11,17,0.00,0.00,0.00,0.00,0.00,0.00,0.24,0.58,15.28,40.24,43.54,46.44,47.89,47.63,45.07,42.84,33.38,6.82,0.47,0.00,0.00,0.00,0.00,0.00
11/18/2016,11,18,0.00,0.00,0.00,0.00,0.00,0.00,0.25,0.58,14.96,40.07,43.23,46.35,47.89,47.63,45.07,42.75,33.35,6.68,0.47,0.00,0.00,0.00,0.00,0.00
11/19/2016,11,19,0.00,0.00,0.00,0.00,0.00,0.00,0.25,0.58,14.21,39.51,42.65,45.66,48.35,47.47,44.39,42.11,32.71,6.56,0.47,0.00,0.00,0.00,0.00,0.00
11/20/2016,11,20,0.00,0.00,0.00,0.00,0.00,0.00,0.25,0.58,10.26,36.23,42.44,45.12,48.35,47.47,44.39,42.01,31.49,5.01,0.47,0.00,0.00,0.00,0.00,0.00
11/21/2016,11,21,0.00,0.00,0.00,0.00,0.00,0.00,0.25,0.58,10.26,36.23,41.71,45.12,48.35,47.47,44.39,42.01,31.49,5.01,0.47,0.00,0.00,0.00,0.00,0.00
11/22/2016,11,22,0.00,0.00,0.00,0.00,0.00,0.00,0.25,0.58,10.26,36.23,41.71,45.12,48.35,47.41,43.90,41.47,30.36,5.01,0.68,0.00,0.00,0.00,0.00,0.00
11/23/2016,11,23,0.00,0.00,0.00,0.00,0.00,0.00,0.25,0.58,10.26,36.23,41.71,45.12,48.35,47.41,43.90,41.47,30.36,5.01,0.68,0.00,0.00,0.00,0.00,0.00
11/24/2016,11,24,0.00,0.00,0.00,0.00,0.00,0.00,0.25,0.44,10.26,36.23,41.71,45.12,48.35,47.41,43.90,41.47,30.36,5.01,0.68,0.00,0.00,0.00,0.00,0.00
11/25/2016,11,25,0.00,0.00,0.00,0.00,0.00,0.00,0.24,0.44,5.29,32.00,41.51,45.12,48.35,47.41,43.61,41.47,30.24,4.76,0.68,0.00,0.00,0.00,0.00,0.00
11/26/2016,11,26,0.00,0.00,0.00,0.00,0.00,0.00,0.24,0.44,5.29,22.21,37.66,42.81,38.62,40.47,41.90,34.50,18.60,3.92,0.68,0.00,0.00,0.00,0.00,0.00
11/27/2016,11,27,0.00,0.00,0.00,0.00,0.00,0.00,0.24,0.44,2.40,22.21,37.66,42.81,48.03,47.60,43.90,41.38,28.25,3.92,0.68,0.00,0.00,0.00,0.00,0.00
11/28/2016,11,28,0.00,0.00,0.00,0.00,0.00,0.00,0.25,0.44,1.66,22.21,37.66,42.81,48.03,47.60,43.90,41.38,28.25,3.92,0.68,0.00,0.00,0.00,0.00,0.00
11/29/2016,11,29,0.00,0.00,0.00,0.00,0.00,0.00,0.25,0.44,1.66,21.63,37.66,42.81,48.03,47.60,43.90,41.38,28.25,3.92,0.32,0.00,0.00,0.00,0.00,0.00
11/30/2016,11,30,0.00,0.00,0.00,0.00,0.00,0.00,0.26,0.27,1.66,21.63,37.66,42.81,48.03,47.60,43.90,41.38,28.25,3.92,0.32,0.00,0.00,0.00,0.00,0.00
12/1/2016,12,1,0.00,0.00,0.00,0.00,0.00,0.00,0.26,0.27,1.66,21.63,37.66,42.81,48.03,47.60,43.90,41.38,28.25,3.92,0.32,0.00,0.00,0.00,0.00,0.00
12/2/2016,12,2,0.00,0.00,0.00,0.00,0.00,0.00,0.26,0.27,1.66,21.63,37.66,42.81,48.03,47.60,43.90,41.38,28.25,3.92,0.35,0.00,0.00,0.00,0.00,0.00
12/3/2016,12,3,0.00,0.00,0.00,0.00,0.00,0.00,0.26,0.27,0.39,5.29,31.50,40.88,48.03,47.60,43.90,41.38,28.25,3.83,0.35,0.00,0.00,0.00,0.00,0.00
12/4/2016,12,4,0.00,0.00,0.00,0.00,0.00,0.00,0.26,0.27,0.39,13.10,35.94,41.87,46.14,45.25,42.77,40.79,26.82,3.61,0.35,0.00,0.00,0.00,0.00,0.00
12/5/2016,12,5,0.00,0.00,0.00,0.00,0.00,0.00,0.26,0.33,0.54,13.10,35.94,41.87,46.14,45.25,42.77,40.79,26.22,3.61,0.35,0.00,0.00,0.00,0.00,0.00
12/6/2016,12,6,0.00,0.00,0.00,0.00,0.00,0.00,0.26,0.33,0.54,24.02,40.59,43.76,47.76,46.99,43.09,41.00,27.24,3.61,0.35,0.00,0.00,0.00,0.00,0.00
12/7/2016,12,7,0.00,0.00,0.00,0.00,0.00,0.00,0.29,0.33,0.59,24.02,40.59,43.76,47.76,46.99,43.09,41.00,27.24,3.38,0.35,0.00,0.00,0.00,0.00,0.00
12/8/2016,12,8,0.00,0.00,0.00,0.00,0.00,0.00,0.29,0.33,0.59,24.02,40.59,43.76,47.76,46.99,43.09,41.00,27.24,3.32,0.43,0.00,0.00,0.00,0.00,0.00
12/9/2016,12,9,0.00,0.00,0.00,0.00,0.00,0.00,0.29,0.51,0.77,24.02,40.59,43.76,47.76,46.99,43.09,41.00,27.24,3.60,0.43,0.00,0.00,0.00,0.00,0.00
12/10/2016,12,10,0.00,0.00,0.00,0.00,0.00,0.00,0.31,0.51,1.31,24.02,40.59,43.76,47.76,46.99,43.09,41.00,27.24,3.60,0.43,0.00,0.00,0.00,0.00,0.00
12/11/2016,12,11,0.00,0.00,0.00,0.00,0.00,0.00,0.32,0.51,2.73,25.54,40.59,43.76,47.76,46.99,43.09,41.00,27.33,3.60,0.43,0.00,0.00,0.00,0.00,0.00
12/12/2016,12,12,0.00,0.00,0.00,0.00,0.00,0.00,0.32,0.51,2.73,25.54,40.59,43.76,47.76,46.99,43.09,41.00,27.33,3.60,0.43,0.00,0.00,0.00,0.00,0.00
12/13/2016,12,13,0.00,0.00,0.00,0.00,0.00,0.00,0.32,0.51,2.73,25.54,39.51,42.93,46.98,46.38,42.85,40.78,27.33,3.60,0.43,0.00,0.00,0.00,0.00,0.00
12/14/2016,12,14,0.00,0.00,0.00,0.00,0.00,0.00,0.32,0.51,2.73,25.54,39.51,42.79,46.79,46.10,42.85,40.78,27.33,3.60,0.43,0.00,0.00,0.00,0.00,0.00
12/15/2016,12,15,0.00,0.00,0.00,0.00,0.00,0.00,0.32,0.51,2.73,25.54,39.51,42.79,46.64,46.10,42.85,40.78,27.39,3.60,0.37,0.00,0.00,0.00,0.00,0.00
12/16/2016,12,16,0.00,0.00,0.00,0.00,0.00,0.00,0.32,0.32,2.73,25.54,39.51,42.79,46.64,46.10,42.85,40.78,27.99,3.71,0.35,0.00,0.00,0.00,0.00,0.00
12/17/2016,12,17,0.00,0.00,0.00,0.00,0.00,0.00,0.32,0.32,2.73,25.54,39.51,42.79,46.64,46.10,42.85,40.78,27.99,3.71,0.35,0.00,0.00,0.00,0.00,0.00
12/18/2016,12,18,0.00,0.00,0.00,0.00,0.00,0.00,0.31,0.32,0.72,17.78,38.55,42.69,46.30,45.63,42.43,40.40,27.99,3.71,0.32,0.00,0.00,0.00,0.00,0.00
12/19/2016,12,19,0.00,0.00,0.00,0.00,0.00,0.00,0.31,0.32,0.72,14.74,36.36,42.69,46.30,45.49,42.43,40.40,27.99,3.71,0.32,0.00,0.00,0.00,0.00,0.00
12/20/2016,12,20,0.00,0.00,0.00,0.00,0.00,0.00,0.30,0.31,0.55,14.74,36.36,42.04,45.77,45.49,42.43,40.40,27.99,3.71,0.32,0.00,0.00,0.00,0.00,0.00
12/21/2016,12,21,0.00,0.00,0.00,0.00,0.00,0.00,0.28,0.29,0.55,14.74,36.36,42.04,45.25,45.49,42.33,40.40,27.99,3.71,0.32,0.00,0.00,0.00,0.00,0.00
12/22/2016,12,22,0.00,0.00,0.00,0.00,0.00,0.00,0.28,0.29,0.55,14.74,36.36,42.04,45.25,45.49,42.33,40.40,27.99,3.71,0.32,0.00,0.00,0.00,0.00,0.00
12/23/2016,12,23,0.00,0.00,0.00,0.00,0.00,0.00,0.28,0.29,0.96,18.00,36.92,42.04,45.21,45.15,42.23,39.91,27.56,3.71,0.31,0.00,0.00,0.00,0.00,0.00
12/24/2016,12,24,0.00,0.00,0.00,0.00,0.00,0.00,0.28,0.29,0.96,18.00,36.92,41.42,44.27,44.73,41.98,39.94,36.35,35.88,13.01,0.00,0.00,0.00,0.00,0.00
12/25/2016,12,25,0.00,0.00,0.00,0.00,0.00,0.00,0.26,0.25,0.96,18.00,36.92,41.42,44.27,46.38,46.80,42.99,36.35,35.88,13.01,0.00,0.00,0.00,0.00,0.00
12/26/2016,12,26,0.00,0.00,0.00,0.00,0.00,0.00,0.26,0.25,0.96,18.00,36.92,41.42,44.27,46.38,46.80,43.84,36.79,35.88,13.01,0.00,0.00,0.00,0.00,0.00
12/27/2016,12,27,0.00,0.00,0.00,0.00,0.00,0.00,0.26,0.25,0.96,18.00,36.92,41.42,44.27,46.38,46.80,43.84,36.79,35.88,13.01,0.00,0.00,0.00,0.00,0.00
12/28/2016,12,28,0.00,0.00,0.00,0.00,0.00,0.00,0.26,0.25,0.96,18.00,36.92,41.42,44.27,46.38,46.80,43.84,36.79,35.88,13.01,0.00,0.00,0.00,0.00,0.00
12/29/2016,12,29,0.00,0.00,0.00,0.00,0.00,0.00,0.26,0.25,0.96,18.00,36.92,41.42,44.27,46.38,46.80,43.84,36.79,35.88,13.01,0.00,0.00,0.00,0.00,0.00
12/30/2016,12,30,0.00,0.00,0.00,0.00,0.00,0.00,0.26,0.25,0.96,18.00,36.92,41.42,44.27,46.38,46.80,43.84,36.79,35.88,13.01,0.00,0.00,0.00,0.00,0.00
12/31/2016,12,31,0.00,0.00,0.00,0.00,0.00,0.00,0.26,0.25,0.96,18.00,36.92,41.42,44.27,46.38,46.80,43.84,36.79,35.88,13.01,0.00,0.00,0.00,0.00,0.00
1/1/2016,1,1,0.00,0.00,0.00,0.00,0.00,0.00,0.26,0.25,0.96,18.00,36.92,41.42,44.27,46.38,46.80,43.84,36.79,35.88,13.01,0.00,0.00,0.00,0.00,0.00
1/2/2016,1,2,0.00,0.00,0.00,0.00,0.00,0.00,0.26,0.25,0.96,18.00,36.92,41.42,44.27,46.38,47,44,36.79,35.88,13.01,0.00,0.00,0.00,0.00,0.00
1/3/2016,1,3,0.00,0.00,0.00,0.00,0.00,0.00,0.26,0.25,0.96,18.00,36.92,41.42,44.27,46.38,47,44,36.79,35.88,13.01,0.00,0.00,0.00,0.00,0.00
1/4/2016,1,4,0.00,0.00,0.00,0.00,0.00,0.00,0.26,0.25,0.96,18.00,36.92,41.42,44.27,46.38,47,44,36.79,35.88,13.01,0.00,0.00,0.00,0.00,0.00
1/5/2016,1,5,0.00,0.00,0.00,0.00,0.00,0.00,0.26,0.25,0.96,18.00,36.92,41.42,44.27,46.38,47,44,36.79,35.88,13.01,0.00,0.00,0.00,0.00,0.00
1/6/2016,1,6,0.00,0.00,0.00,0.00,0.00,0.00,0.26,0.25,0.96,18.00,36.92,41.42,44.27,46.38,47,44,36.79,35.88,13.01,0.00,0.00,0.00,0.00,0.00
1/7/2016,1,7,0.00,0.00,0.00,0.00,0.00,0.00,0.26,0.25,0.96,18.00,36.92,41.42,44.27,46.38,47,44,36.79,35.88,13.01,0.00,0.00,0.00,0.00,0.00
1/8/2016,1,8,0.00,0.00,0.00,0.00,0.00,0.00,0.26,0.25,0.96,18.00,36.92,41.42,44.27,46.38,47,44,36.79,35.88,13.01,0.00,0.00,0.00,0.00,0.00
1/9/2016,1,9,0.00,0.00,0.00,0.00,0.00,0.00,0.26,0.25,0.96,18.00,36.92,41.42,44.27,46.38,47,44,36.79,35.88,13.01,0.00,0.00,0.00,0.00,0.00
1/10/2016,1,10,0.00,0.00,0.00,0.00,0.00,0.00,0.26,0.25,0.96,18.00,36.92,41.42,44.27,46.38,47,44,36.79,35.88,13.01,0.00,0.00,0.00,0.00,0.00
1/11/2016,1,11,0.00,0.00,0.00,0.00,0.00,0.00,0.26,0.25,0.96,18.00,36.92,41.42,44.27,46.38,47,44,36.79,35.88,13.01,0.00,0.00,0.00,0.00,0.00
1/12/2016,1,12,0.00,0.00,0.00,0.00,0.00,0.00,0.26,0.25,0.96,18.00,36.92,41.42,44.27,46.38,47,44,36.79,35.88,13.01,0.00,0.00,0.00,0.00,0.00
1/13/2016,1,13,0.00,0.00,0.00,0.00,0.00,0.00,0.26,0.25,0.96,18.00,36.92,41.42,44.27,46.38,47,44,36.79,35.88,13.01,0.00,0.00,0.00,0.00,0.00
1/14/2016,1,14,0.00,0.00,0.00,0.00,0.00,0.00,0.26,0.25,0.96,18.00,36.92,41.42,44.27,46.38,47,44,36.79,35.88,13.01,0.00,0.00,0.00,0.00,0.00
1/15/2016,1,15,0.00,0.00,0.00,0.00,0.00,0.00,0.26,0.25,0.96,18.00,36.92,41.42,44.27,46.38,47,44,36.79,35.88,13.01,0.00,0.00,0.00,0.00,0.00
1/16/2016,1,16,0.00,0.00,0.00,0.00,0.00,0.00,0.26,0.25,0.96,18.00,36.92,41.42,44.27,46.38,47,44,36.79,35.88,13.01,0.00,0.00,0.00,0.00,0.00
