Roswell,Month,Day,1,2,3,4,5,6,7,8,9,10,11,12,13,14,15,16,17,18,19,20,21,22,23,24
1/1/2016,1,1,0,0,0,0,0,0,0,0,9.465411298,44.24548885,51.50115391,48.17575781,44.32764056,44.28663591,46.98346498,47.49932531,36.591498,9.154853691,0,0,0,0,0,0
1/2/2016,1,2,0,0,0,0,0,0,0,0,9.465411298,44.24548885,51.50115391,48.17575781,44.32764056,43.75234716,46.13652337,47.03054717,36.591498,9.154853691,0,0,0,0,0,0
1/3/2016,1,3,0,0,0,0,0,0,0,0,9.465411298,44.24548885,51.50115391,48.17575781,44.32764056,43.75234716,46.13652337,47.03054717,36.591498,9.154853691,0,0,0,0,0,0
1/4/2016,1,4,0,0,0,0,0,0,0,0,9.465411298,44.24548885,51.50115391,48.17575781,44.32764056,43.75234716,46.13652337,47.03054717,36.591498,9.154853691,0,0,0,0,0,0
1/5/2016,1,5,0,0,0,0,0,0,0,0,9.219915686,40.48044188,48.95926452,45.91762897,42.9422695,42.64443127,46.13652337,45.66420266,36.39662179,9.154853691,0,0,0,0,0,0
1/6/2016,1,6,0,0,0,0,0,0,0,0,9.219915686,40.48044188,48.95926452,45.91762897,46.87210054,46.53226432,48.35085267,50.01896959,41.34547012,9.853330143,0,0,0,0,0,0
1/7/2016,1,7,0,0,0,0,0,0,0,0,10.2542265,46.69578803,53.38100179,50.04804348,46.87210054,46.53226432,48.44421773,50.35617113,41.99575178,9.853330143,0,0,0,0,0,0
1/8/2016,1,8,0,0,0,0,0,0,0,0,10.2542265,46.69578803,53.38100179,50.04804348,46.87210054,46.53226432,48.35085267,50.35617113,41.99575178,9.853330143,0,0,0,0,0,0
1/9/2016,1,9,0,0,0,0,0,0,0,0,10.2542265,46.69578803,53.38100179,50.04804348,46.87210054,46.53226432,48.35085267,50.35617113,41.99575178,9.853330143,0,0,0,0,0,0
1/10/2016,1,10,0,0,0,0,0,0,0,0,10.2542265,46.69578803,53.38100179,50.04804348,46.87210054,46.53226432,48.35085267,50.35617113,41.99575178,9.853330143,0,0,0,0,0,0
1/11/2016,1,11,0,0,0,0,0,0,0,0,10.2542265,46.69578803,53.38100179,50.04804348,46.87210054,46.53226432,50.61022407,50.35617113,41.99575178,9.853330143,0,0,0,0,0,0
1/12/2016,1,12,0,0,0,0,0,0,0,0,10.2542265,46.69578803,53.38100179,50.04804348,46.87210054,46.53226432,50.61022407,50.35617113,41.99575178,9.853330143,0.088916583,0,0,0,0,0
1/13/2016,1,13,0,0,0,0,0,0,0,0,10.2542265,46.69578803,53.38100179,50.04804348,46.72504705,47.09250096,50.61022407,50.98502656,44.28103902,12.6488844,0.088916583,0,0,0,0,0
1/14/2016,1,14,0,0,0,0,0,0,0,0,10.26460673,45.78645469,53.32861823,50.82421229,47.48218219,47.48221779,50.71235651,53.21600409,44.64796956,13.09292873,0.088916583,0,0,0,0,0
1/15/2016,1,15,0,0,0,0,0,0,0,0,10.26460673,45.78645469,53.32861823,50.82421229,47.48218219,47.48221779,50.71235651,53.21600409,44.64796956,13.51007634,0.088916583,0,0,0,0,0
1/16/2016,1,16,0,0,0,0,0,0,0,0,10.26460673,45.78645469,53.32861823,50.82421229,47.48218219,47.48221779,50.71235651,53.21600409,44.64796956,13.72897786,0.088916583,0,0,0,0,0
1/17/2016,1,17,0,0,0,0,0,0,0,0,10.26833175,47.1284499,53.32861823,51.07714371,47.81564891,47.48221779,50.71235651,53.21600409,45.9340351,15.15333573,0.088916583,0,0,0,0,0
1/18/2016,1,18,0,0,0,0,0,0,0,0,10.26833175,47.1284499,53.32861823,51.07714371,47.81564891,47.48221779,50.71235651,53.21600409,45.9340351,15.26473935,0.088916583,0,0,0,0,0
1/19/2016,1,19,0,0,0,0,0,0,0,0,10.26833175,47.1284499,53.32861823,51.07714371,47.81564891,47.48221779,50.71235651,53.21600409,46.77612751,15.26473935,0,0,0,0,0,0
1/20/2016,1,20,0,0,0,0,0,0,0,9.52E-05,10.26833175,47.1284499,53.32861823,51.07714371,47.81564891,47.48221779,50.71235651,53.21600409,46.77612751,16.91643589,0.016850443,0,0,0,0,0
1/21/2016,1,21,0,0,0,0,0,0,0,9.52E-05,10.26833175,47.1284499,53.12643616,51.07714371,47.86875878,47.42559741,49.62688156,52.41571742,47.04497374,17.58425766,0.033015099,0,0,0,0,0
1/22/2016,1,22,0,0,0,0,0,0,0,9.52E-05,10.26833175,47.1284499,54.01838071,52.30263688,49.28041596,47.84022607,49.79829145,52.41571742,47.35572894,17.58425766,0.033015099,0,0,0,0,0
1/23/2016,1,23,0,0,0,0,0,0,0,9.52E-05,10.53510229,47.1284499,54.01838071,52.30263688,49.28041596,47.84022607,49.79829145,52.41571742,47.66350412,18.687894,0.070868377,0,0,0,0,0
1/24/2016,1,24,0,0,0,0,0,0,0,9.52E-05,10.53510229,46.24728255,54.01838071,52.30263688,49.28041596,47.84022607,49.79829145,52.41571742,48.65204119,18.89561599,0.070868377,0,0,0,0,0
1/25/2016,1,25,0,0,0,0,0,0,0,9.52E-05,10.53510229,46.24728255,54.01838071,52.30263688,49.28041596,47.84022607,49.79829145,52.41571742,48.65204119,18.89561599,0.070868377,0,0,0,0,0
1/26/2016,1,26,0,0,0,0,0,0,0,9.52E-05,10.53510229,46.24728255,54.01838071,52.30263688,49.28041596,47.84022607,49.79829145,52.22989163,48.65204119,18.89561599,0.070868377,0,0,0,0,0
1/27/2016,1,27,0,0,0,0,0,0,0,0,10.53510229,46.24728255,54.01838071,52.30263688,49.28041596,47.84022607,49.79829145,52.22989163,48.65204119,18.89561599,0.070868377,0,0,0,0,0
1/28/2016,1,28,0,0,0,0,0,0,0,0.022996966,10.53510229,46.24728255,54.01838071,52.30263688,49.28041596,47.84022607,49.79829145,52.29941831,48.65204119,20.22994219,0.207275999,0,0,0,0,0
1/29/2016,1,29,0,0,0,0,0,0,0,0.022996966,10.53510229,46.24728255,53.84158399,51.86459886,49.16148575,48.65047107,49.74488252,52.29941831,48.65204119,20.22994219,0.207275999,0,0,0,0,0
1/30/2016,1,30,0,0,0,0,0,0,0,0.022996966,11.22988042,50.75003578,53.84158399,51.86459886,49.16148575,48.65047107,49.74488252,52.29941831,48.65204119,20.22994219,0.207275999,0,0,0,0,0
1/31/2016,1,31,0,0,0,0,0,0,0,0.022996966,12.97794251,50.75003578,58.5957982,56.38967909,53.33297967,52.4008992,54.23199153,56.78071326,53.70874702,25.14680426,0.412524261,0,0,0,0,0
2/1/2016,2,1,0,0,0,0,0,0,0,0.022996966,12.97794251,50.75003578,58.5957982,56.38967909,53.33297967,52.4008992,54.23199153,56.78071326,53.70874702,25.14680426,0.412524261,0,0,0,0,0
2/2/2016,2,2,0,0,0,0,0,0,0,0.022996966,13.06634354,50.75003578,58.5957982,56.38967909,53.33297967,52.4008992,54.23199153,56.78071326,53.70874702,25.25621763,0.52357635,0,0,0,0,0
2/3/2016,2,3,0,0,0,0,0,0,0,0.070689073,13.06634354,50.75003578,58.5957982,56.38967909,53.33297967,52.4008992,54.23199153,56.78071326,53.70874702,25.25621763,0.687111117,0,0,0,0,0
2/4/2016,2,4,0,0,0,0,0,0,0,0.070689073,13.06634354,50.75003578,58.5957982,56.38967909,53.33297967,52.4008992,54.23199153,56.78071326,53.70874702,25.25621763,0.687111117,0,0,0,0,0
2/5/2016,2,5,0,0,0,0,0,0,0,0.076925569,13.06634354,50.75003578,58.5957982,56.38967909,53.33297967,52.4008992,54.23199153,56.78071326,53.70874702,25.9123988,0.687111117,0,0,0,0,0
2/6/2016,2,6,0,0,0,0,0,0,0,0.076925569,14.45832618,50.26197473,58.5957982,56.38967909,53.33297967,52.4008992,54.23199153,56.78071326,53.70874702,26.02315444,0.779469376,0,0,0,0,0
2/7/2016,2,7,0,0,0,0,0,0,0,0.076925569,14.64377368,49.67540213,57.31823124,54.36734211,51.390765,50.71340681,52.19288526,54.59621975,51.88331922,26.02315444,0.779469376,0,0,0,0,0
2/8/2016,2,8,0,0,0,0,0,0,0,0.076925569,14.7915241,50.26647502,57.31823124,54.66760138,51.39767209,50.71340681,52.19288526,54.59621975,51.88331922,26.02315444,0.856888093,0,0,0,0,0
2/9/2016,2,9,0,0,0,0,0,0,0,0.150242868,14.7915241,50.26647502,57.31823124,54.66760138,51.39767209,50.71340681,52.12408846,54.59621975,50.35255737,26.02315444,1.142226169,0,0,0,0,0
2/10/2016,2,10,0,0,0,0,0,0,0,0.150242868,14.7915241,50.26647502,57.25818936,54.66760138,51.39767209,50.29523204,52.12408846,54.59621975,50.35255737,26.02315444,1.142226169,0,0,0,0,0
2/11/2016,2,11,0,0,0,0,0,0,0,0.150242868,17.10468984,50.26647502,57.25818936,54.66760138,55.29177849,51.43556855,54.41433172,56.40740968,54.28252014,26.02315444,1.168301567,0,0,0,0,0
2/12/2016,2,12,0,0,0,0,0,0,0,0.150242868,17.10468984,50.26647502,57.25818936,54.66760138,55.29177849,54.12795073,54.41433172,57.22430543,54.28252014,30.50746856,1.50014633,0,0,0,0,0
2/13/2016,2,13,0,0,0,0,0,0,0,0.150242868,17.10468984,55.9542437,61.821458,56.74529481,55.70495096,54.87661934,54.41433172,57.22430543,54.28252014,33.24340818,1.727705413,0,0,0,0,0
2/14/2016,2,14,0,0,0,0,0,0,0,0.246284369,20.24390947,55.9542437,61.821458,58.45931543,55.71393374,55.28873082,56.44099098,58.81456799,56.41665237,33.24340818,1.903218733,0,0,0,0,0
2/15/2016,2,15,0,0,0,0,0,0,0,0.246284369,20.32561436,55.96642368,61.821458,58.62012614,55.71393374,55.28873082,56.44099098,58.81456799,56.41665237,33.41139656,2.031388517,0,0,0,0,0
2/16/2016,2,16,0,0,0,0,0,0,0,0.268511214,20.32561436,55.96642368,61.821458,58.62012614,55.71393374,55.28873082,56.44099098,58.81456799,56.41665237,33.41139656,2.031388517,0,0,0,0,0
2/17/2016,2,17,0,0,0,0,0,0,0,0.295728152,21.95233677,57.10010944,62.70363648,59.61295344,56.63338562,55.68497023,57.20615472,59.71518913,57.65118172,35.45519538,2.53190704,0,0,0,0,0
2/18/2016,2,18,0,0,0,0,0,0,0,0.297695,22.67993873,57.77220898,62.70363648,59.86373084,56.74979154,56.0607803,57.20615472,59.71518913,57.65118172,35.45519538,2.548694577,0,0,0,0,0
2/19/2016,2,19,0,0,0,0,0,0,0,0.373657331,23.09668047,57.77220898,62.70363648,59.96465276,57.42089062,56.45933394,57.20615472,59.71518913,57.65118172,35.45519538,2.548694577,0,0,0,0,0
2/20/2016,2,20,0,0,0,0,0,0,0,0.373657331,23.09668047,57.77220898,62.70363648,59.96465276,57.42089062,56.45933394,57.20615472,59.71518913,57.65118172,35.45519538,2.548694577,0,0,0,0,0
2/21/2016,2,21,0,0,0,0,0,0,0,0.373657331,23.09668047,57.77220898,62.70363648,59.96465276,57.76150298,57.43427045,58.36916003,59.71518913,57.65118172,35.45519538,2.548694577,0,0,0,0,0
2/22/2016,2,22,0,0,0,0,0,0,0,0.671813432,28.30604378,62.03829094,65.02592297,62.33945454,60.07001801,58.77081119,59.94265686,62.71579866,60.99866629,40.66782355,3.692424335,0,0,0,0,0
2/23/2016,2,23,0,0,0,0,0,0,0,0.671813432,28.30604378,62.03829094,65.02592297,62.33945454,60.07001801,58.77081119,59.94265686,62.71579866,60.99866629,41.69856867,3.927247992,0,0,0,0,0
2/24/2016,2,24,0,0,0,0,0,0,0,0.742228913,29.51368174,62.03829094,65.02592297,62.33945454,60.07001801,59.39027438,60.63499704,62.71579866,61.5304343,42.61653943,4.23069689,0,0,0,0,0
2/25/2016,2,25,0,0,0,0,0,0,0,0.899663682,29.51368174,62.03829094,65.02592297,62.33945454,60.07001801,59.39027438,60.63499704,62.71579866,61.5304343,42.61653943,4.23069689,0,0,0,0,0
2/26/2016,2,26,0,0,0,0,0,0,0,0.899663682,29.51368174,62.03829094,65.02592297,62.33945454,62.54238073,61.49466694,63.43244896,65.30039812,63.41377132,44.00862533,4.86699213,0,0,0,0,0
2/27/2016,2,27,0,0,0,0,0,0,0,1.663189496,32.73751685,62.71486585,65.02592297,62.76797216,62.54238073,61.49466694,63.43244896,65.30039812,63.41377132,44.28799953,4.948803828,0,0,0,0,0
2/28/2016,2,28,0,0,0,0,0,0,0,1.663189496,33.25564869,64.88517488,67.33955067,64.60254651,62.54238073,61.63553608,63.43244896,65.30039812,63.41377132,44.28799953,5.360864577,0,0,0,0,0
3/1/2016,3,1,0,0,0,0,0,0,0,2.075880315,33.25564869,64.88517488,67.33955067,64.60254651,62.54238073,61.63553608,63.43244896,65.30039812,63.41377132,44.28799953,5.360864577,0,0,0,0,0
3/2/2016,3,2,0,0,0,0,0,0,0,2.075880315,34.29968462,64.88517488,67.33955067,64.60254651,62.54238073,61.63553608,63.43244896,65.30039812,63.41377132,44.61544925,5.817099136,0,0,0,0,0
3/3/2016,3,3,0,0,0,0,0,0,0,2.075880315,34.68801291,64.88517488,67.33955067,64.60254651,62.54238073,61.63553608,63.43244896,65.30039812,63.41377132,44.61544925,5.878729386,0,0,0,0,0
3/4/2016,3,4,0,0,0,0,0,0,0,2.075880315,34.68801291,64.88517488,67.33955067,64.60254651,62.54238073,61.63553608,63.43244896,65.30039812,63.41377132,44.61544925,5.878729386,0,0,0,0,0
3/5/2016,3,5,0,0,0,0,0,0,0,2.075880315,34.68801291,64.88517488,67.33955067,64.60254651,61.99653506,61.63553608,63.2688505,63.92685457,62.08434062,44.61544925,5.878729386,0,0,0,0,0
3/6/2016,3,6,0,0,0,0,0,0,0,2.580634551,35.25665911,64.88517488,67.33955067,64.60254651,61.99653506,61.63553608,63.2688505,63.92685457,62.08434062,44.61544925,5.878729386,0,0,0,0,0
3/7/2016,3,7,0,0,0,0,0,0,0,2.580634551,35.25665911,64.46467519,66.78704713,63.80548907,61.58465144,60.92599225,62.85339939,63.92685457,62.08434062,44.61544925,5.878729386,0,0,0,0,0
3/8/2016,3,8,0,0,0,0,0,0,0,2.580634551,35.25665911,64.46467519,66.78704713,63.80548907,61.58465144,60.92599225,62.85339939,63.92685457,62.08434062,44.61544925,5.878729386,0,0,0,0,0
3/9/2016,3,9,0,0,0,0,0,0,0,2.580634551,35.25665911,61.86471635,66.11814123,63.80548907,61.3631473,60.92599225,62.85339939,63.39398285,58.99478265,44.02006475,5.878729386,0,0,0,0,0
3/10/2016,3,10,0,0,0,0,0,0,0,2.701022511,37.35903651,61.86471635,66.11814123,63.80548907,61.3631473,60.92599225,63.74462831,63.49390075,58.99478265,44.02006475,5.85792977,0,0,0,0,0
3/11/2016,3,11,0,0,0,0,0,0,0,4.492604423,42.37772839,66.60729176,67.93004323,64.95900959,62.85571362,60.92599225,63.74462831,63.49390075,60.55528774,44.02006475,5.85792977,0,0,0,0,0
3/12/2016,3,12,0,0,0,0,0,0,0,4.760906803,43.09380547,66.60729176,67.93004323,64.95900959,62.85571362,60.92599225,63.74462831,63.49390075,61.48152921,46.65076373,7.948458295,0,0,0,0,0
3/13/2016,3,13,0,0,0,0,0,0,0,5.21001041,43.62640305,66.60729176,68.07316963,65.07542619,62.85571362,61.86518632,63.74462831,63.49390075,61.48152921,46.65076373,8.115975828,0,0,0,0,0
3/14/2016,3,14,0,0,0,0,0,0,0,5.402645383,43.62640305,66.60729176,68.07316963,65.07542619,62.85571362,61.86518632,63.74462831,63.60891457,62.02819376,48.64868021,8.959487036,0,0,0,0,0
3/15/2016,3,15,0,0,0,0,0,0,0,5.96180501,44.96674625,66.60729176,68.07316963,65.07542619,62.85571362,61.86518632,63.74462831,63.60891457,62.02819376,48.64868021,8.959487036,0,0,0,0,0
3/16/2016,3,16,0,0,0,0,0,0,0,6.53037867,45.66570513,66.60729176,68.07316963,65.07542619,62.85571362,61.86518632,63.74462831,63.60891457,62.02819376,48.64868021,9.485281657,0,0,0,0,0
3/17/2016,3,17,0,0,0,0,0,0,0,7.635544621,45.66570513,66.60729176,68.07316963,65.07542619,62.85571362,61.86518632,62.76669755,63.60891457,62.02819376,48.77808144,10.32630151,0,0,0,0,0
3/18/2016,3,18,0,0,0,0,0,0,0,7.635544621,45.66570513,65.56305288,68.07316963,65.07542619,62.51908886,61.86518632,62.76669755,63.60891457,62.02819376,48.77808144,10.32630151,0,0,0,0,0
3/19/2016,3,19,0,0,0,0,0,0,0,8.46299239,47.40960784,65.56305288,68.07316963,65.07542619,62.51908886,62.57673818,62.76669755,63.60891457,62.02819376,48.77808144,10.32630151,0,0,0,0,0
3/20/2016,3,20,0,0,0,0,0,0,0,9.610588472,47.40960784,64.38419685,66.92491133,64.68872855,62.51908886,62.57673818,62.23704439,63.60891457,62.02819376,48.77808144,10.32630151,0,0,0,0,0
3/21/2016,3,21,0,0,0,0,0,0,5.08E-05,9.610588472,47.40960784,63.6169681,64.69754399,62.8280354,61.25546782,62.57673818,60.90868179,62.23150447,60.53013025,48.77808144,10.32630151,0,0,0,0,0
3/22/2016,3,22,0,0,0,0,0,0,5.08E-05,9.610588472,47.40960784,63.6169681,65.05496837,62.8280354,61.25546782,62.57673818,60.90868179,62.23150447,60.53013025,48.77808144,10.32630151,0,0,0,0,0
3/23/2016,3,23,0,0,0,0,0,0,5.08E-05,10.30359532,47.40960784,62.12689402,65.05496837,64.81794107,63.1224984,62.57673818,60.76583309,63.24602859,60.53013025,48.77808144,10.32630151,0,0,0,0,0
3/24/2016,3,24,0,0,0,0,0,0,5.08E-05,10.60442869,49.08537953,65.06655378,65.05496837,64.81794107,63.3745433,63.09530438,63.64748749,63.8221017,60.53013025,48.0380645,10.10385031,0,0,0,0,0
3/25/2016,3,25,0,0,0,0,0,0,0.004156536,11.55836531,52.75885051,68.02055466,69.60440146,67.22152478,65.11147126,64.54909129,65.05382906,66.55711207,64.79866529,52.88340254,12.75983051,0,0,0,0,0
3/26/2016,3,26,0,0,0,0,0,0,0.004156536,12.56527294,53.96358323,68.02055466,69.60440146,67.40723308,65.68700319,65.71297957,66.66712002,67.34000639,65.88383405,53.57741964,13.3512995,0,0,0,0,0
3/27/2016,3,27,0,0,0,0,0,0,0.015139491,13.58889289,55.04389566,68.73218486,70,67.40723308,65.68700319,65.92449334,66.66712002,67.34000639,65.88383405,53.57741964,13.3512995,0,0,0,0,0
3/28/2016,3,28,0,0,0,0,0,0,0.015139491,13.58889289,55.04389566,68.73218486,70,67.40723308,65.68700319,65.92449334,66.66712002,67.34000639,65.88383405,53.57741964,13.3512995,0,0,0,0,0
3/29/2016,3,29,0,0,0,0,0,0,0.0249523,13.58889289,55.04389566,68.73218486,70,67.40723308,65.68700319,65.92449334,66.66712002,67.34000639,65.88383405,53.57741964,13.3512995,0,0,0,0,0
3/30/2016,3,30,0,0,0,0,0,0,0.0249523,13.58889289,55.04389566,68.73218486,70,67.40723308,65.68700319,65.92449334,66.66712002,67.34000639,65.88383405,53.57741964,13.3512995,0,0,0,0,0
3/31/2016,3,31,0,0,0,0,0,0,0.217259943,13.58889289,55.04389566,68.73218486,70,67.40723308,65.68700319,65.92449334,66.66712002,67.34000639,65.88383405,53.57741964,13.3512995,0,0,0,0,0
4/1/2016,4,1,0,0,0,0,0,0,0.217259943,13.58889289,55.04389566,68.73218486,70,67.40723308,65.68700319,65.92449334,66.66712002,67.34000639,65.88383405,53.57741964,13.82951794,0,0,0,0,0
4/2/2016,4,2,0,0,0,0,0,0,0.217259943,16.63512842,55.04389566,68.73218486,70,66.88498547,63.86397864,65.92449334,65.28830714,63.00325488,62.55651535,50.79420203,13.82951794,0,0,0,0,0
4/3/2016,4,3,0,0,0,0,0,0,0.217259943,16.63512842,53.05022669,63.56466643,67.32037458,63.55402096,62.99785737,63.02057246,62.79494543,63.00325488,60.74292574,49.94377482,13.82951794,0,0,0,0,0
4/4/2016,4,4,0,0,0,0,0,0,0.217259943,16.63512842,53.05022669,63.35407123,67.32037458,63.55402096,60.91099602,63.02057246,62.79494543,63.00325488,60.74292574,49.94377482,14.72569396,0,0,0,0,0
4/5/2016,4,5,0,0,0,0,0,0,0.251859503,20.99107204,56.41636398,65.29479411,67.32037458,66.07244759,64.68435643,63.26205733,63.50795705,63.53384797,61.99740378,49.94377482,14.72569396,0,0,0,0,0
4/6/2016,4,6,0,0,0,0,0,0,0.251859503,20.99107204,56.41636398,65.29479411,67.32037458,66.07244759,64.68435643,63.26205733,63.50795705,63.53384797,61.99740378,49.94377482,14.72569396,0,0,0,0,0
4/7/2016,4,7,0,0,0,0,0,0,0.316979849,22.70448563,59.14035503,65.29479411,67.32037458,66.07244759,64.68435643,67.28399483,63.50795705,63.53384797,61.99740378,49.94377482,16.0651453,0,0,0,0,0
4/8/2016,4,8,0,0,0,0,0,0,0.316979849,22.70448563,59.14035503,65.29479411,66.75869956,66.07244759,64.68435643,67.28399483,63.65143236,64.26244683,62.25599974,52.4573024,16.21752864,0,0,0,0,0
4/9/2016,4,9,0,0,0,0,0,0,0.486235864,23.13986227,59.14035503,65.29479411,66.75869956,66.07244759,64.72352037,67.28399483,64.62607336,65.14769435,63.01904863,53.11135804,16.93577042,0,0,0,0,0
4/10/2016,4,10,0,0,0,0,0,0,0.538661812,23.38235472,59.14035503,65.29479411,66.75869956,66.07244759,64.72352037,67.28399483,64.62607336,65.14769435,63.01904863,53.11135804,16.93577042,0,0,0,0,0
4/11/2016,4,11,0,0,0,0,0,0,0.538661812,23.38235472,59.14035503,65.29479411,67.21699601,67.1789073,66.17467261,67.28399483,64.72371263,65.14769435,63.01904863,53.11135804,16.93577042,0,0,0,0,0
4/12/2016,4,12,0,0,0,0,0,0,0.652322138,24.7268582,59.14035503,64.15494537,67.21699601,67.1789073,66.39957332,67.28399483,64.8901309,65.14769435,63.01904863,53.51320857,18.67709899,0,0,0,0,0
4/13/2016,4,13,0,0,0,0,0,0,0.869220003,27.32012535,59.14035503,64.15494537,67.21699601,67.1789073,66.39957332,67.28399483,64.8901309,65.14769435,63.01904863,53.51320857,18.67709899,0,0,0,0,0
4/14/2016,4,14,0,0,0,0,0,0,0.869220003,27.32012535,56.59698808,64.15494537,67.21699601,67.1789073,66.39957332,65.77121279,64.8901309,65.14769435,63.01904863,53.51320857,18.67709899,0,0,0,0,0
4/15/2016,4,15,0,0,0,0,0,0,1.06119141,29.86772913,56.59698808,66.16055223,67.21699601,67.1789073,66.39957332,65.77121279,64.8901309,65.14769435,63.01904863,53.51320857,18.67709899,0,0,0,0,0
4/16/2016,4,16,0,0,0,0,0,0,1.24955651,30.1442764,60.11685096,66.16055223,67.21699601,67.1789073,66.39957332,65.77121279,64.8901309,64.24996422,62.71794912,54.97932856,20.85197952,0,0,0,0,0
4/17/2016,4,17,0,0,0,0,0,0,1.459276757,30.1442764,60.11685096,66.16055223,67.21699601,67.1789073,66.39957332,65.77121279,64.8901309,64.24996422,62.71794912,54.97932856,20.85197952,0,0,0,0,0
4/18/2016,4,18,0,0,0,0,0,0,1.459276757,30.1442764,60.11685096,66.16055223,66.93770014,66.30226873,66.39957332,65.68069424,64.8901309,64.9471536,63.58676914,54.97932856,20.85197952,0,0,0,0,0
4/19/2016,4,19,0,0,0,0,0,0,1.702162287,30.1442764,61.77421916,68.21314869,68.82679782,66.13822166,65.40646831,64.71066035,64.75963664,64.9471536,63.58676914,54.97932856,20.85197952,0,0,0,0,0
4/20/2016,4,20,0,0,0,0,0,0,1.739232183,30.1442764,61.77421916,68.21314869,68.82679782,67.66324421,66.84786518,65.35461526,65.47743338,67.8786815,65.78248488,56.41366167,21.97987614,0,0,0,0,0
4/21/2016,4,21,0,0,0,0,0,0,2.21149971,34.13470474,62.80088411,68.21314869,68.82679782,67.66324421,66.84786518,65.35461526,65.47743338,67.8786815,65.78248488,56.41366167,21.97987614,0,0,0,0,0
4/22/2016,4,22,0,0,0,0,0,0,2.21149971,34.13470474,62.80088411,68.21314869,68.82679782,67.66324421,66.84786518,65.35461526,65.47743338,67.8786815,65.78248488,56.41366167,21.97987614,0,0,0,0,0
4/23/2016,4,23,0,0,0,0,0,0,2.63624913,34.13470474,62.80088411,68.21314869,68.82679782,67.66324421,66.84786518,65.35461526,65.47743338,67.8786815,65.78248488,56.41366167,21.97987614,0,0,0,0,0
4/24/2016,4,24,0,0,0,0,0,0,2.63624913,34.13470474,62.80088411,68.21314869,68.82679782,67.66324421,66.84786518,65.87196382,66.06395258,67.8786815,65.78248488,56.41366167,21.97987614,0,0,0,0,0
4/25/2016,4,25,0,0,0,0,0,0,2.63624913,34.13470474,62.80088411,68.21314869,68.82679782,67.66324421,66.84786518,65.87196382,66.06395258,67.8786815,65.78248488,56.41366167,22.80235631,0,0,0,0,0
4/26/2016,4,26,0,0,0,0,0,0,2.63624913,34.13470474,62.80088411,67.6778132,67.78380507,67.66324421,66.84786518,65.87196382,66.06395258,67.8786815,65.78248488,56.41366167,22.80235631,0,0,0,0,0
4/27/2016,4,27,0,0,0,0,0,0,3.979950197,37.7173403,62.80088411,67.6778132,67.44972952,66.72227709,66.25317851,65.87196382,66.06395258,65.59704006,63.76487963,55.01241141,24.22847211,0,0,0,0,0
4/28/2016,4,28,0,0,0,0,0,0,3.979950197,37.7173403,60.3359483,65.04701453,66.39646158,66.5610071,66.25317851,65.87196382,66.06395258,65.59704006,63.10615636,55.01241141,24.22847211,0,0,0,0,0
4/29/2016,4,29,0,0,0,0,0,0,3.979950197,37.7173403,60.3359483,65.04701453,66.39646158,66.5610071,66.25317851,65.87196382,66.11899572,65.59704006,63.10615636,55.01241141,24.22847211,0,0,0,0,0
4/30/2016,4,30,0,0,0,0,0,0,3.979950197,37.7173403,60.3359483,65.04701453,66.39646158,66.5610071,66.25317851,65.87196382,66.11899572,65.59704006,63.10615636,55.01241141,24.22847211,0,0,0,0,0
5/1/2016,5,1,0,0,0,0,0,0,4.407539454,37.7173403,60.3359483,65.04701453,65.90412097,65.61768302,66.25317851,65.25025403,66.11899572,65.40535037,63.10615636,54.72371975,24.22847211,0,0,0,0,0
5/2/2016,5,2,0,0,0,0,0,0,5.616989636,37.7173403,60.3359483,64.27054309,65.01435181,65.61768302,66.25317851,65.25025403,66.11899572,65.40535037,62.11881201,54.5481834,24.22847211,0,0,0,0,0
5/3/2016,5,3,0,0,0,0,0,0,5.616989636,37.7173403,60.3359483,64.27054309,65.01435181,65.61768302,65.92435805,65.09433881,66.23288446,65.55634516,62.74917346,54.5481834,24.22847211,0,0,0,0,0
5/4/2016,5,4,0,0,0,0,0,0,5.616989636,38.12139469,61.17181364,66.99224483,64.66631253,67.33183181,66.55931949,66.23903677,66.32744046,66.21460558,64.4297908,57.116747,27.90768774,0,0,0,0,0
5/5/2016,5,5,0,0,0,0,0,0,6.454994755,42.24229236,61.17181364,66.99224483,64.66631253,67.33183181,66.55931949,66.23903677,66.32744046,66.21460558,64.4297908,57.116747,27.90768774,0,0,0,0,0
5/6/2016,5,6,0,0,0,0,0,0,6.454994755,42.24229236,61.17181364,66.99224483,64.66631253,67.33183181,66.55931949,66.23903677,66.32744046,66.21460558,64.4297908,57.116747,27.90768774,0,0,0,0,0
5/7/2016,5,7,0,0,0,0,0,0,6.454994755,42.24229236,61.17181364,66.99224483,64.66631253,67.33183181,67.16517855,67.02899484,67.46812945,66.92490421,64.4297908,57.116747,27.90768774,0,0,0,0,0
5/8/2016,5,8,0,0,0,0,0,0,7.077432186,42.69904717,61.17181364,66.99224483,65.51242458,67.33183181,67.16517855,67.02899484,67.46812945,66.92490421,64.4297908,57.116747,27.90768774,0,0,0,0,0
5/9/2016,5,9,0,0,0,0,0,0,7.077432186,42.69904717,61.17181364,66.99224483,65.51242458,67.33183181,67.16517855,67.02899484,67.46812945,66.92490421,65.14775131,57.116747,27.90768774,0,0,0,0,0
5/10/2016,5,10,0,0,0,0,0,0,7.077432186,42.69904717,61.17181364,66.99224483,68.01306366,67.33183181,67.24296527,67.02899484,67.46812945,66.92490421,65.14775131,57.116747,27.90768774,0,0,0,0,0
5/11/2016,5,11,0,0,0,0,0,0,7.077432186,42.69904717,60.79917941,65.9789597,68.01306366,66.57220087,67.24296527,67.02899484,67.46812945,66.92490421,65.14775131,56.55540309,26.69075724,0,0,0,0,0
5/12/2016,5,12,0,0,0,0,0,0,7.077432186,42.69904717,60.79917941,65.9789597,68.01306366,66.57220087,67.24296527,67.02899484,67.46812945,66.92490421,65.14775131,56.55540309,26.69075724,0,0,0,0,0
5/13/2016,5,13,0,0,0,0,0,0,7.867767223,42.74992114,60.79917941,65.9789597,68.01306366,66.57220087,67.24296527,67.02899484,67.46812945,67.45929264,65.29917336,56.55540309,30.12260806,0,0,0,0,0
5/14/2016,5,14,0,0,0,0,0,0,9.001197529,45.88960539,62.45195474,67.16642468,68.01306366,66.57220087,67.24296527,67.70633879,68.13820314,67.54021246,65.29917336,56.65759962,30.12260806,0,0,0,0,0
5/15/2016,5,15,0,0,0,0,0,0,9.001197529,45.88960539,62.45195474,67.16642468,68.01306366,66.57220087,67.24296527,67.70633879,68.13820314,67.54021246,65.29917336,56.65759962,30.12260806,0,0,0,0,0
5/16/2016,5,16,0,0,0,0,0,0,9.001197529,45.88960539,62.45195474,67.16642468,68.01306366,66.57220087,67.24296527,67.70633879,68.13820314,67.54021246,65.29917336,56.65759962,30.12260806,0,0,0,0,0
5/17/2016,5,17,0,0,0,0,0,0,9.064844272,45.88960539,62.45195474,67.16642468,67.0087008,66.3512379,66.25964412,67.70633879,68.13820314,67.54021246,65.29917336,56.65759962,32.34072915,0,0,0,0,0
5/18/2016,5,18,0,0,0,0,0,0,9.064844272,45.88960539,62.45195474,67.16642468,67.0087008,66.3512379,66.25964412,67.70633879,68.13820314,67.54021246,65.29917336,56.65759962,32.34072915,0,0,0,0,0
5/19/2016,5,19,0,0,0,0,0,0,9.064844272,45.88960539,62.45195474,67.16642468,67.0087008,66.3512379,66.25964412,67.70633879,68.13820314,67.54021246,65.29917336,57.61437117,33.62013326,0,0,0,0,0
5/20/2016,5,20,0,0,0,0,0,0,10.48157942,46.81782643,62.76891209,67.16642468,67.99647952,68.06247432,67.83951756,67.70633879,68.13820314,67.54021246,64.16914408,57.61437117,34.03794487,0,0,0,0,0
5/21/2016,5,21,0,0,0,0,0,0,11.46152624,49.08108574,64.11149476,67.58075071,67.99647952,68.06247432,67.83951756,66.92966084,66.51283545,65.8578648,64.12696096,57.61437117,34.5944823,0,0,0,0,0
5/22/2016,5,22,0,0,0,0,0,0,11.46152624,49.08108574,64.11149476,67.62319018,67.99647952,68.06247432,67.83951756,66.92966084,66.51283545,65.8578648,64.12696096,57.61437117,34.5944823,0,0,0,0,0
5/23/2016,5,23,0,0,0,0,0,0,11.46152624,49.08108574,64.11149476,67.62319018,67.99647952,68.06247432,67.83951756,66.92966084,66.51283545,65.8578648,64.12696096,57.61437117,34.5944823,0,0,0,0,0
5/24/2016,5,24,0,0,0,0,0,0,11.46152624,49.08108574,64.11149476,67.62319018,67.99647952,68.06247432,67.83951756,66.92966084,66.51283545,65.8578648,64.12696096,57.61437117,34.5944823,0,0,0,0,0
5/25/2016,5,25,0,0,0,0,0,0,11.46152624,49.08108574,64.11149476,67.62319018,67.99647952,68.06247432,67.83951756,66.92966084,66.51283545,65.8578648,64.12696096,57.61437117,34.5944823,0,0,0,0,0
5/26/2016,5,26,0,0,0,0,0,0,11.46152624,49.08108574,64.11149476,67.62319018,67.99647952,68.06247432,67.83951756,66.92966084,66.51283545,65.8578648,63.78268142,57.11551512,34.5944823,0,0,0,0,0
5/27/2016,5,27,0,0,0,0,0,0,11.46152624,49.08108574,64.11149476,67.62319018,67.69317971,67.42188751,66.79712294,66.42829829,65.83486488,65.3834328,63.78268142,57.11551512,34.5944823,0,0,0,0,0
5/28/2016,5,28,0,0,0,0,0,0,11.15431714,47.55336443,63.56605497,67.62319018,67.69317971,67.42188751,66.79712294,65.91821287,65.70022637,64.90643022,62.68583468,56.14427783,34.39297313,0,0,0,0,0
5/29/2016,5,29,0,0,0,0,0,0,11.15431714,47.55336443,62.06705864,67.36297783,67.22596811,67.42188751,66.79712294,64.50372521,64.48353085,64.19727091,61.3138577,54.66012106,31.67551891,0,0,0,0,0
5/30/2016,5,30,0,0,0,0,0,0,10.28286781,44.22406261,60.18622811,65.43780659,68.38794092,67.96353908,67.63160687,66.96918083,66.29091831,65.77628987,63.58083758,56.27320197,33.53357026,0,0,0,0,0
5/31/2016,5,31,0,0,0,0,0,0,11.5886604,45.9852117,60.77170056,65.70440622,66.83397265,67.96353908,67.63160687,66.96918083,66.29091831,65.77628987,63.58083758,56.27320197,35.41342882,0,0,0,0,0
6/1/2016,6,1,0,0,0,0,0,0,12.12337016,47.18641965,61.16687186,65.70440622,68.38794092,67.96353908,67.63160687,66.96918083,66.29091831,65.77628987,63.58083758,56.27320197,37.52019969,0,0,0,0,0
6/2/2016,6,2,0,0,0,0,0,0,12.12337016,47.31082214,62.43556997,66.33701071,68.38794092,67.96353908,67.63160687,66.96918083,66.29091831,65.77628987,63.58083758,56.27320197,37.52019969,0,0,0,0,0
6/3/2016,6,3,0,0,0,0,0,0,12.12337016,47.31082214,62.43556997,66.33701071,68.38794092,67.96353908,67.63160687,66.96918083,66.29091831,65.77628987,63.58083758,56.27320197,37.52019969,0,0,0,0,0
6/4/2016,6,4,0,0,0,0,0,0,12.12337016,47.31082214,62.43556997,66.33701071,68.38794092,67.96353908,67.63160687,66.96918083,66.29091831,65.77628987,63.58083758,56.27320197,37.52019969,0,0,0,0,0
6/5/2016,6,5,0,0,0,0,0,0,12.12337016,47.31082214,62.43556997,66.28547096,68.38794092,67.96353908,67.63160687,66.96918083,66.29091831,65.77628987,63.58083758,56.27320197,37.52019969,0,0,0,0,0
6/6/2016,6,6,0,0,0,0,0,0,12.12337016,47.31082214,62.43556997,66.28547096,65.98577423,65.81182936,65.42009737,66.07218413,65.05168572,64.87268514,62.49429453,56.04976811,37.52019969,0,0,0,0,0
6/7/2016,6,7,0,0,0,0,0,0,12.12337016,47.31082214,62.43556997,66.28547096,65.40355595,65.12556316,65.30604485,66.07218413,65.05168572,64.87268514,62.49429453,55.94030846,37.52019969,0,0,0,0,0
6/8/2016,6,8,0,0,0,0,0,0,12.12337016,47.31082214,62.43556997,66.28547096,65.40355595,64.83104319,64.33010788,66.07218413,65.05168572,64.87268514,62.49429453,55.59176717,37.52019969,0,0,0,0,0
6/9/2016,6,9,0,0,0,0,0,0,12.12337016,47.31082214,62.43556997,63.12210676,65.40355595,67.19951465,67.19951465,67.19951465,65.05168572,67.19951465,62.49429453,55.59176717,37.52019969,0,0,0,0,0
6/10/2016,6,10,0,0,0,0,0,0,12.12337016,47.31082214,62.43556997,67.19951465,65.40355595,67.19951465,67.19951465,67.19951465,65.05168572,67.19951465,62.49429453,55.59176717,37.52019969,0,0,0,0,0
6/11/2016,6,11,0,0,0,0,0,0,12.12337016,47.31082214,62.43556997,67.19951465,65.40355595,67.19951465,67.19951465,67.19951465,65.05168572,67.19951465,62.49429453,55.59176717,37.52019969,0,0,0,0,0
6/12/2016,6,12,0,0,0,0,0,0,12.12337016,47.31082214,62.43556997,67.19951465,65.40355595,67.19951465,67.19951465,67.19951465,65.05168572,67.19951465,62.49429453,55.59176717,37.52019969,0,0,0,0,0
6/13/2016,6,13,0,0,0,0,0,0,12.12337016,47.31082214,62.43556997,67.19951465,65.40355595,67.19951465,67.19951465,67.19951465,65.05168572,67.19951465,62.49429453,55.59176717,37.52019969,0,0,0,0,0
6/14/2016,6,14,0,0,0,0,0,0,12.12337016,47.31082214,62.43556997,67.19951465,65.40355595,67.19951465,67.19951465,67.19951465,65.05168572,67.19951465,62.49429453,55.59176717,37.52019969,0,0,0,0,0
6/15/2016,6,15,0,0,0,0,0,0,12.12337016,47.31082214,62.43556997,67.19951465,65.40355595,67.19951465,67.19951465,67.19951465,65.05168572,67.19951465,62.49429453,55.59176717,37.52019969,0,0,0,0,0
6/16/2016,6,16,0,0,0,0,0,0,12.12337016,47.31082214,62.43556997,67.19951465,65.40355595,67.19951465,67.19951465,67.19951465,69.3985629,67.19951465,62.49429453,55.59176717,37.52019969,0,0,0,0,0
6/17/2016,6,17,0,0,0,0,0,0,12.12337016,48.97720516,61.84113966,65.05902006,65.40355595,65.75831005,64.99516148,64.28214274,69.3985629,64.2509896,62.49429453,55.59176717,41.1201564,0,0,0,0,0
6/18/2016,6,18,0,0,0,0,0,0,12.12337016,48.97720516,61.84113966,65.05902006,64.01935269,63.52714025,64.54277522,63.31633856,69.3985629,63.82716454,65.41453608,58.02525433,41.1201564,0,0,0,0,0
6/19/2016,6,19,0,0,0,0,0,0,13.25899987,47.05984535,60.26158665,65.05902006,64.01935269,63.30494541,63.31519924,63.31633856,69.3985629,63.79591883,65.41453608,56.25167248,37.94741778,0,0,0,0,0
6/20/2016,6,20,0,0,0,0,0,0,8.650773698,41.35040834,58.01143658,62.47090297,63.15690571,63.30494541,63.31519924,63.31633856,69.3985629,61.80608437,65.41453608,42.8625424,35.10111418,0,0,0,0,0
6/21/2016,6,21,0,0,0,0,0,0,8.650773698,41.35040834,58.01143658,62.47090297,63.15690571,63.30494541,63.31519924,63.31633856,69.3985629,63.54037055,65.41453608,42.8625424,35.10111418,0,0,0,0,0
6/22/2016,6,22,0,0,0,0,0,0,8.650773698,41.35040834,58.01143658,62.47090297,63.64993702,63.30494541,63.31519924,64.49526579,63.3167658,63.54037055,60.52938257,49.5618801,35.10111418,0,0,0,0,0
6/23/2016,6,23,0,0,0,0,0,0,8.650773698,41.35040834,58.01143658,62.47090297,63.64993702,62.85552137,63.17977745,64.49526579,63.3167658,63.54037055,60.52938257,49.5618801,35.10111418,0,0,0,0,0
6/24/2016,6,24,0,0,0,0,0,0,8.072768205,38.28079193,57.1000596,62.25108645,63.64993702,62.72683577,63.17977745,64.49526579,63.3167658,63.54037055,60.52938257,49.5618801,35.10111418,0,0,0,0,0
6/25/2016,6,25,0,0,0,0,0,0,8.072768205,38.28079193,57.1000596,62.25108645,63.69312416,62.72683577,63.17977745,64.49526579,63.3167658,63.54037055,60.52938257,49.5618801,37.71102422,0,0,0,0,0
6/26/2016,6,26,0,0,0,0,0,0,8.116459142,38.28079193,55.81460644,62.25108645,63.69312416,62.72683577,61.64492831,64.49526579,61.99291061,63.54037055,60.52938257,49.5618801,37.71102422,0,0,0,0,0
6/27/2016,6,27,0,0,0,0,0,0,10.29139041,43.80103863,58.36418621,62.99273758,63.69312416,62.72683577,61.64492831,64.49526579,61.99291061,63.54037055,60.52938257,49.5618801,37.71102422,0,0,0,0,0
6/28/2016,6,28,0,0,0,0,0,0,10.29139041,43.80103863,58.36418621,62.99273758,63.69312416,62.72683577,61.95635998,64.49526579,61.28897079,60.54808157,59.30448755,50.15441274,37.71102422,0,0,0,0,0
6/29/2016,6,29,0,0,0,0,0,0,10.29139041,43.80103863,58.36418621,62.99273758,63.69312416,62.41919945,61.95635998,61.7500372,60.92701051,60.54808157,59.30448755,50.1614943,37.71102422,0,0,0,0,0
6/30/2016,6,30,0,0,0,0,0,0,10.29139041,43.80103863,58.36418621,62.99273758,63.69312416,62.41919945,61.95635998,61.7500372,62.9279533,60.54808157,59.30448755,50.1614943,37.71102422,0,0,0,0,0
7/1/2016,7,1,0,0,0,0,0,0,10.29139041,43.80103863,58.36418621,62.99273758,63.69312416,61.53147392,61.95635998,61.7500372,62.9279533,60.28983453,59.30448755,50.1614943,37.71102422,0,0,0,0,0
7/2/2016,7,2,0,0,0,0,0,0,10.29139041,43.80103863,58.36418621,62.99273758,62.91495799,61.53147392,61.95635998,61.7500372,62.9279533,62.05031783,59.30448755,52.46187034,38.85507062,0,0,0,0,0
7/3/2016,7,3,0,0,0,0,0,0,10.29139041,43.80103863,58.36418621,62.99273758,62.91495799,61.53147392,61.95635998,62.34211769,62.9279533,62.74098464,59.30448755,52.46187034,38.85507062,0,0,0,0,0
7/4/2016,7,4,0,0,0,0,0,0,9.643588541,40.50816639,56.00039662,59.09567252,67.40006252,66.0277651,65.1621138,65.37938111,62.9279533,62.74098464,60.83580838,52.88227034,38.85507062,0,0,0,0,0
7/5/2016,7,5,0,0,0,0,0,0,9.643588541,40.01766294,53.72192747,62.87600055,67.40006252,66.0277651,65.1621138,65.37938111,62.9279533,65.0818206,60.83580838,52.88227034,38.85507062,0,0,0,0,0
7/6/2016,7,6,0,0,0,0,0,0,9.643588541,40.01766294,53.72192747,62.87600055,67.40006252,66.0277651,65.1621138,65.37938111,62.9279533,65.0818206,60.83580838,52.88227034,38.85507062,0,0,0,0,0
7/7/2016,7,7,0,0,0,0,0,0,8.588571572,37.17794956,53.72192747,62.87600055,67.40006252,66.0277651,65.1621138,65.37938111,62.87664141,65.0818206,60.83580838,52.88227034,38.85507062,0,0,0,0,0
7/8/2016,7,8,0,0,0,0,0,0,8.588571572,37.17794956,53.72192747,62.87600055,67.40006252,66.0277651,65.1621138,66.83090362,62.87664141,65.0818206,61.06670474,52.88227034,38.85507062,0,0,0,0,0
7/9/2016,7,9,0,0,0,0,0,0,8.588571572,39.94366445,55.64188634,62.87600055,67.40006252,66.0277651,65.1621138,66.83090362,62.87664141,65.0818206,61.06670474,52.88227034,35.62347216,0,0,0,0,0
7/10/2016,7,10,0,0,0,0,0,0,8.588571572,40.49968562,56.99411757,62.87600055,67.40006252,66.0277651,65.1621138,66.83090362,62.87664141,65.0818206,61.06670474,52.88227034,35.62347216,0,0,0,0,0
7/11/2016,7,11,0,0,0,0,0,0,8.588571572,40.49968562,57.06787752,62.87600055,62.81554567,63.15474813,63.62339099,66.83090362,62.87664141,65.0818206,61.06670474,52.56501748,36.6345107,0,0,0,0,0
7/12/2016,7,12,0,0,0,0,0,0,8.588571572,40.49968562,57.06787752,62.61470585,62.81554567,63.15474813,63.62339099,66.83090362,62.87664141,62.92313257,61.06670474,52.56501748,36.6345107,0,0,0,0,0
7/13/2016,7,13,0,0,0,0,0,0,8.248822586,40.58099709,57.06787752,62.61470585,62.81554567,63.15474813,63.1850183,66.83090362,62.87664141,62.92313257,61.06670474,52.56501748,39.03064614,0,0,0,0,0
7/14/2016,7,14,0,0,0,0,0,0,8.248822586,41.82255458,57.9571874,63.20207954,64.33875956,63.65617476,63.1850183,66.83090362,63.36570649,62.92313257,61.06670474,53.85097621,39.03064614,0,0,0,0,0
7/15/2016,7,15,0,0,0,0,0,0,8.248822586,41.82255458,57.9571874,63.20207954,64.33875956,63.65617476,63.1850183,63.2053693,63.36570649,62.5965765,60.89685428,53.85097621,39.03064614,0,0,0,0,0
7/16/2016,7,16,0,0,0,0,0,0,8.245225739,41.82255458,57.9571874,63.20207954,64.33875956,63.65617476,63.1850183,63.2053693,63.36570649,62.5965765,60.89685428,53.85097621,39.03064614,0,0,0,0,0
7/17/2016,7,17,0,0,0,0,0,0,8.245225739,41.82255458,57.9571874,63.20207954,64.33875956,63.65617476,63.1850183,63.2053693,63.36570649,62.5965765,60.89685428,53.85097621,39.03064614,0,0,0,0,0
7/18/2016,7,18,0,0,0,0,0,0,8.245225739,41.82255458,57.9571874,63.20207954,64.33875956,63.65617476,63.09865112,63.2053693,63.36570649,62.5965765,60.89685428,53.85097621,39.03064614,0,0,0,0,0
7/19/2016,7,19,0,0,0,0,0,0,8.245225739,41.82255458,57.9571874,63.20207954,64.33875956,63.65617476,63.09865112,63.2053693,63.36570649,62.5965765,60.89685428,53.85097621,39.03064614,0,0,0,0,0
7/20/2016,7,20,0,0,0,0,0,0,8.245225739,41.82255458,57.9571874,63.20207954,64.33875956,63.65617476,63.09865112,63.2053693,63.36570649,62.5965765,59.97642331,54.00609391,37.94663806,0,0,0,0,0
7/21/2016,7,21,0,0,0,0,0,0,7.817358776,41.2199034,55.59827195,61.94488138,63.25822639,62.61392969,63.57733419,59.02055252,62.09414585,59.8718271,61.0631515,54.00609391,37.20906709,0,0,0,0,0
7/22/2016,7,22,0,0,0,0,0,0,7.177862331,41.2199034,58.6248899,62.81234846,64.04711636,64.10694462,63.57733419,60.51638014,64.81594015,59.8347424,61.0631515,54.00609391,37.20906709,0,0,0,0,0
7/23/2016,7,23,0,0,0,0,0,0,7.177862331,41.2199034,58.6248899,62.81234846,64.04711636,64.10694462,63.57733419,60.51638014,64.98195966,59.8347424,61.0631515,56.38513252,37.20906709,0,0,0,0,0
7/24/2016,7,24,0,0,0,0,0,0,6.734034729,40.98967995,58.6248899,62.81234846,64.04711636,64.10694462,63.57733419,60.51638014,64.98195966,60.40403659,61.0631515,56.38513252,37.20906709,0,0,0,0,0
7/25/2016,7,25,0,0,0,0,0,0,6.734034729,40.98967995,58.6248899,62.81234846,64.04711636,64.10694462,63.57733419,60.51638014,64.98195966,60.40403659,61.0631515,56.38513252,37.20906709,0,0,0,0,0
7/26/2016,7,26,0,0,0,0,0,0,6.734034729,40.98967995,58.6248899,62.81234846,64.04711636,64.10694462,63.57733419,60.51638014,64.98195966,60.40403659,61.0631515,56.38513252,37.20906709,0,0,0,0,0
7/27/2016,7,27,0,0,0,0,0,0,6.734034729,40.98967995,58.6248899,62.81234846,64.04711636,64.10694462,63.57733419,60.51638014,64.98195966,60.40403659,61.0631515,56.38513252,33.58376419,0,0,0,0,0
7/28/2016,7,28,0,0,0,0,0,0,6.734034729,40.98967995,58.6248899,62.81234846,64.04711636,64.10694462,63.50972298,60.51638014,64.98195966,62.84747496,60.67087121,56.38513252,34.58402909,0,0,0,0,0
7/29/2016,7,29,0,0,0,0,0,0,6.734034729,40.76794082,55.73397144,62.75830935,63.44605666,63.62999189,62.32405243,60.29596547,64.98195966,62.84747496,60.67087121,56.38513252,34.58402909,0,0,0,0,0
7/30/2016,7,30,0,0,0,0,0,0,6.734034729,40.76794082,55.73397144,62.75830935,63.44605666,63.62999189,62.32405243,60.29596547,60.99413751,62.84747496,61.04206706,55.22308849,34.58402909,0,0,0,0,0
7/31/2016,7,31,0,0,0,0,0,0,5.369040048,38.27152076,56.25370188,61.51619287,62.32707161,63.62999189,62.32405243,58.80592344,60.99413751,62.84747496,61.04206706,54.27167172,34.58402909,0,0,0,0,0
8/1/2016,8,1,0,0,0,0,0,0,5.369040048,37.63657,56.25370188,61.51619287,62.32707161,63.62999189,62.32405243,58.80592344,60.99413751,62.84747496,61.04206706,54.27167172,34.58402909,0,0,0,0,0
8/2/2016,8,2,0,0,0,0,0,0,5.369040048,37.63657,56.25370188,61.37627078,62.32707161,63.62999189,62.32405243,62.6562125,58.48989891,62.84747496,61.04206706,54.27167172,34.58402909,0,0,0,0,0
8/3/2016,8,3,0,0,0,0,0,0,5.369040048,37.63657,56.69292194,62.55393053,63.30847728,63.62999189,62.32405243,62.6562125,63.02103531,62.84747496,61.04206706,54.27167172,34.58402909,0,0,0,0,0
8/4/2016,8,4,0,0,0,0,0,0,5.180740706,37.63657,56.69292194,62.55393053,63.30847728,63.62999189,62.32405243,62.6562125,63.02103531,58.85370345,61.04206706,54.27167172,29.99797771,0,0,0,0,0
8/5/2016,8,5,0,0,0,0,0,0,4.554966774,37.17996117,56.69292194,62.55393053,63.3283156,62.88431043,62.50209883,62.6562125,63.02103531,61.90880071,61.04206706,54.836341,33.29618337,0,0,0,0,0
8/6/2016,8,6,0,0,0,0,0,0,4.554966774,37.17996117,57.1304437,62.55393053,63.3283156,62.88431043,62.50209883,62.6562125,63.02103531,61.90880071,60.16248051,54.836341,33.29618337,0,0,0,0,0
8/7/2016,8,7,0,0,0,0,0,0,4.554966774,37.17996117,57.1304437,62.55393053,63.3283156,62.88431043,62.50209883,62.6562125,63.02103531,61.90880071,60.16248051,54.836341,33.29618337,0,0,0,0,0
8/8/2016,8,8,0,0,0,0,0,0,4.554966774,37.17996117,57.1304437,62.55393053,63.3283156,62.88431043,62.50209883,62.6562125,63.02103531,61.90880071,60.16248051,54.836341,33.29618337,0,0,0,0,0
8/9/2016,8,9,0,0,0,0,0,0,4.554966774,37.17996117,58.03913261,62.93591426,63.3283156,62.88431043,62.50209883,62.270526,63.02103531,61.90880071,60.53708719,55.40959431,33.29618337,0,0,0,0,0
8/10/2016,8,10,0,0,0,0,0,0,4.381876833,35.85218603,58.7483204,64.25936356,64.51830843,63.08858243,62.50209883,62.55685002,62.63042839,61.90880071,60.53708719,55.40959431,33.29618337,0,0,0,0,0
8/11/2016,8,11,0,0,0,0,0,0,3.698366572,35.64537904,58.7483204,64.25936356,64.51830843,63.08858243,62.50209883,62.55685002,62.63042839,61.90880071,60.53708719,55.40959431,33.29618337,0,0,0,0,0
8/12/2016,8,12,0,0,0,0,0,0,3.698366572,35.64537904,58.7483204,64.25936356,64.51830843,63.08858243,62.13076057,62.55685002,62.63042839,61.55064289,60.53708719,55.40959431,32.38623765,0,0,0,0,0
8/13/2016,8,13,0,0,0,0,0,0,3.698366572,35.53523936,58.7483204,64.25936356,64.51830843,63.08858243,62.13076057,62.55685002,62.63042839,61.55064289,60.53708719,55.40959431,32.38623765,0,0,0,0,0
8/14/2016,8,14,0,0,0,0,0,0,3.06691676,35.53523936,58.7483204,64.25936356,64.51830843,63.08858243,62.13076057,62.55685002,62.63042839,61.55064289,60.53708719,55.40959431,32.38623765,0,0,0,0,0
8/15/2016,8,15,0,0,0,0,0,0,3.06691676,35.53523936,58.7483204,64.25936356,64.51830843,63.08858243,62.13076057,62.55685002,62.63042839,63.44144243,61.39369518,55.80170014,32.38623765,0,0,0,0,0
8/16/2016,8,16,0,0,0,0,0,0,2.837164158,32.3819937,58.7483204,64.25936356,64.51830843,63.08858243,62.12151076,62.55685002,62.63042839,63.44144243,61.39369518,55.80170014,28.42301401,0,0,0,0,0
8/17/2016,8,17,0,0,0,0,0,0,2.454038669,32.3819937,56.08708779,62.26289259,62.98084598,62.41363104,61.11812343,61.91573629,62.03398291,63.44144243,61.39369518,55.80170014,28.42301401,0,0,0,0,0
8/18/2016,8,18,0,0,0,0,0,0,2.454038669,32.3819937,56.08708779,62.26289259,62.98084598,62.41363104,61.11812343,61.91573629,62.03398291,63.44144243,61.39369518,55.80170014,28.42301401,0,0,0,0,0
8/19/2016,8,19,0,0,0,0,0,0,2.454038669,32.3819937,56.08708779,62.26289259,62.98084598,62.41363104,61.11812343,60.82253536,62.03398291,63.44144243,61.39369518,55.80170014,28.42301401,0,0,0,0,0
8/20/2016,8,20,0,0,0,0,0,0,2.454038669,32.3819937,56.08708779,61.43056624,61.6371952,61.74943907,60.53434571,60.26926278,62.03398291,63.44144243,61.39369518,55.80170014,27.22961748,0,0,0,0,0
8/21/2016,8,21,0,0,0,0,0,0,1.972038458,29.53573105,53.59474078,59.24652847,61.6371952,61.74943907,60.53434571,60.26926278,60.36165408,63.44144243,61.39369518,55.80170014,27.22961748,0,0,0,0,0
8/22/2016,8,22,0,0,0,0,0,0,1.972038458,29.53573105,53.59474078,59.62886824,61.7716557,62.12245069,61.29857664,60.45034261,60.36165408,63.44144243,61.39369518,55.80170014,27.22961748,0,0,0,0,0
8/23/2016,8,23,0,0,0,0,0,0,1.77187711,28.91210757,51.41345872,59.62886824,61.7716557,62.12245069,61.29857664,65.49565529,65.49565529,63.44144243,61.39369518,55.80170014,27.22961748,0,0,0,0,0
8/24/2016,8,24,0,0,0,0,0,0,1.523092948,25.63374023,51.41345872,59.62886824,61.7716557,62.12245069,61.29857664,65.49565529,65.49565529,63.44144243,61.39369518,55.80170014,27.22961748,0,0,0,0,0
8/25/2016,8,25,0,0,0,0,0,0,1.310701662,25.1068873,51.41345872,61.18284363,61.88941811,62.12245069,61.29857664,65.49565529,65.49565529,63.44144243,61.39369518,55.80170014,27.22961748,0,0,0,0,0
8/26/2016,8,26,0,0,0,0,0,0,1.310701662,25.1068873,51.41345872,61.18284363,61.88941811,62.12245069,61.29857664,65.49565529,65.49565529,63.44144243,61.39369518,55.80170014,27.22961748,0,0,0,0,0
8/27/2016,8,27,0,0,0,0,0,0,1.310701662,25.1068873,52.33596539,61.18284363,61.88941811,62.12245069,61.29857664,65.49565529,65.49565529,63.44144243,61.39369518,55.80170014,27.22961748,0,0,0,0,0
8/28/2016,8,28,0,0,0,0,0,0,1.310701662,25.1068873,52.33596539,61.18284363,61.88941811,62.12245069,61.29857664,65.49565529,65.49565529,61.14685552,61.39369518,55.80170014,27.22961748,0,0,0,0,0
8/29/2016,8,29,0,0,0,0,0,0,1.190495954,24.75254441,52.33596539,61.18284363,61.88941811,61.45880701,60.81226729,65.49565529,65.49565529,61.14685552,57.66229359,49.82825899,16.12507503,0,0,0,0,0
8/30/2016,8,30,0,0,0,0,0,0,1.190495954,24.75254441,53.35846116,61.18284363,61.88941811,61.45880701,60.81226729,59.6588963,64.94057406,61.14685552,57.66229359,49.82825899,16.12507503,0,0,0,0,0
8/31/2016,8,31,0,0,0,0,0,0,1.190495954,25.20090034,53.64302636,61.18284363,61.88941811,61.45880701,59.06833254,58.88657268,64.94057406,61.14685552,57.66229359,49.82825899,16.12507503,0,0,0,0,0
9/1/2016,9,1,0,0,0,0,0,0,1.190495954,25.20090034,53.64302636,60.4955734,61.24130471,60.08003686,59.169906,59.20635339,64.94057406,61.14685552,57.66229359,49.82825899,16.12507503,0,0,0,0,0
9/2/2016,9,2,0,0,0,0,0,0,1.190495954,25.20090034,53.64302636,60.4955734,61.24130471,60.08003686,59.169906,59.20635339,64.94057406,61.14685552,57.66229359,49.82825899,16.12507503,0,0,0,0,0
9/3/2016,9,3,0,0,0,0,0,0,1.190495954,25.20090034,53.64302636,60.4955734,61.24130471,60.08003686,59.169906,59.20635339,59.48957634,61.14685552,57.66229359,49.82825899,16.12507503,0,0,0,0,0
9/4/2016,9,4,0,0,0,0,0,0,1.190495954,25.20090034,53.64302636,60.4955734,61.24130471,60.08003686,59.169906,59.20635339,59.48957634,61.14685552,57.66229359,49.82825899,16.12507503,0,0,0,0,0
9/5/2016,9,5,0,0,0,0,0,0,0.900873199,25.20090034,53.64302636,60.4955734,61.24130471,60.08003686,59.169906,59.20635339,59.48957634,61.14685552,57.66229359,49.82825899,16.12507503,0,0,0,0,0
9/6/2016,9,6,0,0,0,0,0,0,0.900873199,25.20090034,53.64302636,60.4955734,61.24130471,60.08003686,59.169906,59.20635339,59.48957634,59.31377652,57.3474333,48.78960988,15.30783749,0,0,0,0,0
9/7/2016,9,7,0,0,0,0,0,0,0.843543591,25.00845051,53.39457387,60.4955734,61.24130471,60.08003686,61.18189658,59.20635339,59.48957634,59.03267199,56.82266496,47.7509572,14.81749603,0,0,0,0,0
9/8/2016,9,8,0,0,0,0,0,0,0.687418144,24.5352504,53.29769652,60.08129722,60.37807445,59.07345233,61.18189658,59.1917132,59.33273899,58.96663089,56.27509251,47.01555449,12.90677718,0,0,0,0,0
9/9/2016,9,9,0,0,0,0,0,0,0.687418144,24.5352504,53.29769652,60.08129722,60.37807445,59.07345233,61.18189658,59.1917132,59.33273899,58.5126674,53.86613978,47.01555449,12.90677718,0,0,0,0,0
9/10/2016,9,10,0,0,0,0,0,0,0.687418144,24.5352504,53.29769652,60.08129722,60.37807445,59.07345233,61.18189658,59.1917132,59.33273899,59.31313209,53.86613978,47.01555449,12.90677718,0,0,0,0,0
9/11/2016,9,11,0,0,0,0,0,0,0.647892824,24.08499323,53.24973137,60.08129722,60.37807445,58.82755261,61.18189658,59.1917132,59.33273899,59.31313209,52.53348339,45.81156946,9.956949928,0,0,0,0,0
9/12/2016,9,12,0,0,0,0,0,0,0.61455118,23.67942391,53.24973137,60.08129722,58.65842313,57.23554904,61.18189658,58.91927457,59.33273899,59.31313209,52.53348339,45.81156946,9.956949928,0,0,0,0,0
9/13/2016,9,13,0,0,0,0,0,0,0.69064906,20.8195322,50.24394864,58.36871498,59.48393317,56.3819816,61.18189658,55.5470455,57.21563595,59.31313209,52.53348339,45.81156946,9.956949928,0,0,0,0,0
9/14/2016,9,14,0,0,0,0,0,0,0.69064906,19.81056579,50.04862737,58.84359915,59.48393317,59.13819388,58.80354512,55.5470455,57.21563595,59.31313209,52.53348339,45.81156946,9.956949928,0,0,0,0,0
9/15/2016,9,15,0,0,0,0,0,0,0.69064906,19.63639484,50.04862737,58.84359915,59.18387328,59.13819388,49.52353859,55.5470455,57.21563595,59.31313209,52.53348339,45.81156946,9.956949928,0,0,0,0,0
9/16/2016,9,16,0,0,0,0,0,0,0.69064906,19.63639484,50.04862737,64.05670796,61.76833744,59.13819388,58.57336082,55.5470455,57.21563595,59.31313209,50.0252643,45.81156946,9.956949928,0,0,0,0,0
9/17/2016,9,17,0,0,0,0,0,0,0.69064906,19.63639484,50.04862737,64.05670796,61.76833744,59.13819388,58.57336082,54.71265415,53.5764975,52.86698216,50.0252643,42.4636434,4.573772581,0,0,0,0,0
9/18/2016,9,18,0,0,0,0,0,0,0.69064906,19.63639484,50.04862737,64.05670796,61.76833744,59.13819388,58.57336082,54.71265415,51.07324868,52.86698216,50.0252643,42.4636434,4.573772581,0,0,0,0,0
9/19/2016,9,19,0,0,0,0,0,0,0.69064906,19.63639484,50.04862737,64.05670796,61.76833744,59.13819388,58.57336082,54.71265415,55.25192384,56.70510548,56.21887802,42.4636434,4.573772581,0,0,0,0,0
9/20/2016,9,20,0,0,0,0,0,0,0.266678466,19.63639484,50.04862737,64.05670796,61.76833744,59.13819388,58.57336082,54.71265415,55.25192384,56.70510548,56.21887802,42.4636434,4.573772581,0,0,0,0,0
9/21/2016,9,21,0,0,0,0,0,0,0.241223074,19.63639484,49.96718774,64.05670796,61.76833744,58.73708035,58.57336082,54.71265415,55.25192384,56.70510548,56.21887802,42.4636434,4.276452398,0,0,0,0,0
9/22/2016,9,22,0,0,0,0,0,0,0.129883797,20.09130005,56.50855234,64.09775178,63.92891958,62.39736733,60.80423512,61.19265598,62.66768398,63.60378053,60.85537611,42.38836318,4.276452398,0,0,0,0,0
9/23/2016,9,23,0,0,0,0,0,0,0.129883797,20.09130005,56.50855234,64.09775178,63.92891958,62.39736733,60.80423512,61.19265598,62.66768398,63.60378053,60.85537611,42.38836318,4.276452398,0,0,0,0,0
9/24/2016,9,24,0,0,0,0,0,0,0.129883797,20.09130005,56.50855234,64.09775178,63.92891958,62.39736733,60.80423512,61.19265598,62.66768398,63.60378053,60.85537611,42.38836318,4.276452398,0,0,0,0,0
9/25/2016,9,25,0,0,0,0,0,0,0.129883797,20.09130005,56.50855234,64.09775178,63.92891958,62.39736733,60.80423512,61.19265598,62.66768398,63.60378053,60.85537611,42.38836318,4.276452398,0,0,0,0,0
9/26/2016,9,26,0,0,0,0,0,0,0.129883797,20.09130005,56.50855234,64.09775178,63.92891958,62.39736733,60.80423512,61.19265598,62.66768398,63.60378053,60.85537611,42.38836318,4.099343253,0,0,0,0,0
9/27/2016,9,27,0,0,0,0,0,0,0.129883797,20.09130005,56.50855234,64.09775178,63.92891958,62.39736733,60.80423512,61.19265598,62.66768398,63.60378053,60.85537611,42.38836318,4.099343253,0,0,0,0,0
9/28/2016,9,28,0,0,0,0,0,0,0.129883797,20.09130005,56.50855234,64.09775178,63.92891958,62.39736733,60.80423512,61.19265598,62.66768398,63.60378053,60.85537611,42.38836318,4.099343253,0,0,0,0,0
9/29/2016,9,29,0,0,0,0,0,0,0.129883797,20.09130005,56.50855234,64.09775178,63.92891958,62.39736733,60.80423512,61.19265598,62.66768398,63.60378053,60.85537611,42.38836318,4.071703749,0,0,0,0,0
9/30/2016,9,30,0,0,0,0,0,0,0.07349985,18.94848553,55.37792848,62.76488889,61.95460116,61.24402483,59.93093616,60.53480143,61.35732968,61.62060393,57.73143219,38.21821152,3.466493108,0,0,0,0,0
10/1/2016,10,1,0,0,0,0,0,0,0.07349985,18.94848553,55.37792848,62.76488889,61.95460116,61.24402483,59.93093616,60.53480143,61.35732968,61.62060393,57.73143219,37.57845072,3.132240878,0,0,0,0,0
10/2/2016,10,2,0,0,0,0,0,0,0.07349985,18.21974781,54.41672073,62.76488889,61.95460116,61.24402483,59.93093616,60.53480143,61.35732968,61.62060393,57.73143219,36.62036183,2.692662122,0,0,0,0,0
10/3/2016,10,3,0,0,0,0,0,0,0.07349985,17.07257007,54.41672073,62.76488889,61.95460116,61.24402483,59.93093616,60.53480143,61.35732968,61.62060393,57.73143219,35.40371972,2.086088309,0,0,0,0,0
10/4/2016,10,4,0,0,0,0,0,0,0.036869208,17.07257007,54.41672073,62.76488889,61.95460116,61.24402483,59.93093616,60.53480143,61.35732968,61.62060393,57.73143219,35.40371972,2.086088309,0,0,0,0,0
10/5/2016,10,5,0,0,0,0,0,0,0.024866187,17.07257007,54.41672073,62.76488889,61.95460116,61.24402483,59.93093616,60.53480143,61.35732968,61.62060393,57.73143219,35.40371972,2.086088309,0,0,0,0,0
10/6/2016,10,6,0,0,0,0,0,0,0.024866187,17.07257007,54.41672073,63.08734342,62.82037351,60.08817584,59.03477616,58.58433386,59.50738881,60.39937252,57.1976063,34.91940773,1.917921233,0,0,0,0,0
10/7/2016,10,7,0,0,0,0,0,0,0.024866187,17.02421507,53.44169521,63.08734342,62.82037351,60.04399179,58.22332775,58.3583757,59.50738881,60.28502805,56.03809726,32.76714971,1.674590095,0,0,0,0,0
10/8/2016,10,8,0,0,0,0,0,0,0.024866187,16.03896065,52.80587217,63.08734342,62.82037351,60.04399179,58.22332775,58.3583757,59.50738881,60.28502805,56.03809726,31.40570071,1.485196499,0,0,0,0,0
10/9/2016,10,9,0,0,0,0,0,0,0.024866187,15.33294869,52.80587217,63.08734342,62.82037351,60.04399179,58.22332775,58.3583757,59.50738881,60.28502805,56.03809726,31.37458317,1.219071054,0,0,0,0,0
10/10/2016,10,10,0,0,0,0,0,0,0.008364421,13.95547451,51.74762328,63.08734342,62.82037351,60.04399179,58.22332775,58.86535828,59.50738881,60.28502805,56.03809726,29.81607901,1.004293655,0,0,0,0,0
10/11/2016,10,11,0,0,0,0,0,0,0.008364421,13.95547451,51.74762328,63.08734342,62.82037351,60.04399179,58.22332775,58.3583757,59.50738881,60.28502805,56.03809726,29.81607901,1.004293655,0,0,0,0,0
10/12/2016,10,12,0,0,0,0,0,0,0.008364421,13.95547451,51.74762328,63.08734342,62.82037351,60.04399179,58.22332775,58.3583757,59.50738881,60.28502805,56.03809726,29.00977888,0.906703175,0,0,0,0,0
10/13/2016,10,13,0,0,0,0,0,0,0.008364421,13.95547451,51.69281512,60.48167377,60.25011518,58.5387221,57.30928762,57.56481098,58.80611214,59.67464021,55.49264323,28.24072722,0.772698405,0,0,0,0,0
10/14/2016,10,14,0,0,0,0,0,0,0.008364421,13.61239927,51.69281512,60.08851051,58.81442201,56.87960933,56.11304992,56.3973125,57.7582951,59.18007082,55.17473883,27.57996921,0.665831137,0,0,0,0,0
10/15/2016,10,15,0,0,0,0,0,0,0.008364421,13.40791275,47.93273842,58.65796563,58.162232,56.02448957,56.11907405,55.45840683,57.7582951,59.18007082,55.17473883,26.26790593,0.532795503,0,0,0,0,0
10/16/2016,10,16,0,0,0,0,0,0,0,10.74031155,47.93273842,58.65796563,58.162232,55.95723796,56.11907405,55.45840683,57.1590583,54.92713727,52.69521623,24.01694944,0.423578536,0,0,0,0,0
10/17/2016,10,17,0,0,0,0,0,0,0,10.74031155,47.93273842,58.65796563,58.162232,55.95723796,56.11907405,55.45840683,57.1590583,57.26446983,52.69521623,22.45843993,0.384384808,0,0,0,0,0
10/18/2016,10,18,0,0,0,0,0,0,0,10.74031155,47.93273842,58.65796563,57.16102005,55.68217179,56.11907405,55.45840683,57.1590583,57.26446983,52.69521623,22.45843993,0.32141934,0,0,0,0,0
10/19/2016,10,19,0,0,0,0,0,0,0,10.31495642,46.90842331,58.11754238,58.29717315,55.89687564,56.11907405,55.40597343,56.90579221,57.88972929,50.21974888,19.81295657,0.267472951,0,0,0,0,0
10/20/2016,10,20,0,0,0,0,0,0,0,8.926425547,47.62236417,59.85497236,59.93871199,57.88504386,56.3705742,56.76754705,58.79603632,59.39474263,50.21974888,18.90215459,0.100127463,0,0,0,0,0
10/21/2016,10,21,0,0,0,0,0,0,0,8.926425547,47.62236417,59.99104214,59.93871199,57.88504386,56.3705742,56.76754705,58.79603632,59.39474263,50.32345856,18.90215459,0.100127463,0,0,0,0,0
10/22/2016,10,22,0,0,0,0,0,0,0,8.926425547,47.62236417,59.99104214,59.93871199,57.88504386,56.3705742,56.76754705,58.79603632,59.39474263,50.32345856,18.90215459,0.100127463,0,0,0,0,0
10/23/2016,10,23,0,0,0,0,0,0,0,8.926425547,47.62236417,59.99104214,59.93871199,57.88504386,56.3705742,56.76754705,58.79603632,59.39474263,50.32345856,18.90215459,0.100127463,0,0,0,0,0
10/24/2016,10,24,0,0,0,0,0,0,0,8.926425547,47.62236417,59.99104214,59.93871199,58.1546431,56.3705742,56.76754705,58.79603632,59.39474263,50.32345856,18.29664443,0.067810433,0,0,0,0,0
10/25/2016,10,25,0,0,0,0,0,0,0,8.926425547,47.62236417,59.99104214,59.93871199,57.88504386,56.3705742,56.76754705,58.79603632,59.39474263,50.32345856,16.6575925,0.059821516,0,0,0,0,0
10/26/2016,10,26,0,0,0,0,0,0,0,8.926425547,47.62236417,59.99104214,59.93871199,57.88504386,56.3705742,56.76754705,58.79603632,59.39474263,50.32345856,16.6575925,0.037237282,0,0,0,0,0
10/27/2016,10,27,0,0,0,0,0,0,0,8.405594073,46.40446882,59.99104214,59.57823638,56.53761198,54.95078517,54.73201538,56.10194873,56.97128499,50.32345856,16.6575925,0.026113298,0,0,0,0,0
10/28/2016,10,28,0,0,0,0,0,0,0,7.391218587,44.00349128,59.39771909,59.03378638,55.77425334,54.06798362,54.68506137,56.04974675,56.50515575,48.95834238,15.48193189,0.002676041,0,0,0,0,0
10/29/2016,10,29,0,0,0,0,0,0,0,7.391218587,43.96610041,58.42180349,58.5651364,55.42547707,53.47893657,54.11344228,56.04974675,56.50515575,48.95834238,15.48193189,6.42E-05,0,0,0,0,0
10/30/2016,10,30,0,0,0,0,0,0,0,7.096265596,43.96610041,58.42180349,57.42314788,54.53387076,53.37457534,54.11344228,56.04974675,56.50515575,48.95834238,14.80679092,6.42E-05,0,0,0,0,0
10/31/2016,10,31,0,0,0,0,0,0,0,6.142014329,41.4851323,55.98872933,55.50891763,53.10538732,51.69881789,52.43037185,54.22048801,55.16692384,47.25255331,13.56756902,6.42E-05,0,0,0,0,0
11/1/2016,11,1,0,0,0,0,0,0,0,5.352276546,41.51528141,59.31601955,58.80388335,55.68226436,53.50840921,53.13764773,54.87604612,55.8163617,46.31813369,12.63834574,6.42E-05,0,0,0,0,0
11/2/2016,11,2,0,0,0,0,0,0,0,5.352276546,41.51528141,59.31601955,58.80388335,55.68226436,53.50840921,53.13764773,54.89006325,55.8163617,46.31813369,12.63834574,6.42E-05,0,0,0,0,0
11/3/2016,11,3,0,0,0,0,0,0,0,5.352276546,41.51528141,59.31601955,58.80388335,55.68226436,53.50840921,53.13764773,54.89006325,55.8163617,46.19353894,10.84188947,6.42E-05,0,0,0,0,0
11/4/2016,11,4,0,0,0,0,0,0,0,4.836156311,41.51528141,59.31601955,58.80388335,55.68226436,53.50840921,53.13764773,54.89006325,55.8163617,46.19353894,10.84188947,0,0,0,0,0,0
11/5/2016,11,5,0,0,0,0,0,0,0,4.836156311,41.51528141,59.31601955,58.80388335,55.68226436,53.50840921,53.13764773,54.89006325,55.8163617,46.19353894,10.84188947,0,0,0,0,0,0
11/6/2016,11,6,0,0,0,0,0,0,0,4.836156311,41.51528141,59.31601955,58.80388335,55.68226436,53.50840921,53.13764773,54.89006325,55.8163617,46.19353894,10.84188947,0,0,0,0,0,0
11/7/2016,11,7,0,0,0,0,0,0,0,4.836156311,41.51528141,59.31601955,58.80388335,55.68226436,53.50840921,53.13764773,54.89006325,55.8163617,46.19353894,10.84188947,0,0,0,0,0,0
11/8/2016,11,8,0,0,0,0,0,0,0,4.489662674,40.2450203,58.67963397,57.93236814,54.42592781,52.44985769,52.78031592,54.89006325,55.40485547,45.32117993,10.1286402,0,0,0,0,0,0
11/9/2016,11,9,0,0,0,0,0,0,0,3.842214614,37.77324148,56.35512581,56.50199771,53.51254991,51.71497836,52.51172248,54.68787406,55.40485547,45.32117993,9.768103179,0,0,0,0,0,0
11/10/2016,11,10,0,0,0,0,0,0,0,3.169369185,35.27447515,53.57488466,53.26989012,50.30757224,48.7161312,48.77849088,50.79790124,51.48869978,40.32679818,8.147204622,0,0,0,0,0,0
11/11/2016,11,11,0,0,0,0,0,0,0,3.169369185,35.27447515,53.70697396,53.26989012,50.30757224,48.7161312,48.77849088,50.79790124,51.48869978,40.32679818,8.147204622,0,0,0,0,0,0
11/12/2016,11,12,0,0,0,0,0,0,0,2.746689225,34.79653264,53.70697396,52.66309111,49.20857149,48.7161312,48.59600827,50.79790124,51.48869978,40.32679818,8.147204622,0,0,0,0,0,0
11/13/2016,11,13,0,0,0,0,0,0,0,2.746689225,34.79653264,53.70697396,52.66309111,49.20857149,48.7161312,48.59600827,50.79790124,51.48869978,40.32679818,8.147204622,0,0,0,0,0,0
11/14/2016,11,14,0,0,0,0,0,0,0,2.109749564,31.995086,54.96362738,54.70942135,50.92681113,48.89727867,49.63247488,51.95405286,52.26149693,40.32679818,8.147204622,0,0,0,0,0,0
11/15/2016,11,15,0,0,0,0,0,0,0,2.109749564,31.995086,54.96362738,54.70942135,50.92681113,48.89727867,49.63247488,51.95405286,52.26149693,40.32679818,8.147204622,0,0,0,0,0,0
11/16/2016,11,16,0,0,0,0,0,0,0,2.109749564,31.995086,54.96362738,54.70942135,50.92681113,48.89727867,49.63247488,51.95405286,52.26149693,40.32679818,7.061878761,0,0,0,0,0,0
11/17/2016,11,17,0,0,0,0,0,0,0,2.109749564,31.995086,54.96362738,54.70942135,50.92681113,48.89727867,49.63247488,51.95405286,52.26149693,39.00089223,6.636185403,0,0,0,0,0,0
11/18/2016,11,18,0,0,0,0,0,0,0,1.586481347,30.79046721,54.96362738,54.70942135,50.92681113,48.89727867,49.63247488,51.95405286,52.26149693,39.00089223,6.051050729,0,0,0,0,0,0
11/19/2016,11,19,0,0,0,0,0,0,0,1.586481347,30.79046721,54.96362738,54.70942135,50.92681113,48.89727867,49.63247488,51.95405286,52.26149693,39.00089223,5.676362177,0,0,0,0,0,0
11/20/2016,11,20,0,0,0,0,0,0,0,1.586481347,30.79046721,54.96362738,54.70942135,50.92681113,48.89727867,49.63247488,51.95405286,52.26149693,39.00089223,5.676362177,0,0,0,0,0,0
11/21/2016,11,21,0,0,0,0,0,0,0,1.298761115,27.54771236,52.04773657,52.2405193,49.06272853,47.87006543,47.36452658,49.25657937,50.10173724,36.9493069,5.676362177,0,0,0,0,0,0
11/22/2016,11,22,0,0,0,0,0,0,0,1.298761115,27.54771236,51.07438087,51.06560815,47.98073561,45.4357131,46.32184358,49.25657937,50.10173724,36.82801618,5.676362177,0,0,0,0,0,0
11/23/2016,11,23,0,0,0,0,0,0,0,1.103485799,22.17539678,49.67752765,51.06560815,47.98073561,45.4357131,46.32184358,49.25657937,50.10173724,36.82801618,5.484299087,0,0,0,0,0,0
11/24/2016,11,24,0,0,0,0,0,0,0,1.103485799,22.17539678,49.67752765,51.06560815,47.98073561,45.4357131,46.32184358,49.25657937,50.10173724,36.82801618,5.484299087,0,0,0,0,0,0
11/25/2016,11,25,0,0,0,0,0,0,0,0.728544516,22.17539678,49.67752765,50.63899176,47.98073561,45.4357131,46.04641781,49.25657937,49.45444628,36.82801618,5.484299087,0,0,0,0,0,0
11/26/2016,11,26,0,0,0,0,0,0,0,0.507455492,22.17539678,49.67752765,50.63899176,47.98073561,46.89574843,46.04641781,49.25657937,49.45444628,36.82801618,5.484299087,0,0,0,0,0,0
11/27/2016,11,27,0,0,0,0,0,0,0,0.548861683,22.96976259,52.06026547,53.71947082,49.93848057,47.75321091,48.30469262,51.07508226,51.79947634,36.82801618,4.52854624,0,0,0,0,0,0
11/28/2016,11,28,0,0,0,0,0,0,0,0.548861683,22.96976259,52.06026547,53.71947082,49.93848057,47.75321091,48.30469262,51.07508226,51.79947634,36.82801618,4.52854624,0,0,0,0,0,0
11/29/2016,11,29,0,0,0,0,0,0,0,0.548861683,22.96976259,52.06026547,53.71947082,49.93848057,47.75321091,48.30469262,51.07508226,51.79947634,36.67905078,4.481272695,0,0,0,0,0,0
11/30/2016,11,30,0,0,0,0,0,0,0,0.548861683,22.96976259,52.06026547,53.71947082,49.93848057,47.75321091,48.30469262,51.07508226,51.79947634,36.67905078,4.481272695,0,0,0,0,0,0
12/1/2016,12,1,0,0,0,0,0,0,0,0.548861683,22.96976259,52.06026547,53.71947082,49.93848057,47.75321091,48.30469262,51.07508226,51.79947634,36.67905078,4.481272695,0,0,0,0,0,0
12/2/2016,12,2,0,0,0,0,0,0,0,0.548861683,22.96976259,52.06026547,53.71947082,49.93848057,47.75321091,48.30469262,51.07508226,51.79947634,36.67905078,4.481272695,0,0,0,0,0,0
12/3/2016,12,3,0,0,0,0,0,0,0,0.548861683,22.96976259,52.06026547,53.71947082,49.93848057,47.75321091,48.30469262,51.07508226,51.79947634,36.67905078,4.481272695,0,0,0,0,0,0
12/4/2016,12,4,0,0,0,0,0,0,0,0.538510382,22.02529208,50.9929626,53.25408925,49.58014829,46.10028248,46.81544455,49.20885276,50.16755759,35.58943157,4.396627843,0,0,0,0,0,0
12/5/2016,12,5,0,0,0,0,0,0,0,0.538510382,21.49078971,50.9929626,52.05470419,48.2102826,46.10028248,46.81544455,49.20885276,50.16755759,35.58943157,4.396627843,0,0,0,0,0,0
12/6/2016,12,6,0,0,0,0,0,0,0,0.538510382,19.2542865,47.79618443,50.7623475,47.83383522,44.756856,45.14987685,47.93488531,47.8510282,32.35316548,3.656757327,0,0,0,0,0,0
12/7/2016,12,7,0,0,0,0,0,0,0,0.538510382,18.90248392,46.48481543,48.84464589,46.36592438,44.756856,45.06206773,47.57583741,47.8510282,28.72034488,3.656757327,0,0,0,0,0,0
12/8/2016,12,8,0,0,0,0,0,0,0,0.335734427,18.30817287,46.48481543,48.84464589,46.36592438,44.756856,45.06206773,47.30334539,47.8510282,28.72034488,2.870678483,0,0,0,0,0,0
12/9/2016,12,9,0,0,0,0,0,0,0,0.335734427,18.30817287,46.48481543,48.84464589,46.36592438,45.63160046,46.45782435,48.07210153,49.45602352,35.75309413,4.126004997,0,0,0,0,0,0
12/10/2016,12,10,0,0,0,0,0,0,0,0.335734427,18.30817287,46.48481543,48.69416735,43.58891247,45.63160046,46.45782435,48.07210153,49.45602352,35.75309413,4.126004997,0,0,0,0,0,0
12/11/2016,12,11,0,0,0,0,0,0,0,0.103871492,18.30817287,46.00027201,47.80344044,43.07726049,45.63160046,47.06125525,49.85669558,50.65352871,35.75309413,4.126004997,0,0,0,0,0,0
12/12/2016,12,12,0,0,0,0,0,0,0,0.04523843,18.30817287,46.00027201,47.80344044,42.59024262,45.63160046,47.06125525,49.85669558,50.65352871,35.75309413,4.126004997,0,0,0,0,0,0
12/13/2016,12,13,0,0,0,0,0,0,0,0.04523843,18.30817287,46.00027201,47.80344044,42.59024262,45.63160046,47.06125525,49.85669558,50.65352871,35.75309413,4.126004997,0,0,0,0,0,0
12/14/2016,12,14,0,0,0,0,0,0,0,0.04523843,18.30817287,46.00027201,42.15131096,47.55460699,45.63160046,47.06125525,49.85669558,50.65352871,35.75309413,4.352948472,0,0,0,0,0,0
12/15/2016,12,15,0,0,0,0,0,0,0,0.04523843,18.30817287,46.00027201,52.08175223,48.19871855,45.63160046,47.06125525,49.85669558,50.65352871,35.75309413,4.352948472,0,0,0,0,0,0
12/16/2016,12,16,0,0,0,0,0,0,0,0.04523843,13.87600909,46.76116333,52.17767185,48.77859413,45.7291436,47.06125525,49.85669558,50.65352871,35.38175943,4.72406154,0,0,0,0,0,0
12/17/2016,12,17,0,0,0,0,0,0,0,0.021198856,13.87600909,46.76116333,52.17767185,48.77859413,45.7291436,47.06125525,49.85669558,50.65352871,35.38175943,4.72406154,0,0,0,0,0,0
12/18/2016,12,18,0,0,0,0,0,0,0,0.021198856,13.87600909,46.76116333,52.17767185,48.77859413,45.7291436,45.43025507,48.06950603,49.1099104,35.38175943,4.864085102,0,0,0,0,0,0
12/19/2016,12,19,0,0,0,0,0,0,0,0.021198856,13.87600909,46.76116333,52.17767185,48.77859413,45.7291436,45.43025507,48.06950603,49.1099104,35.38175943,4.864085102,0,0,0,0,0,0
12/20/2016,12,20,0,0,0,0,0,0,0,0.027944657,13.87600909,46.76116333,52.17767185,48.77859413,45.7291436,45.43025507,48.06950603,49.1099104,35.38175943,4.873746577,0,0,0,0,0,0
12/21/2016,12,21,0,0,0,0,0,0,0,0.027944657,13.87600909,46.76116333,52.17767185,48.77859413,45.7291436,45.43025507,48.06950603,49.1099104,35.38175943,4.873746577,0,0,0,0,0,0
12/22/2016,12,22,0,0,0,0,0,0,0,0.027944657,13.87600909,46.76116333,52.17767185,48.78850617,45.87161846,45.43025507,48.06950603,49.1099104,35.38175943,4.873746577,0,0,0,0,0,0
12/23/2016,12,23,0,0,0,0,0,0,0,0.027944657,12.33379357,44.93970533,50.42913,48.78850617,45.87161846,44.49176596,47.34805637,48.85726024,35.13994701,4.917753942,0,0,0,0,0,0
12/24/2016,12,24,0,0,0,0,0,0,0,0.027944657,11.77565043,44.7647422,50.75880495,48.78850617,45.87161846,45.27838442,48.5444436,49.86956983,37.68713778,6.11196535,0,0,0,0,0,0
12/25/2016,12,25,0,0,0,0,0,0,0,0.027944657,10.81894117,45.15752094,52.09409244,48.78850617,45.87161846,45.27838442,48.5444436,50.01028588,37.97458687,6.173039293,0,0,0,0,0,0
12/26/2016,12,26,0,0,0,0,0,0,0,0.027944657,10.81894117,45.15752094,52.09409244,48.78850617,45.87161846,45.27838442,48.5444436,50.01028588,37.97458687,6.173039293,0,0,0,0,0,0
12/27/2016,12,27,0,0,0,0,0,0,0,0.003640504,10.81894117,45.15752094,52.09409244,48.78850617,45.87161846,45.49690498,48.5444436,50.01028588,37.97458687,6.431386908,0,0,0,0,0,0
12/28/2016,12,28,0,0,0,0,0,0,0,0.003640504,10.81894117,45.15752094,52.09409244,48.78850617,45.87161846,45.49690498,48.5444436,50.01028588,37.97458687,6.431386908,0,0,0,0,0,0
12/29/2016,12,29,0,0,0,0,0,0,0,0.003640504,10.79741258,45.15752094,52.09409244,48.27467168,45.70046135,45.7232156,48.5444436,50.01028588,38.59492592,6.898207309,0,0,0,0,0,0
12/30/2016,12,30,0,0,0,0,0,0,0,0.003640504,10.79741258,45.15752094,52.09409244,48.27467168,45.70046135,45.7232156,48.5444436,50.01028588,38.59492592,6.898207309,0,0,0,0,0,0
12/31/2016,12,31,0,0,0,0,0,0,0,0.003640504,10.79741258,45.15752094,52.09409244,48.41633122,45.70046135,45.7232156,48.3245345,50.01028588,41.2421948,13.0184309,0,0,0,0,0,0
1/1/2016,1,1,0,0,0,0,0,0,0.003640504,0,10.79741258,45.15752094,52.09409244,48.41633122,45.70046135,45.7232156,48.3245345,50.01028588,41.2421948,13.0184309,0,0,0,0,0,0
1/2/2016,1,2,0,0,0,0,0,0.587565781,0.263149118,3.301939574,39.2221863,61.57434064,62.89407293,61.71364322,59.44238734,58.68806845,60.75478886,61.96591598,59.95633577,40.49701179,5.493347293,3.831732476,3.507315738,0,0,0
1/3/2016,1,3,0,0,0,0,0,0.587565781,0.263149118,3.301939574,39.2221863,61.57434064,62.89407293,61.71364322,59.44238734,58.68806845,60.75478886,61.96591598,59.95633577,40.49701179,5.493347293,3.831732476,3.507315738,0,0,0
1/4/2016,1,4,0,0,0,0,0,0.587565781,0.263149118,3.301939574,39.2221863,61.57434064,62.89407293,61.71364322,59.44238734,58.68806845,60.75478886,61.96591598,59.95633577,40.49701179,5.493347293,3.831732476,3.507315738,0,0,0
1/5/2016,1,5,0,0,0,0,0,0.587565781,0.263149118,3.301939574,39.2221863,61.57434064,62.89407293,61.71364322,59.44238734,58.68806845,60.75478886,61.96591598,59.95633577,40.49701179,5.493347293,3.831732476,3.507315738,0,0,0
1/6/2016,1,6,0,0,0,0,0,0.587565781,0.263149118,3.301939574,39.2221863,61.57434064,62.89407293,61.71364322,59.44238734,58.68806845,60.75478886,61.96591598,59.95633577,40.49701179,5.493347293,3.831732476,3.507315738,0,0,0
1/7/2016,1,7,0,0,0,0,0,0.587565781,0.263149118,3.301939574,39.2221863,61.57434064,62.89407293,61.71364322,59.44238734,58.68806845,60.75478886,61.96591598,59.95633577,40.49701179,5.493347293,3.831732476,3.507315738,0,0,0
1/8/2016,1,8,0,0,0,0,0,0.587565781,0.263149118,3.301939574,39.2221863,61.57434064,62.89407293,61.71364322,59.44238734,58.68806845,60.75478886,61.96591598,59.95633577,40.49701179,5.493347293,3.831732476,3.507315738,0,0,0
1/9/2016,1,9,0,0,0,0,0,0.587565781,0.263149118,3.301939574,39.2221863,61.57434064,62.89407293,61.71364322,59.44238734,58.68806845,60.75478886,61.96591598,59.95633577,40.49701179,5.493347293,3.831732476,3.507315738,0,0,0
1/10/2016,1,10,0,0,0,0,0,0.587565781,0.263149118,3.301939574,39.2221863,61.57434064,62.89407293,61.71364322,59.44238734,58.68806845,60.75478886,61.96591598,59.95633577,40.49701179,5.493347293,3.831732476,3.507315738,0,0,0
1/11/2016,1,11,0,0,0,0,0,0.587565781,0.263149118,3.301939574,39.2221863,61.57434064,62.89407293,61.71364322,59.44238734,58.68806845,60.75478886,61.96591598,59.95633577,40.49701179,5.493347293,3.831732476,3.507315738,0,0,0
1/12/2016,1,12,0,0,0,0,0,0.587565781,0.263149118,3.301939574,39.2221863,61.57434064,62.89407293,61.71364322,59.44238734,58.68806845,60.75478886,61.96591598,59.95633577,40.49701179,5.493347293,3.831732476,3.507315738,0,0,0
1/13/2016,1,13,0,0,0,0,0,0.587565781,0.263149118,3.301939574,39.2221863,61.57434064,62.89407293,61.71364322,59.44238734,58.68806845,60.75478886,61.96591598,59.95633577,40.49701179,5.493347293,3.831732476,3.507315738,0,0,0
1/14/2016,1,14,0,0,0,0,0,0.587565781,0.263149118,3.301939574,39.2221863,61.57434064,62.89407293,61.71364322,59.44238734,58.68806845,60.75478886,61.96591598,59.95633577,40.49701179,5.493347293,3.831732476,3.507315738,0,0,0
1/15/2016,1,15,0,0,0,0,0,0.587565781,0.263149118,3.301939574,39.2221863,61.57434064,62.89407293,61.71364322,59.44238734,58.68806845,60.75478886,61.96591598,59.95633577,40.49701179,5.493347293,3.831732476,3.507315738,0,0,0
1/16/2016,1,16,0,0,0,0,0,0.587565781,0.263149118,3.301939574,39.2221863,61.57434064,62.89407293,61.71364322,59.44238734,58.68806845,60.75478886,61.96591598,59.95633577,40.49701179,5.493347293,3.831732476,3.507315738,0,0,0
