SandHills,Month,Day,1,2,3,4,5,6,7,8,9,10,11,12,13,14,15,16,17,18,19,20,21,22,23,24
1/1/2016,1,1,0.00,0.00,0.00,0.00,0.00,0.00,0.00,0.00,0.90,10.61,14.79,15.81,15.64,15.73,15.83,16.22,11.98,2.12,0.00,0.00,0.00,0.00,0.00,0.00
1/2/2016,1,2,0.00,0.00,0.00,0.00,0.00,0.00,0.00,0.00,0.90,7.88,13.28,15.81,15.64,15.73,15.83,16.22,12.27,2.49,0.00,0.00,0.00,0.00,0.00,0.00
1/3/2016,1,3,0.00,0.00,0.00,0.00,0.00,0.00,0.00,0.00,0.90,7.88,13.28,15.81,15.91,15.99,15.83,16.22,12.65,2.75,0.00,0.00,0.00,0.00,0.00,0.00
1/4/2016,1,4,0.00,0.00,0.00,0.00,0.00,0.00,0.00,0.00,0.90,8.92,15.62,16.60,16.02,15.99,15.83,15.78,12.85,3.00,0.00,0.00,0.00,0.00,0.00,0.00
1/5/2016,1,5,0.00,0.00,0.00,0.00,0.00,0.00,0.00,0.00,0.90,8.92,15.62,16.60,16.02,15.99,15.83,15.78,12.85,3.00,0.00,0.00,0.00,0.00,0.00,0.00
1/6/2016,1,6,0.00,0.00,0.00,0.00,0.00,0.00,0.00,0.00,0.71,8.92,15.62,16.60,16.02,15.99,15.78,15.78,12.85,3.04,0.00,0.00,0.00,0.00,0.00,0.00
1/7/2016,1,7,0.00,0.00,0.00,0.00,0.00,0.00,0.00,0.00,0.81,8.92,15.62,16.60,16.02,15.99,15.89,15.78,12.85,3.04,0.00,0.00,0.00,0.00,0.00,0.00
1/8/2016,1,8,0.00,0.00,0.00,0.00,0.00,0.00,0.00,0.00,0.81,8.92,15.62,16.60,16.02,15.99,15.78,15.78,12.85,3.04,0.00,0.00,0.00,0.00,0.00,0.00
1/9/2016,1,9,0.00,0.00,0.00,0.00,0.00,0.00,0.00,0.00,0.81,8.92,15.62,16.60,16.02,15.99,15.78,15.78,12.85,3.04,0.00,0.00,0.00,0.00,0.00,0.00
1/10/2016,1,10,0.00,0.00,0.00,0.00,0.00,0.00,0.00,0.00,0.81,9.43,16.03,16.60,16.35,15.74,16.11,15.69,13.16,3.87,0.00,0.00,0.00,0.00,0.00,0.00
1/11/2016,1,11,0.00,0.00,0.00,0.00,0.00,0.00,0.00,0.00,0.81,9.43,16.03,16.44,16.35,15.59,16.11,15.76,13.16,3.87,0.00,0.00,0.00,0.00,0.00,0.00
1/12/2016,1,12,0.00,0.00,0.00,0.00,0.00,0.00,0.00,0.00,0.81,9.43,16.03,16.44,16.35,15.59,16.11,16.86,14.28,4.46,0.00,0.00,0.00,0.00,0.00,0.00
1/13/2016,1,13,0.00,0.00,0.00,0.00,0.00,0.00,0.00,0.00,1.09,11.13,16.44,16.82,16.41,16.31,16.51,16.86,14.28,4.46,0.00,0.00,0.00,0.00,0.00,0.00
1/14/2016,1,14,0.00,0.00,0.00,0.00,0.00,0.00,0.00,0.00,1.09,11.13,16.44,16.82,16.41,16.31,16.51,16.86,14.28,4.46,0.00,0.00,0.00,0.00,0.00,0.00
1/15/2016,1,15,0.00,0.00,0.00,0.00,0.00,0.00,0.00,0.00,1.09,11.13,16.44,16.82,16.41,16.31,16.51,16.86,14.28,4.46,0.00,0.00,0.00,0.00,0.00,0.00
1/16/2016,1,16,0.00,0.00,0.00,0.00,0.00,0.00,0.00,0.00,1.15,11.13,16.44,16.82,16.41,16.31,16.51,16.86,14.28,4.46,0.00,0.00,0.00,0.00,0.00,0.00
1/17/2016,1,17,0.00,0.00,0.00,0.00,0.00,0.00,0.00,0.00,1.18,11.13,16.44,16.82,16.41,16.31,16.51,16.86,14.28,4.80,0.00,0.00,0.00,0.00,0.00,0.00
1/18/2016,1,18,0.00,0.00,0.00,0.00,0.00,0.00,0.00,0.00,1.18,11.13,16.44,16.82,16.41,16.31,16.51,16.86,14.28,5.00,0.00,0.00,0.00,0.00,0.00,0.00
1/19/2016,1,19,0.00,0.00,0.00,0.00,0.00,0.00,0.00,0.00,1.18,11.13,16.44,16.82,16.48,16.45,16.51,16.60,14.37,5.28,0.00,0.00,0.00,0.00,0.00,0.00
1/20/2016,1,20,0.00,0.00,0.00,0.00,0.00,0.00,0.00,0.00,1.18,10.98,16.38,16.94,16.60,16.45,16.57,16.34,14.50,5.53,0.00,0.00,0.00,0.00,0.00,0.00
1/21/2016,1,21,0.00,0.00,0.00,0.00,0.00,0.00,0.00,0.00,1.18,10.98,15.92,17.09,16.60,16.45,16.57,16.35,14.66,5.83,0.00,0.00,0.00,0.00,0.00,0.00
1/22/2016,1,22,0.00,0.00,0.00,0.00,0.00,0.00,0.00,0.00,1.18,10.98,15.92,17.09,16.66,16.45,16.57,16.36,14.69,6.15,0.00,0.00,0.00,0.00,0.00,0.00
1/23/2016,1,23,0.00,0.00,0.00,0.00,0.00,0.00,0.00,0.00,1.18,10.83,16.65,17.09,16.66,16.45,16.57,16.42,14.97,6.61,0.00,0.00,0.00,0.00,0.00,0.00
1/24/2016,1,24,0.00,0.00,0.00,0.00,0.00,0.00,0.00,0.00,0.97,10.22,16.65,17.09,16.66,16.88,16.57,16.42,14.97,6.61,0.00,0.00,0.00,0.00,0.00,0.00
1/25/2016,1,25,0.00,0.00,0.00,0.00,0.00,0.00,0.00,0.00,1.20,10.22,16.65,17.09,16.66,16.88,16.57,16.42,14.97,6.61,0.00,0.00,0.00,0.00,0.00,0.00
1/26/2016,1,26,0.00,0.00,0.00,0.00,0.00,0.00,0.00,0.00,1.20,10.22,16.65,17.09,16.66,16.88,16.57,16.42,14.97,6.61,0.05,0.00,0.00,0.00,0.00,0.00
1/27/2016,1,27,0.00,0.00,0.00,0.00,0.00,0.00,0.00,0.00,1.20,10.22,16.65,17.09,16.66,16.88,16.54,16.42,14.97,6.61,0.05,0.00,0.00,0.00,0.00,0.00
1/28/2016,1,28,0.00,0.00,0.00,0.00,0.00,0.00,0.00,0.00,1.20,10.22,16.65,16.95,16.66,16.88,16.54,16.42,14.97,6.94,0.05,0.00,0.00,0.00,0.00,0.00
1/29/2016,1,29,0.00,0.00,0.00,0.00,0.00,0.00,0.00,0.00,1.20,10.22,16.65,16.95,16.62,16.88,16.54,16.42,14.97,6.94,0.05,0.00,0.00,0.00,0.00,0.00
1/30/2016,1,30,0.00,0.00,0.00,0.00,0.00,0.00,0.00,0.00,1.20,10.22,16.43,16.90,16.14,16.88,16.09,15.66,15.61,6.94,0.19,0.00,0.00,0.00,0.00,0.00
1/31/2016,1,31,0.00,0.00,0.00,0.00,0.00,0.00,0.00,0.00,1.71,13.06,16.10,16.63,15.94,16.24,16.25,16.32,15.61,6.94,0.19,0.00,0.00,0.00,0.00,0.00
2/1/2016,2,1,0.00,0.00,0.00,0.00,0.00,0.00,0.00,0.00,2.05,13.20,16.10,16.63,15.94,16.24,16.25,16.32,15.61,7.99,0.23,0.00,0.00,0.00,0.00,0.00
2/2/2016,2,2,0.00,0.00,0.00,0.00,0.00,0.00,0.00,0.00,2.05,13.30,16.13,16.63,16.24,16.28,16.25,16.32,15.61,8.42,0.28,0.00,0.00,0.00,0.00,0.00
2/3/2016,2,3,0.00,0.00,0.00,0.00,0.00,0.00,0.00,0.00,2.25,13.49,16.25,16.63,16.24,16.28,16.25,16.32,15.61,8.42,0.28,0.00,0.00,0.00,0.00,0.00
2/4/2016,2,4,0.00,0.00,0.00,0.00,0.00,0.00,0.00,0.00,2.25,13.49,16.25,16.63,16.24,16.28,16.25,16.32,15.61,8.42,0.28,0.00,0.00,0.00,0.00,0.00
2/5/2016,2,5,0.00,0.00,0.00,0.00,0.00,0.00,0.00,0.00,2.41,13.78,16.25,16.63,16.24,16.28,16.25,16.32,15.61,9.38,0.28,0.00,0.00,0.00,0.00,0.00
2/6/2016,2,6,0.00,0.00,0.00,0.00,0.00,0.00,0.00,0.00,2.64,13.78,16.25,16.63,16.24,16.28,16.25,16.32,15.40,9.38,0.46,0.00,0.00,0.00,0.00,0.00
2/7/2016,2,7,0.00,0.00,0.00,0.00,0.00,0.00,0.00,0.00,2.68,13.80,16.25,16.49,16.24,16.28,16.14,16.09,15.40,9.38,0.46,0.00,0.00,0.00,0.00,0.00
2/8/2016,2,8,0.00,0.00,0.00,0.00,0.00,0.00,0.00,0.00,2.89,14.06,16.35,16.49,16.24,16.30,16.40,16.49,15.84,10.27,0.56,0.00,0.00,0.00,0.00,0.00
2/9/2016,2,9,0.00,0.00,0.00,0.00,0.00,0.00,0.00,0.00,2.89,14.06,16.35,16.78,16.54,16.44,16.42,16.70,15.84,10.27,0.56,0.00,0.00,0.00,0.00,0.00
2/10/2016,2,10,0.00,0.00,0.00,0.00,0.00,0.00,0.00,0.00,3.11,14.34,16.62,16.78,16.54,16.44,16.42,16.70,15.84,10.27,0.56,0.00,0.00,0.00,0.00,0.00
2/11/2016,2,11,0.00,0.00,0.00,0.00,0.00,0.00,0.00,0.00,3.11,14.54,16.62,16.78,16.61,16.44,16.42,16.70,15.84,10.27,0.56,0.00,0.00,0.00,0.00,0.00
2/12/2016,2,12,0.00,0.00,0.00,0.00,0.00,0.00,0.00,0.00,3.11,14.54,16.62,16.78,16.61,16.44,16.42,16.70,15.84,10.27,0.56,0.00,0.00,0.00,0.00,0.00
2/13/2016,2,13,0.00,0.00,0.00,0.00,0.00,0.00,0.00,0.00,3.67,15.23,17.08,17.27,17.31,17.20,17.14,16.70,16.03,10.96,0.85,0.00,0.00,0.00,0.00,0.00
2/14/2016,2,14,0.00,0.00,0.00,0.00,0.00,0.00,0.00,0.00,3.94,15.23,17.08,17.27,17.31,17.20,17.14,16.70,16.03,11.35,0.93,0.00,0.00,0.00,0.00,0.00
2/15/2016,2,15,0.00,0.00,0.00,0.00,0.00,0.00,0.00,0.00,3.95,15.23,17.08,17.27,17.31,17.20,17.14,16.99,16.72,11.35,1.02,0.00,0.00,0.00,0.00,0.00
2/16/2016,2,16,0.00,0.00,0.00,0.00,0.00,0.00,0.00,0.00,3.95,15.23,17.08,17.34,17.31,17.57,17.53,17.39,16.84,12.13,1.20,0.00,0.00,0.00,0.00,0.00
2/17/2016,2,17,0.00,0.00,0.00,0.00,0.00,0.00,0.00,0.00,4.51,15.29,17.08,17.34,17.31,17.57,17.53,17.39,16.84,12.13,1.20,0.00,0.00,0.00,0.00,0.00
2/18/2016,2,18,0.00,0.00,0.00,0.00,0.00,0.00,0.00,0.00,4.51,15.29,17.08,17.34,17.31,17.57,17.53,17.39,16.84,12.13,1.20,0.00,0.00,0.00,0.00,0.00
2/19/2016,2,19,0.00,0.00,0.00,0.00,0.00,0.00,0.00,0.00,4.72,15.98,17.63,17.65,17.59,17.57,17.53,17.40,16.84,12.24,1.45,0.00,0.00,0.00,0.00,0.00
2/20/2016,2,20,0.00,0.00,0.00,0.00,0.00,0.00,0.00,0.00,4.72,15.98,17.63,17.65,17.59,17.57,17.53,17.40,16.84,12.24,1.45,0.00,0.00,0.00,0.00,0.00
2/21/2016,2,21,0.00,0.00,0.00,0.00,0.00,0.00,0.00,0.00,4.72,15.98,17.63,17.65,17.59,17.57,17.53,17.40,16.84,12.24,1.45,0.00,0.00,0.00,0.00,0.00
2/22/2016,2,22,0.00,0.00,0.00,0.00,0.00,0.00,0.00,0.00,4.72,15.98,17.63,17.65,17.59,17.57,17.53,17.40,16.84,12.24,1.45,0.00,0.00,0.00,0.00,0.00
2/23/2016,2,23,0.00,0.00,0.00,0.00,0.00,0.00,0.00,0.00,4.72,15.98,17.63,17.65,17.59,17.53,17.46,17.40,16.63,12.24,1.45,0.00,0.00,0.00,0.00,0.00
2/24/2016,2,24,0.00,0.00,0.00,0.00,0.00,0.00,0.00,0.00,5.55,16.13,17.63,17.65,17.59,17.53,17.46,17.40,16.63,12.24,1.45,0.00,0.00,0.00,0.00,0.00
2/25/2016,2,25,0.00,0.00,0.00,0.00,0.00,0.00,0.00,0.00,5.55,16.13,17.63,17.65,17.59,17.53,17.46,17.40,16.63,12.24,1.45,0.00,0.00,0.00,0.00,0.00
2/26/2016,2,26,0.00,0.00,0.00,0.00,0.00,0.00,0.00,0.00,6.44,16.48,17.67,17.67,17.65,17.61,17.50,17.34,16.94,13.04,2.06,0.00,0.00,0.00,0.00,0.00
2/27/2016,2,27,0.00,0.00,0.00,0.00,0.00,0.00,0.00,0.05,6.60,16.48,17.67,17.67,17.65,17.61,17.50,17.34,16.94,13.04,2.06,0.00,0.00,0.00,0.00,0.00
2/28/2016,2,28,0.00,0.00,0.00,0.00,0.00,0.00,0.00,0.08,6.89,16.51,17.67,17.67,17.65,17.61,17.61,17.56,17.08,13.04,2.14,0.00,0.00,0.00,0.00,0.00
3/1/2016,3,1,0.00,0.00,0.00,0.00,0.00,0.00,0.00,0.14,6.89,16.51,17.67,17.67,17.65,17.61,17.61,17.56,17.08,13.04,2.14,0.00,0.00,0.00,0.00,0.00
3/2/2016,3,2,0.00,0.00,0.00,0.00,0.00,0.00,0.00,0.14,6.93,16.51,17.67,17.67,17.65,17.61,17.61,17.62,17.24,13.04,2.35,0.00,0.00,0.00,0.00,0.00
3/3/2016,3,3,0.00,0.00,0.00,0.00,0.00,0.00,0.00,0.19,6.93,16.51,17.67,17.67,17.65,17.61,17.61,17.62,17.24,13.04,2.35,0.00,0.00,0.00,0.00,0.00
3/4/2016,3,4,0.00,0.00,0.00,0.00,0.00,0.00,0.00,0.19,6.93,16.51,17.67,17.67,17.65,17.61,17.61,17.62,17.24,13.04,2.35,0.00,0.00,0.00,0.00,0.00
3/5/2016,3,5,0.00,0.00,0.00,0.00,0.00,0.00,0.00,0.19,6.93,16.51,17.63,17.63,17.60,17.56,17.61,17.62,17.24,13.62,2.42,0.00,0.00,0.00,0.00,0.00
3/6/2016,3,6,0.00,0.00,0.00,0.00,0.00,0.00,0.00,0.37,7.58,16.51,17.63,17.63,17.60,17.56,17.61,17.62,17.24,13.62,2.42,0.00,0.00,0.00,0.00,0.00
3/7/2016,3,7,0.00,0.00,0.00,0.00,0.00,0.00,0.00,0.37,7.58,16.34,17.63,17.61,17.54,17.53,17.56,17.62,17.24,13.62,2.46,0.00,0.00,0.00,0.00,0.00
3/8/2016,3,8,0.00,0.00,0.00,0.00,0.00,0.00,0.00,0.37,7.58,16.34,17.63,17.60,17.54,17.45,17.56,17.62,17.24,13.62,2.80,0.00,0.00,0.00,0.00,0.00
3/9/2016,3,9,0.00,0.00,0.00,0.00,0.00,0.00,0.00,0.72,7.58,16.20,17.48,17.54,17.53,17.45,17.19,17.31,16.92,13.62,2.80,0.00,0.00,0.00,0.00,0.00
3/10/2016,3,10,0.00,0.00,0.00,0.00,0.00,0.00,0.00,0.72,7.58,16.20,17.48,17.54,17.53,17.45,17.19,17.31,16.92,13.62,2.80,0.00,0.00,0.00,0.00,0.00
3/11/2016,3,11,0.00,0.00,0.00,0.00,0.00,0.00,0.00,0.72,7.58,16.20,17.48,17.54,17.53,17.48,17.69,17.70,17.65,13.92,2.80,0.00,0.00,0.00,0.00,0.00
3/12/2016,3,12,0.00,0.00,0.00,0.00,0.00,0.00,0.00,0.72,7.84,16.37,17.48,17.54,17.53,17.48,17.69,17.70,17.65,13.92,2.80,0.00,0.00,0.00,0.00,0.00
3/13/2016,3,13,0.00,0.00,0.00,0.00,0.00,0.00,0.00,0.72,7.84,16.37,17.61,17.43,17.19,17.48,17.69,17.70,17.65,13.92,2.80,0.00,0.00,0.00,0.00,0.00
3/14/2016,3,14,0.00,0.00,0.00,0.00,0.00,0.00,0.00,0.93,8.77,16.37,17.61,17.01,17.03,17.48,17.69,17.70,17.65,13.92,2.80,0.00,0.00,0.00,0.00,0.00
3/15/2016,3,15,0.00,0.00,0.00,0.00,0.00,0.00,0.00,0.93,8.77,16.43,17.61,17.29,17.36,17.48,17.69,17.70,17.65,13.92,3.01,0.00,0.00,0.00,0.00,0.00
3/16/2016,3,16,0.00,0.00,0.00,0.00,0.00,0.00,0.00,0.93,8.77,16.43,17.61,17.29,17.36,17.48,17.69,17.70,17.65,13.92,3.01,0.00,0.00,0.00,0.00,0.00
3/17/2016,3,17,0.00,0.00,0.00,0.00,0.00,0.00,0.00,0.93,8.77,16.43,17.61,17.29,17.36,17.48,17.69,17.70,17.65,13.92,3.01,0.00,0.00,0.00,0.00,0.00
3/18/2016,3,18,0.00,0.00,0.00,0.00,0.00,0.00,0.00,0.93,8.77,16.43,17.61,17.29,17.36,17.24,16.76,16.44,15.68,12.64,3.01,0.00,0.00,0.00,0.00,0.00
3/19/2016,3,19,0.00,0.00,0.00,0.00,0.00,0.00,0.00,1.04,9.66,16.60,17.61,17.29,17.36,17.24,17.62,17.49,16.76,12.64,3.05,0.00,0.00,0.00,0.00,0.00
3/20/2016,3,20,0.00,0.00,0.00,0.00,0.00,0.00,0.00,1.04,9.66,16.60,17.35,17.29,17.36,17.24,17.62,17.49,16.76,12.64,3.05,0.00,0.00,0.00,0.00,0.00
3/21/2016,3,21,0.00,0.00,0.00,0.00,0.00,0.00,0.00,1.14,10.60,16.60,17.35,17.29,17.36,17.24,17.62,17.49,16.76,12.64,3.05,0.00,0.00,0.00,0.00,0.00
3/22/2016,3,22,0.00,0.00,0.00,0.00,0.00,0.00,0.00,1.14,10.60,16.60,17.11,16.59,16.69,17.19,17.62,17.49,16.76,11.90,3.09,0.00,0.00,0.00,0.00,0.00
3/23/2016,3,23,0.00,0.00,0.00,0.00,0.00,0.00,0.00,1.46,10.60,16.60,17.11,16.75,17.47,17.19,17.62,17.49,16.76,11.90,3.09,0.00,0.00,0.00,0.00,0.00
3/24/2016,3,24,0.00,0.00,0.00,0.00,0.00,0.00,0.00,1.46,10.60,16.60,17.11,16.75,17.47,17.19,17.62,17.49,16.76,11.90,3.09,0.00,0.00,0.00,0.00,0.00
3/25/2016,3,25,0.00,0.00,0.00,0.00,0.00,0.00,0.00,1.63,11.22,17.41,17.73,17.73,17.47,16.67,17.62,17.49,16.76,11.90,3.09,0.00,0.00,0.00,0.00,0.00
3/26/2016,3,26,0.00,0.00,0.00,0.00,0.00,0.00,0.00,1.78,11.48,17.43,17.73,17.73,17.71,17.70,17.69,17.64,17.37,14.15,3.09,0.00,0.00,0.00,0.00,0.00
3/27/2016,3,27,0.00,0.00,0.00,0.00,0.00,0.00,0.00,1.78,11.48,17.43,17.73,17.73,17.71,17.70,17.69,17.64,17.37,14.15,3.09,0.00,0.00,0.00,0.00,0.00
3/28/2016,3,28,0.00,0.00,0.00,0.00,0.00,0.00,0.00,1.78,11.48,17.43,17.73,17.73,17.71,17.70,17.69,17.64,17.37,14.15,3.09,0.00,0.00,0.00,0.00,0.00
3/29/2016,3,29,0.00,0.00,0.00,0.00,0.00,0.00,0.00,1.78,11.48,17.43,17.73,17.73,17.71,17.70,17.69,17.64,17.37,14.15,3.04,0.00,0.00,0.00,0.00,0.00
3/30/2016,3,30,0.00,0.00,0.00,0.00,0.00,0.00,0.00,1.92,11.48,17.43,17.73,17.73,17.71,17.70,17.69,17.64,17.37,14.15,3.04,0.00,0.00,0.00,0.00,0.00
3/31/2016,3,31,0.00,0.00,0.00,0.00,0.00,0.00,0.00,2.03,11.48,17.43,17.73,17.73,17.71,17.70,17.69,17.64,17.37,14.15,3.04,0.00,0.00,0.00,0.00,0.00
4/1/2016,4,1,0.00,0.00,0.00,0.00,0.00,0.00,0.00,2.35,11.76,17.43,17.72,17.72,17.71,17.70,17.69,17.64,17.37,14.15,3.04,0.00,0.00,0.00,0.00,0.00
4/2/2016,4,2,0.00,0.00,0.00,0.00,0.00,0.00,0.00,2.35,11.76,17.10,17.44,17.45,17.41,17.41,17.31,17.23,16.67,13.85,3.23,0.00,0.00,0.00,0.00,0.00
4/3/2016,4,3,0.00,0.00,0.00,0.00,0.00,0.00,0.00,2.57,12.00,17.10,17.44,17.45,17.41,17.41,17.31,17.23,16.67,13.85,3.23,0.00,0.00,0.00,0.00,0.00
4/4/2016,4,4,0.00,0.00,0.00,0.00,0.00,0.00,0.00,2.57,12.00,17.10,17.43,17.42,17.41,17.41,17.31,17.23,16.67,13.85,4.40,0.00,0.00,0.00,0.00,0.00
4/5/2016,4,5,0.00,0.00,0.00,0.00,0.00,0.00,0.00,2.57,12.28,17.10,17.43,17.53,17.58,17.55,17.32,17.23,16.67,13.85,4.40,0.00,0.00,0.00,0.00,0.00
4/6/2016,4,6,0.00,0.00,0.00,0.00,0.00,0.00,0.00,2.57,12.28,17.10,17.43,17.53,17.58,17.55,17.32,17.23,16.67,14.02,4.40,0.00,0.00,0.00,0.00,0.00
4/7/2016,4,7,0.00,0.00,0.00,0.00,0.00,0.00,0.01,2.82,12.28,17.10,17.43,17.53,17.58,17.55,17.32,17.23,16.67,14.02,4.40,0.00,0.00,0.00,0.00,0.00
4/8/2016,4,8,0.00,0.00,0.00,0.00,0.00,0.00,0.01,2.82,12.28,17.06,17.39,17.53,17.58,17.55,17.32,17.00,16.11,14.02,4.40,0.00,0.00,0.00,0.00,0.00
4/9/2016,4,9,0.00,0.00,0.00,0.00,0.00,0.00,0.01,2.82,12.28,17.06,17.39,17.53,17.58,17.55,17.32,17.00,14.80,14.02,4.40,0.00,0.00,0.00,0.00,0.00
4/10/2016,4,10,0.00,0.00,0.00,0.00,0.00,0.00,0.01,2.82,12.28,17.06,17.39,17.53,17.58,17.55,17.32,17.00,14.80,14.02,4.40,0.00,0.00,0.00,0.00,0.00
4/11/2016,4,11,0.00,0.00,0.00,0.00,0.00,0.00,0.01,2.82,12.28,17.06,17.39,17.53,17.58,17.55,17.32,17.00,14.80,14.02,3.48,0.00,0.00,0.00,0.00,0.00
4/12/2016,4,12,0.00,0.00,0.00,0.00,0.00,0.00,0.01,3.33,11.77,16.53,17.39,16.82,16.56,17.23,16.57,13.10,14.80,14.02,4.16,0.00,0.00,0.00,0.00,0.00
4/13/2016,4,13,0.00,0.00,0.00,0.00,0.00,0.00,0.02,3.54,13.29,17.17,17.62,16.82,16.56,17.23,16.57,13.10,13.25,13.87,4.37,0.00,0.00,0.00,0.00,0.00
4/14/2016,4,14,0.00,0.00,0.00,0.00,0.00,0.00,0.04,3.72,13.29,17.17,17.62,17.62,17.52,17.46,16.57,15.28,12.97,13.87,4.37,0.00,0.00,0.00,0.00,0.00
4/15/2016,4,15,0.00,0.00,0.00,0.00,0.00,0.00,0.04,3.72,13.29,17.17,17.62,17.62,17.52,17.46,16.57,15.57,16.51,14.65,4.37,0.00,0.00,0.00,0.00,0.00
4/16/2016,4,16,0.00,0.00,0.00,0.00,0.00,0.00,0.08,3.72,13.29,17.17,17.62,17.62,17.52,17.46,16.57,16.27,16.51,14.65,4.37,0.00,0.00,0.00,0.00,0.00
4/17/2016,4,17,0.00,0.00,0.00,0.00,0.00,0.00,0.08,3.72,13.53,17.17,17.62,17.62,17.52,17.46,16.57,16.27,16.51,14.65,4.37,0.00,0.00,0.00,0.00,0.00
4/18/2016,4,18,0.00,0.00,0.00,0.00,0.00,0.00,0.08,3.72,13.53,17.17,17.62,17.62,17.52,17.46,16.57,16.27,16.51,14.65,4.37,0.00,0.00,0.00,0.00,0.00
4/19/2016,4,19,0.00,0.00,0.00,0.00,0.00,0.00,0.11,3.72,13.53,17.17,17.62,17.62,17.52,17.46,16.46,16.27,16.51,14.99,4.89,0.00,0.00,0.00,0.00,0.00
4/20/2016,4,20,0.00,0.00,0.00,0.00,0.00,0.00,0.11,3.89,13.98,17.24,17.65,17.62,17.52,17.61,17.59,17.42,16.51,14.99,4.89,0.00,0.00,0.00,0.00,0.00
4/21/2016,4,21,0.00,0.00,0.00,0.00,0.00,0.00,0.11,3.89,13.98,17.24,17.65,17.46,17.42,17.61,17.59,17.42,16.51,14.99,4.89,0.00,0.00,0.00,0.00,0.00
4/22/2016,4,22,0.00,0.00,0.00,0.00,0.00,0.00,0.15,4.58,14.21,17.37,17.65,17.46,17.42,17.61,17.59,17.42,16.39,14.99,4.89,0.00,0.00,0.00,0.00,0.00
4/23/2016,4,23,0.00,0.00,0.00,0.00,0.00,0.00,0.15,4.58,14.21,17.37,17.65,17.46,17.42,17.61,17.59,17.42,16.39,14.99,4.89,0.00,0.00,0.00,0.00,0.00
4/24/2016,4,24,0.00,0.00,0.00,0.00,0.00,0.00,0.15,4.58,14.21,17.37,17.65,17.46,17.42,17.61,17.59,17.42,16.39,14.99,4.89,0.00,0.00,0.00,0.00,0.00
4/25/2016,4,25,0.00,0.00,0.00,0.00,0.00,0.00,0.28,4.58,14.21,17.37,17.65,17.63,17.42,17.61,17.59,17.42,16.39,14.99,4.89,0.00,0.00,0.00,0.00,0.00
4/26/2016,4,26,0.00,0.00,0.00,0.00,0.00,0.00,0.28,4.58,14.21,17.37,17.65,17.63,17.42,17.61,17.59,17.42,15.92,13.11,4.81,0.00,0.00,0.00,0.00,0.00
4/27/2016,4,27,0.00,0.00,0.00,0.00,0.00,0.00,0.28,4.58,14.21,17.37,17.64,17.63,17.14,17.13,17.27,17.05,15.92,10.33,4.81,0.00,0.00,0.00,0.00,0.00
4/28/2016,4,28,0.00,0.00,0.00,0.00,0.00,0.00,0.28,4.62,14.21,17.37,17.64,17.63,17.14,17.13,17.27,17.05,15.92,14.19,4.81,0.00,0.00,0.00,0.00,0.00
4/29/2016,4,29,0.00,0.00,0.00,0.00,0.00,0.00,0.28,4.62,14.13,16.81,17.64,17.63,17.12,17.06,17.27,17.05,15.92,14.19,4.81,0.00,0.00,0.00,0.00,0.00
4/30/2016,4,30,0.00,0.00,0.00,0.00,0.00,0.00,0.28,4.68,14.13,16.81,17.64,17.63,17.12,17.06,17.27,17.05,15.59,14.19,4.81,0.00,0.00,0.00,0.00,0.00
5/1/2016,5,1,0.00,0.00,0.00,0.00,0.00,0.00,0.28,4.68,14.13,16.81,17.64,17.63,17.12,17.06,17.27,17.05,15.59,14.19,4.31,0.00,0.00,0.00,0.00,0.00
5/2/2016,5,2,0.00,0.00,0.00,0.00,0.00,0.00,0.25,4.68,14.45,16.61,17.08,17.11,17.12,17.06,16.98,16.51,15.59,14.19,4.31,0.00,0.00,0.00,0.00,0.00
5/3/2016,5,3,0.00,0.00,0.00,0.00,0.00,0.00,0.25,4.97,15.18,17.43,17.11,17.61,17.64,17.27,17.16,17.12,16.66,14.33,4.44,0.00,0.00,0.00,0.00,0.00
5/4/2016,5,4,0.00,0.00,0.00,0.00,0.00,0.00,0.26,4.98,15.18,17.43,17.13,17.61,17.64,17.27,17.16,17.12,16.66,14.33,4.44,0.00,0.00,0.00,0.00,0.00
5/5/2016,5,5,0.00,0.00,0.00,0.00,0.00,0.00,0.27,4.98,15.18,17.43,17.13,17.61,17.64,17.27,17.16,17.12,16.66,14.33,4.44,0.00,0.00,0.00,0.00,0.00
5/6/2016,5,6,0.00,0.00,0.00,0.00,0.00,0.00,0.27,4.98,15.18,17.43,17.13,17.61,17.64,17.27,17.16,17.12,16.66,14.33,4.44,0.00,0.00,0.00,0.00,0.00
5/7/2016,5,7,0.00,0.00,0.00,0.00,0.00,0.00,0.37,4.98,15.18,17.43,17.13,17.61,17.64,17.27,17.16,17.12,16.66,14.33,4.44,0.00,0.00,0.00,0.00,0.00
5/8/2016,5,8,0.00,0.00,0.00,0.00,0.00,0.00,0.41,5.42,15.18,17.43,17.57,17.61,17.64,17.27,17.16,17.12,16.66,14.33,5.11,0.00,0.00,0.00,0.00,0.00
5/9/2016,5,9,0.00,0.00,0.00,0.00,0.00,0.00,0.64,5.42,15.18,17.43,17.57,17.61,17.64,17.27,17.16,17.12,16.66,14.33,5.11,0.00,0.00,0.00,0.00,0.00
5/10/2016,5,10,0.00,0.00,0.00,0.00,0.00,0.00,0.64,5.42,15.44,17.29,17.57,17.54,17.10,17.04,16.93,16.30,16.10,14.19,5.11,0.00,0.00,0.00,0.00,0.00
5/11/2016,5,11,0.00,0.00,0.00,0.00,0.00,0.00,0.64,5.42,15.44,17.29,17.57,17.57,17.04,16.99,16.93,16.30,17.35,14.84,5.11,0.00,0.00,0.00,0.00,0.00
5/12/2016,5,12,0.00,0.00,0.00,0.00,0.00,0.00,0.64,5.50,15.44,17.29,17.57,17.57,16.96,16.20,14.44,16.30,17.35,14.84,5.11,0.00,0.00,0.00,0.00,0.00
5/13/2016,5,13,0.00,0.00,0.00,0.00,0.00,0.00,0.64,5.50,15.44,17.29,17.57,17.57,17.29,16.70,14.44,16.30,17.35,14.84,5.11,0.00,0.00,0.00,0.00,0.00
5/14/2016,5,14,0.00,0.00,0.00,0.00,0.00,0.00,0.64,5.50,15.44,17.29,17.57,17.57,17.29,16.70,16.48,16.30,17.35,14.84,5.11,0.00,0.00,0.00,0.00,0.00
5/15/2016,5,15,0.00,0.00,0.00,0.00,0.00,0.00,0.64,5.50,15.44,17.10,17.42,17.57,17.29,16.70,16.48,16.30,17.35,14.84,4.16,0.00,0.00,0.00,0.00,0.00
5/16/2016,5,16,0.00,0.00,0.00,0.00,0.00,0.00,0.55,5.50,15.44,17.10,17.42,17.57,17.29,16.70,16.48,15.45,17.35,14.84,4.16,0.00,0.00,0.00,0.00,0.00
5/17/2016,5,17,0.00,0.00,0.00,0.00,0.00,0.00,0.59,5.77,14.86,17.10,17.42,17.57,17.29,17.05,16.48,15.45,17.35,14.84,5.01,0.00,0.00,0.00,0.00,0.00
5/18/2016,5,18,0.00,0.00,0.00,0.00,0.00,0.00,0.59,5.82,14.86,17.10,17.23,17.32,17.29,17.05,16.48,15.45,13.18,13.72,5.34,0.00,0.00,0.00,0.00,0.00
5/19/2016,5,19,0.00,0.00,0.00,0.00,0.00,0.00,0.59,5.99,14.83,16.77,17.23,17.32,17.29,17.05,16.48,15.45,13.18,13.72,5.34,0.00,0.00,0.00,0.00,0.00
5/20/2016,5,20,0.00,0.00,0.00,0.00,0.00,0.00,0.59,5.99,14.83,16.88,17.21,17.24,17.01,17.05,16.48,15.45,10.83,13.72,5.34,0.00,0.00,0.00,0.00,0.00
5/21/2016,5,21,0.00,0.00,0.00,0.00,0.00,0.00,0.62,5.99,14.83,17.01,17.56,17.24,17.01,17.05,16.05,13.31,10.83,13.72,5.34,0.00,0.00,0.00,0.00,0.00
5/22/2016,5,22,0.00,0.00,0.00,0.00,0.00,0.00,0.62,6.11,15.57,17.13,17.56,17.56,17.54,17.41,16.05,13.73,12.33,13.72,5.34,0.00,0.00,0.00,0.00,0.00
5/23/2016,5,23,0.00,0.00,0.00,0.00,0.00,0.00,0.62,6.22,15.57,17.13,17.56,17.56,17.54,17.41,14.80,13.73,15.05,14.62,5.66,0.00,0.00,0.00,0.00,0.00
5/24/2016,5,24,0.00,0.00,0.00,0.00,0.00,0.00,0.62,6.22,15.57,17.13,17.56,17.56,17.54,17.41,15.42,13.73,15.05,14.62,5.76,0.00,0.00,0.00,0.00,0.00
5/25/2016,5,25,0.00,0.00,0.00,0.00,0.00,0.00,0.62,6.22,15.57,17.13,17.56,17.56,17.54,17.41,17.17,17.05,16.65,14.62,5.76,0.00,0.00,0.00,0.00,0.00
5/26/2016,5,26,0.00,0.00,0.00,0.00,0.00,0.00,0.62,6.22,15.57,17.13,17.56,17.56,17.54,17.41,17.17,17.05,16.65,14.98,5.82,0.00,0.00,0.00,0.00,0.00
5/27/2016,5,27,0.00,0.00,0.00,0.00,0.00,0.00,0.62,6.22,15.57,17.13,17.56,17.56,17.54,17.41,17.17,17.05,16.65,14.98,5.82,0.00,0.00,0.00,0.00,0.00
5/28/2016,5,28,0.00,0.00,0.00,0.00,0.00,0.00,0.68,6.22,15.57,17.13,17.56,17.56,17.54,17.41,17.17,17.05,16.65,14.98,5.82,0.00,0.00,0.00,0.00,0.00
5/29/2016,5,29,0.00,0.00,0.00,0.00,0.00,0.00,0.68,6.22,15.35,17.02,17.29,17.47,17.51,17.35,17.17,17.05,16.65,14.98,5.82,0.00,0.00,0.00,0.00,0.00
5/30/2016,5,30,0.00,0.00,0.00,0.00,0.00,0.00,0.71,6.05,15.35,17.02,17.29,17.47,17.51,17.35,17.17,17.05,16.65,14.98,5.82,0.00,0.00,0.00,0.00,0.00
5/31/2016,5,31,0.00,0.00,0.00,0.00,0.00,0.00,0.71,6.07,15.44,17.09,17.30,17.50,17.51,17.35,17.31,17.30,16.98,14.98,5.87,0.00,0.00,0.00,0.00,0.00
6/1/2016,6,1,0.00,0.00,0.00,0.00,0.00,0.00,0.71,6.07,15.44,17.11,17.05,17.50,17.37,17.36,17.45,17.30,16.98,15.22,6.67,0.00,0.00,0.00,0.00,0.00
6/2/2016,6,2,0.00,0.00,0.00,0.00,0.00,0.00,0.71,6.19,15.62,17.35,17.55,17.51,17.45,17.38,17.45,17.30,16.98,15.22,6.67,0.00,0.00,0.00,0.00,0.00
6/3/2016,6,3,0.00,0.00,0.00,0.00,0.00,0.00,0.71,6.19,15.62,17.35,17.55,17.51,17.45,17.38,17.45,17.30,16.98,15.22,6.67,0.00,0.00,0.00,0.00,0.00
6/4/2016,6,4,0.00,0.00,0.00,0.00,0.00,0.00,0.71,6.19,15.62,17.35,17.55,17.51,17.45,17.38,17.45,17.30,16.98,15.22,6.67,0.00,0.00,0.00,0.00,0.00
6/5/2016,6,5,0.00,0.00,0.00,0.00,0.00,0.00,0.71,6.19,15.62,17.31,17.55,17.52,17.45,17.38,17.45,17.30,16.98,15.22,6.67,0.00,0.00,0.00,0.00,0.00
6/6/2016,6,6,0.00,0.00,0.00,0.00,0.00,0.00,0.71,6.19,15.62,17.31,17.55,17.51,17.45,17.36,17.45,17.30,16.98,15.22,6.67,0.00,0.00,0.00,0.00,0.00
6/7/2016,6,7,0.00,0.00,0.00,0.00,0.00,0.00,0.71,6.19,15.62,17.31,17.55,17.51,17.45,17.38,17.45,16.98,16.02,15.22,6.67,0.00,0.00,0.00,0.00,0.00
6/8/2016,6,8,0.00,0.00,0.00,0.00,0.00,0.00,0.71,6.19,15.62,17.31,17.55,17.51,17.45,17.38,17.25,16.96,16.02,14.38,5.54,0.00,0.00,0.00,0.00,0.00
6/9/2016,6,9,0.00,0.00,0.00,0.00,0.00,0.00,0.71,6.19,14.72,16.33,17.05,16.67,16.91,16.69,16.46,14.05,14.92,12.87,6.95,0.00,0.00,0.00,0.00,0.00
6/10/2016,6,10,0.00,0.00,0.00,0.00,0.00,0.00,0.71,6.19,14.68,16.33,16.92,17.10,16.91,16.69,16.47,16.06,15.72,14.23,6.95,0.00,0.00,0.00,0.00,0.00
6/11/2016,6,11,0.00,0.00,0.00,0.00,0.00,0.00,0.71,6.19,14.68,16.33,16.92,17.10,16.91,16.63,16.47,16.06,15.72,14.23,6.99,0.00,0.00,0.00,0.00,0.00
6/12/2016,6,12,0.00,0.00,0.00,0.00,0.00,0.00,0.67,6.02,14.68,16.33,16.92,17.10,16.91,16.63,16.47,16.06,15.72,14.54,6.99,0.00,0.00,0.00,0.00,0.00
6/13/2016,6,13,0.00,0.00,0.00,0.00,0.00,0.00,1.17,6.02,14.68,16.33,16.92,17.10,16.91,16.63,16.47,16.06,15.72,14.54,6.99,0.00,0.00,0.00,0.00,0.00
6/14/2016,6,14,0.00,0.00,0.00,0.00,0.00,0.00,1.17,5.88,14.60,16.33,16.92,17.10,16.88,16.63,16.47,16.06,15.72,14.54,6.99,0.00,0.00,0.00,0.00,0.00
6/15/2016,6,15,0.00,0.00,0.00,0.00,0.00,0.00,1.17,5.88,14.60,16.33,16.92,17.10,16.88,16.63,16.47,16.06,16.30,14.54,6.99,0.00,0.00,0.00,0.00,0.00
6/16/2016,6,16,0.00,0.00,0.00,0.00,0.00,0.00,1.17,5.88,14.60,16.11,16.92,17.10,16.88,16.63,16.47,16.06,16.30,14.54,6.99,0.00,0.00,0.00,0.00,0.00
6/17/2016,6,17,0.00,0.00,0.00,0.00,0.00,0.00,1.17,5.82,14.35,15.94,16.45,16.77,16.73,16.54,16.22,15.75,16.30,14.54,6.99,0.00,0.00,0.00,0.00,0.00
6/18/2016,6,18,0.00,0.00,0.00,0.00,0.00,0.00,1.17,5.63,14.10,15.94,16.45,17.11,16.73,16.60,16.22,15.75,16.30,14.54,6.27,0.00,0.00,0.00,0.00,0.00
6/19/2016,6,19,0.00,0.00,0.00,0.00,0.00,0.00,1.17,5.63,14.10,15.94,16.45,17.11,16.84,16.60,16.98,13.43,16.30,13.01,6.23,0.00,0.00,0.00,0.00,0.00
6/20/2016,6,20,0.00,0.00,0.00,0.00,0.00,0.00,0.86,5.74,14.43,16.25,16.61,17.12,16.89,16.66,16.98,16.37,16.30,13.94,6.23,0.00,0.00,0.00,0.00,0.00
6/21/2016,6,21,0.00,0.00,0.00,0.00,0.00,0.00,0.86,5.90,14.95,16.25,16.61,17.12,16.89,16.67,16.98,16.62,16.30,13.94,6.23,0.00,0.00,0.00,0.00,0.00
6/22/2016,6,22,0.00,0.00,0.00,0.00,0.00,0.00,0.86,5.90,14.95,16.25,16.70,17.12,16.89,16.73,16.98,16.62,16.10,13.94,6.23,0.00,0.00,0.00,0.00,0.00
6/23/2016,6,23,0.00,0.00,0.00,0.00,0.00,0.00,0.86,5.90,14.95,16.25,16.70,17.12,16.89,16.73,16.98,16.62,16.10,13.94,6.23,0.00,0.00,0.00,0.00,0.00
6/24/2016,6,24,0.00,0.00,0.00,0.00,0.00,0.00,0.86,5.90,14.95,16.25,16.70,17.12,16.89,16.73,16.98,16.62,16.10,13.94,6.23,0.00,0.00,0.00,0.00,0.00
6/25/2016,6,25,0.00,0.00,0.00,0.00,0.00,0.00,0.93,5.90,14.95,16.25,16.70,17.12,16.89,16.73,16.98,16.62,16.10,13.94,6.23,0.00,0.00,0.00,0.00,0.00
6/26/2016,6,26,0.00,0.00,0.00,0.00,0.00,0.00,0.93,5.90,14.95,16.25,16.70,17.12,16.89,16.73,16.57,16.62,16.10,13.94,4.82,0.00,0.00,0.00,0.00,0.00
6/27/2016,6,27,0.00,0.00,0.00,0.00,0.00,0.00,0.93,5.90,14.95,16.25,16.70,16.86,16.89,16.73,16.57,16.62,15.77,12.68,4.82,0.00,0.00,0.00,0.00,0.00
6/28/2016,6,28,0.00,0.00,0.00,0.00,0.00,0.00,0.93,5.64,14.41,16.09,16.70,16.84,16.89,16.73,16.46,16.41,13.50,12.68,6.26,0.00,0.00,0.00,0.00,0.00
6/29/2016,6,29,0.00,0.00,0.00,0.00,0.00,0.00,0.93,5.29,13.50,15.85,16.48,16.21,16.50,16.30,16.34,16.41,13.50,12.68,6.26,0.00,0.00,0.00,0.00,0.00
6/30/2016,6,30,0.00,0.00,0.00,0.00,0.00,0.00,0.93,5.29,13.50,15.37,15.94,16.21,16.50,16.30,16.34,16.41,13.50,12.68,6.26,0.00,0.00,0.00,0.00,0.00
7/1/2016,7,1,0.00,0.00,0.00,0.00,0.00,0.00,0.93,5.29,13.50,15.37,15.94,16.21,16.50,15.83,16.28,16.39,13.50,12.68,6.26,0.00,0.00,0.00,0.00,0.00
7/2/2016,7,2,0.00,0.00,0.00,0.00,0.00,0.00,0.73,5.29,13.83,15.51,16.09,16.35,16.63,17.08,17.14,16.50,13.50,12.68,6.26,0.00,0.00,0.00,0.00,0.00
7/3/2016,7,3,0.00,0.00,0.00,0.00,0.00,0.00,1.03,5.47,13.83,15.76,16.60,16.77,16.73,17.08,17.14,16.50,13.48,12.68,6.26,0.00,0.00,0.00,0.00,0.00
7/4/2016,7,4,0.00,0.00,0.00,0.00,0.00,0.00,1.03,5.47,13.83,15.76,16.60,16.77,16.73,17.08,17.14,16.50,13.45,10.78,6.26,0.00,0.00,0.00,0.00,0.00
7/5/2016,7,5,0.00,0.00,0.00,0.00,0.00,0.00,1.03,5.47,13.83,15.76,16.60,16.77,16.73,17.08,17.14,16.50,11.80,9.81,5.86,0.00,0.00,0.00,0.00,0.00
7/6/2016,7,6,0.00,0.00,0.00,0.00,0.00,0.00,1.03,5.47,13.83,15.76,16.60,16.77,16.73,17.08,17.14,16.50,11.80,9.81,5.86,0.00,0.00,0.00,0.00,0.00
7/7/2016,7,7,0.00,0.00,0.00,0.00,0.00,0.00,1.03,5.47,13.83,15.76,16.60,16.77,16.73,17.08,17.14,16.50,11.80,9.81,5.86,0.00,0.00,0.00,0.00,0.00
7/8/2016,7,8,0.00,0.00,0.00,0.00,0.00,0.00,1.03,5.47,13.83,15.76,16.60,16.77,16.73,17.08,17.14,16.50,12.50,9.81,5.86,0.00,0.00,0.00,0.00,0.00
7/9/2016,7,9,0.00,0.00,0.00,0.00,0.00,0.00,1.03,5.47,13.43,15.76,16.60,16.77,16.73,16.39,16.44,15.96,15.74,9.81,5.86,0.00,0.00,0.00,0.00,0.00
7/10/2016,7,10,0.00,0.00,0.00,0.00,0.00,0.00,0.83,5.15,13.43,15.42,16.23,16.15,16.57,16.39,16.44,15.96,15.74,9.81,5.86,0.00,0.00,0.00,0.00,0.00
7/11/2016,7,11,0.00,0.00,0.00,0.00,0.00,0.00,0.83,4.97,13.22,15.42,16.23,16.15,16.13,16.09,16.44,15.96,15.74,9.81,5.86,0.00,0.00,0.00,0.00,0.00
7/12/2016,7,12,0.00,0.00,0.00,0.00,0.00,0.00,0.83,4.83,13.08,15.42,15.96,15.96,16.04,16.09,16.44,15.74,15.74,9.81,5.86,0.00,0.00,0.00,0.00,0.00
7/13/2016,7,13,0.00,0.00,0.00,0.00,0.00,0.00,0.83,4.79,13.08,15.42,15.96,15.99,16.29,16.67,16.44,15.74,15.74,9.81,5.86,0.00,0.00,0.00,0.00,0.00
7/14/2016,7,14,0.00,0.00,0.00,0.00,0.00,0.00,0.83,4.79,13.08,15.42,15.96,15.99,16.29,16.67,16.44,15.74,15.76,9.81,5.86,0.00,0.00,0.00,0.00,0.00
7/15/2016,7,15,0.00,0.00,0.00,0.00,0.00,0.00,0.50,4.79,13.08,15.42,15.96,16.42,16.29,16.67,15.74,15.74,15.76,9.81,5.86,0.00,0.00,0.00,0.00,0.00
7/16/2016,7,16,0.00,0.00,0.00,0.00,0.00,0.00,0.50,4.79,12.79,15.11,15.96,16.42,16.29,16.67,15.70,14.01,15.76,8.26,7.06,0.00,0.00,0.00,0.00,0.00
7/17/2016,7,17,0.00,0.00,0.00,0.00,0.00,0.00,0.50,4.91,12.89,16.24,15.96,16.42,16.29,16.67,13.88,14.01,15.76,11.25,7.06,0.00,0.00,0.00,0.00,0.00
7/18/2016,7,18,0.00,0.00,0.00,0.00,0.00,0.00,0.50,4.91,13.40,16.24,16.44,16.42,16.63,16.67,16.39,16.17,15.86,11.25,6.49,0.00,0.00,0.00,0.00,0.00
7/19/2016,7,19,0.00,0.00,0.00,0.00,0.00,0.00,0.50,4.91,13.40,16.24,16.44,16.42,16.63,16.67,16.39,16.17,15.86,11.25,6.49,0.00,0.00,0.00,0.00,0.00
7/20/2016,7,20,0.00,0.00,0.00,0.00,0.00,0.00,0.30,4.91,13.40,16.24,16.44,16.42,16.70,16.44,16.39,16.17,15.86,11.25,6.49,0.00,0.00,0.00,0.00,0.00
7/21/2016,7,21,0.00,0.00,0.00,0.00,0.00,0.00,0.30,4.91,13.40,16.24,16.44,16.42,16.70,16.48,16.39,16.25,15.86,11.25,6.49,0.00,0.00,0.00,0.00,0.00
7/22/2016,7,22,0.00,0.00,0.00,0.00,0.00,0.00,0.40,4.91,13.40,16.24,16.44,16.32,16.70,16.48,16.39,16.25,15.86,11.25,6.49,0.00,0.00,0.00,0.00,0.00
7/23/2016,7,23,0.00,0.00,0.00,0.00,0.00,0.00,0.47,4.91,13.40,16.24,16.44,16.32,16.70,16.48,16.39,16.25,15.86,11.59,6.49,0.00,0.00,0.00,0.00,0.00
7/24/2016,7,24,0.00,0.00,0.00,0.00,0.00,0.00,0.47,4.59,13.40,15.84,16.44,16.32,16.70,16.48,16.39,16.25,15.86,11.59,6.49,0.00,0.00,0.00,0.00,0.00
7/25/2016,7,25,0.00,0.00,0.00,0.00,0.00,0.00,0.47,4.49,13.30,15.71,16.21,16.32,16.70,16.48,16.31,16.25,15.53,11.59,3.86,0.00,0.00,0.00,0.00,0.00
7/26/2016,7,26,0.00,0.00,0.00,0.00,0.00,0.00,0.47,4.44,13.09,15.55,16.13,16.36,16.70,16.54,16.33,16.25,15.53,11.59,5.26,0.00,0.00,0.00,0.00,0.00
7/27/2016,7,27,0.00,0.00,0.00,0.00,0.00,0.00,0.47,4.44,13.09,15.62,16.13,16.36,16.59,16.58,16.33,16.25,15.53,12.62,5.29,0.00,0.00,0.00,0.00,0.00
7/28/2016,7,28,0.00,0.00,0.00,0.00,0.00,0.00,0.47,4.30,12.95,15.62,16.10,16.36,16.59,16.58,16.33,15.85,14.95,12.62,5.29,0.00,0.00,0.00,0.00,0.00
7/29/2016,7,29,0.00,0.00,0.00,0.00,0.00,0.00,0.47,4.30,12.95,15.62,16.10,16.36,16.59,16.58,16.33,15.58,14.95,12.62,5.29,0.00,0.00,0.00,0.00,0.00
7/30/2016,7,30,0.00,0.00,0.00,0.00,0.00,0.00,0.47,4.30,12.95,15.62,16.16,16.60,16.59,16.58,16.33,15.58,14.95,12.62,5.29,0.00,0.00,0.00,0.00,0.00
7/31/2016,7,31,0.00,0.00,0.00,0.00,0.00,0.00,0.47,4.30,13.36,16.07,16.43,16.60,16.60,16.69,16.33,16.52,15.87,14.48,6.37,0.00,0.00,0.00,0.00,0.00
8/1/2016,8,1,0.00,0.00,0.00,0.00,0.00,0.00,0.47,4.30,13.36,16.07,16.43,16.60,16.73,16.69,16.33,16.52,15.87,14.48,6.37,0.00,0.00,0.00,0.00,0.00
8/2/2016,8,2,0.00,0.00,0.00,0.00,0.00,0.00,0.47,4.30,13.36,16.07,16.43,16.60,16.73,16.69,16.31,16.52,15.87,14.48,6.37,0.00,0.00,0.00,0.00,0.00
8/3/2016,8,3,0.00,0.00,0.00,0.00,0.00,0.00,0.47,4.30,13.36,16.07,16.43,16.60,16.73,16.69,16.87,16.52,15.87,14.48,6.37,0.00,0.00,0.00,0.00,0.00
8/4/2016,8,4,0.00,0.00,0.00,0.00,0.00,0.00,0.14,4.25,13.36,16.07,16.43,16.60,16.73,16.69,16.87,16.52,15.87,14.48,6.37,0.00,0.00,0.00,0.00,0.00
8/5/2016,8,5,0.00,0.00,0.00,0.00,0.00,0.00,0.14,4.25,13.36,16.07,16.43,16.60,16.73,16.69,16.87,16.52,15.87,14.48,6.37,0.00,0.00,0.00,0.00,0.00
8/6/2016,8,6,0.00,0.00,0.00,0.00,0.00,0.00,0.46,4.25,13.36,16.07,16.43,16.57,16.73,16.69,16.87,16.52,15.87,14.48,6.37,0.00,0.00,0.00,0.00,0.00
8/7/2016,8,7,0.00,0.00,0.00,0.00,0.00,0.00,0.46,4.25,13.17,15.73,16.28,16.57,16.73,16.63,16.87,16.02,15.55,14.13,5.80,0.00,0.00,0.00,0.00,0.00
8/8/2016,8,8,0.00,0.00,0.00,0.00,0.00,0.00,0.46,4.25,12.87,15.73,16.28,16.57,16.52,16.63,16.87,11.83,13.05,8.99,4.89,0.00,0.00,0.00,0.00,0.00
8/9/2016,8,9,0.00,0.00,0.00,0.00,0.00,0.00,0.46,4.25,12.87,15.73,16.28,16.57,16.52,16.63,16.87,11.83,13.05,8.99,3.01,0.00,0.00,0.00,0.00,0.00
8/10/2016,8,10,0.00,0.00,0.00,0.00,0.00,0.00,0.46,3.56,12.56,15.89,16.65,16.74,16.81,16.63,15.53,11.83,13.05,14.66,6.11,0.00,0.00,0.00,0.00,0.00
8/11/2016,8,11,0.00,0.00,0.00,0.00,0.00,0.00,0.46,3.82,12.81,15.89,16.65,16.77,16.90,17.21,14.10,11.83,8.47,14.66,6.11,0.00,0.00,0.00,0.00,0.00
8/12/2016,8,12,0.00,0.00,0.00,0.00,0.00,0.00,0.46,3.82,12.81,16.05,16.87,16.94,16.98,17.21,16.80,16.47,16.20,14.72,6.11,0.00,0.00,0.00,0.00,0.00
8/13/2016,8,13,0.00,0.00,0.00,0.00,0.00,0.00,0.27,3.82,12.81,16.05,16.87,16.94,16.98,17.21,16.80,16.47,16.20,14.72,6.11,0.00,0.00,0.00,0.00,0.00
8/14/2016,8,14,0.00,0.00,0.00,0.00,0.00,0.00,0.27,3.82,13.08,16.25,16.87,16.94,16.98,17.21,16.80,16.47,16.20,14.72,6.11,0.00,0.00,0.00,0.00,0.00
8/15/2016,8,15,0.00,0.00,0.00,0.00,0.00,0.00,0.27,3.82,13.08,16.25,16.87,16.94,16.98,17.21,16.80,16.47,16.20,14.72,6.11,0.00,0.00,0.00,0.00,0.00
8/16/2016,8,16,0.00,0.00,0.00,0.00,0.00,0.00,0.16,3.82,13.08,16.25,16.87,16.94,16.98,17.21,16.80,16.47,16.20,14.72,6.11,0.00,0.00,0.00,0.00,0.00
8/17/2016,8,17,0.00,0.00,0.00,0.00,0.00,0.00,0.08,3.82,13.08,16.25,16.87,16.94,16.98,17.21,16.80,16.47,16.20,14.72,4.98,0.00,0.00,0.00,0.00,0.00
8/18/2016,8,18,0.00,0.00,0.00,0.00,0.00,0.00,0.18,3.77,13.08,16.25,16.87,16.94,16.98,17.11,16.80,16.47,16.20,14.72,4.98,0.00,0.00,0.00,0.00,0.00
8/19/2016,8,19,0.00,0.00,0.00,0.00,0.00,0.00,0.18,3.77,13.08,16.25,16.63,16.73,16.69,16.94,16.07,15.80,16.08,14.21,4.36,0.00,0.00,0.00,0.00,0.00
8/20/2016,8,20,0.00,0.00,0.00,0.00,0.00,0.00,0.18,3.77,13.08,16.25,16.63,16.73,16.69,16.94,16.27,15.84,16.08,14.21,4.36,0.00,0.00,0.00,0.00,0.00
8/21/2016,8,21,0.00,0.00,0.00,0.00,0.00,0.00,0.18,3.77,12.79,16.19,16.61,16.73,16.69,16.94,16.27,15.93,16.08,14.21,4.36,0.00,0.00,0.00,0.00,0.00
8/22/2016,8,22,0.00,0.00,0.00,0.00,0.00,0.00,0.18,3.61,12.71,15.93,16.44,16.37,16.47,16.42,16.27,16.22,15.14,12.57,4.36,0.00,0.00,0.00,0.00,0.00
8/23/2016,8,23,0.00,0.00,0.00,0.00,0.00,0.00,0.18,3.40,12.29,15.81,16.33,16.37,16.47,16.56,16.27,16.22,15.14,12.57,4.36,0.00,0.00,0.00,0.00,0.00
8/24/2016,8,24,0.00,0.00,0.00,0.00,0.00,0.00,0.18,3.40,12.29,15.81,16.33,16.37,16.47,16.81,16.80,16.61,16.47,13.84,4.24,0.00,0.00,0.00,0.00,0.00
8/25/2016,8,25,0.00,0.00,0.00,0.00,0.00,0.00,0.13,3.40,12.29,15.81,16.33,16.37,16.47,16.81,16.80,16.61,16.47,13.84,4.24,0.00,0.00,0.00,0.00,0.00
8/26/2016,8,26,0.00,0.00,0.00,0.00,0.00,0.00,0.13,3.40,12.29,15.81,16.33,16.37,16.47,16.81,16.80,16.61,16.47,13.84,4.24,0.00,0.00,0.00,0.00,0.00
8/27/2016,8,27,0.00,0.00,0.00,0.00,0.00,0.00,0.13,3.40,12.29,15.81,16.44,16.48,16.47,16.81,16.80,16.61,16.47,13.84,4.24,0.00,0.00,0.00,0.00,0.00
8/28/2016,8,28,0.00,0.00,0.00,0.00,0.00,0.00,0.13,3.32,12.26,15.80,16.44,16.48,16.44,16.81,16.80,16.61,16.47,13.84,4.24,0.00,0.00,0.00,0.00,0.00
8/29/2016,8,29,0.00,0.00,0.00,0.00,0.00,0.00,0.13,3.32,12.26,15.80,16.44,16.48,16.44,16.81,16.80,16.61,16.47,13.84,4.24,0.00,0.00,0.00,0.00,0.00
8/30/2016,8,30,0.00,0.00,0.00,0.00,0.00,0.00,0.13,3.32,12.26,15.80,16.44,16.48,16.44,16.81,16.80,16.61,16.47,13.84,4.24,0.00,0.00,0.00,0.00,0.00
8/31/2016,8,31,0.00,0.00,0.00,0.00,0.00,0.00,0.13,3.61,12.26,15.80,16.44,16.48,16.28,16.28,16.50,16.04,15.68,12.82,3.81,0.00,0.00,0.00,0.00,0.00
9/1/2016,9,1,0.00,0.00,0.00,0.00,0.00,0.00,0.02,3.61,12.26,15.80,16.44,16.48,16.28,16.28,16.50,16.04,15.68,12.82,3.77,0.00,0.00,0.00,0.00,0.00
9/2/2016,9,2,0.00,0.00,0.00,0.00,0.00,0.00,0.02,3.61,12.26,15.80,16.44,16.48,16.28,16.28,16.50,16.04,15.68,12.82,3.77,0.00,0.00,0.00,0.00,0.00
9/3/2016,9,3,0.00,0.00,0.00,0.00,0.00,0.00,0.02,3.61,12.05,15.65,16.39,16.36,16.42,16.29,16.50,16.20,15.68,12.82,3.92,0.00,0.00,0.00,0.00,0.00
9/4/2016,9,4,0.00,0.00,0.00,0.00,0.00,0.00,0.02,3.61,12.05,15.65,16.39,16.36,16.42,16.29,16.28,16.40,15.68,12.82,3.92,0.00,0.00,0.00,0.00,0.00
9/5/2016,9,5,0.00,0.00,0.00,0.00,0.00,0.00,0.02,3.61,12.03,15.65,16.39,16.19,16.42,16.29,16.27,16.40,15.53,12.82,3.92,0.00,0.00,0.00,0.00,0.00
9/6/2016,9,6,0.00,0.00,0.00,0.00,0.00,0.00,0.02,3.61,12.03,15.60,16.39,16.18,16.42,16.29,16.27,16.40,15.53,12.45,4.16,0.00,0.00,0.00,0.00,0.00
9/7/2016,9,7,0.00,0.00,0.00,0.00,0.00,0.00,0.00,3.00,12.03,15.60,16.39,16.18,16.42,16.29,16.27,16.40,15.53,12.09,4.31,0.00,0.00,0.00,0.00,0.00
9/8/2016,9,8,0.00,0.00,0.00,0.00,0.00,0.00,0.00,3.00,12.03,15.67,16.39,16.37,16.42,16.29,16.27,16.40,15.53,12.09,4.31,0.00,0.00,0.00,0.00,0.00
9/9/2016,9,9,0.00,0.00,0.00,0.00,0.00,0.00,0.00,3.00,12.03,15.67,16.39,16.37,16.42,16.29,16.27,16.40,15.53,12.09,4.31,0.00,0.00,0.00,0.00,0.00
9/10/2016,9,10,0.00,0.00,0.00,0.00,0.00,0.00,0.01,3.67,12.03,15.69,16.35,16.37,16.27,16.35,16.08,16.40,15.53,12.09,4.31,0.00,0.00,0.00,0.00,0.00
9/11/2016,9,11,0.00,0.00,0.00,0.00,0.00,0.00,0.01,3.67,12.03,15.69,16.35,16.37,16.27,16.35,16.08,16.26,15.53,12.09,4.31,0.00,0.00,0.00,0.00,0.00
9/12/2016,9,12,0.00,0.00,0.00,0.00,0.00,0.00,0.01,3.67,11.89,15.69,16.03,16.37,16.27,16.35,16.08,15.97,15.49,12.09,4.31,0.00,0.00,0.00,0.00,0.00
9/13/2016,9,13,0.00,0.00,0.00,0.00,0.00,0.00,0.01,3.67,11.89,15.69,16.35,16.37,16.27,16.35,16.08,15.97,15.49,12.00,4.31,0.00,0.00,0.00,0.00,0.00
9/14/2016,9,14,0.00,0.00,0.00,0.00,0.00,0.00,0.01,3.67,11.89,15.69,16.35,16.37,16.27,16.35,16.08,15.97,15.49,12.00,3.08,0.00,0.00,0.00,0.00,0.00
9/15/2016,9,15,0.00,0.00,0.00,0.00,0.00,0.00,0.01,3.67,11.83,15.69,16.00,16.16,16.24,16.35,16.08,15.86,15.49,11.93,3.08,0.00,0.00,0.00,0.00,0.00
9/16/2016,9,16,0.00,0.00,0.00,0.00,0.00,0.00,0.01,3.67,11.83,15.69,15.80,16.67,16.24,16.60,16.31,15.86,15.28,9.34,3.08,0.00,0.00,0.00,0.00,0.00
9/17/2016,9,17,0.00,0.00,0.00,0.00,0.00,0.00,0.00,1.83,10.91,14.03,14.82,16.67,15.32,16.60,16.31,16.16,15.28,9.34,3.08,0.00,0.00,0.00,0.00,0.00
9/18/2016,9,18,0.00,0.00,0.00,0.00,0.00,0.00,0.00,2.33,11.95,15.84,16.37,16.67,16.30,16.66,16.31,16.16,15.28,10.25,3.08,0.00,0.00,0.00,0.00,0.00
9/19/2016,9,19,0.00,0.00,0.00,0.00,0.00,0.00,0.00,2.33,11.95,15.84,16.37,16.67,16.30,16.66,16.39,16.16,15.28,10.25,3.08,0.00,0.00,0.00,0.00,0.00
9/20/2016,9,20,0.00,0.00,0.00,0.00,0.00,0.00,0.00,2.38,12.08,15.84,16.37,16.67,16.30,16.66,16.47,16.21,15.28,10.25,3.08,0.00,0.00,0.00,0.00,0.00
9/21/2016,9,21,0.00,0.00,0.00,0.00,0.00,0.00,0.00,2.70,12.28,16.25,16.70,16.72,16.70,16.66,16.56,16.24,15.42,10.46,2.01,0.00,0.00,0.00,0.00,0.00
9/22/2016,9,22,0.00,0.00,0.00,0.00,0.00,0.00,0.00,2.70,12.28,16.25,16.70,16.72,16.70,16.66,16.56,16.24,15.42,10.46,2.01,0.00,0.00,0.00,0.00,0.00
9/23/2016,9,23,0.00,0.00,0.00,0.00,0.00,0.00,0.00,2.70,12.28,16.25,16.70,16.72,16.70,16.66,16.56,16.24,15.42,10.46,2.01,0.00,0.00,0.00,0.00,0.00
9/24/2016,9,24,0.00,0.00,0.00,0.00,0.00,0.00,0.00,2.70,12.28,16.25,17.14,16.72,16.70,17.38,17.60,16.24,15.42,10.60,1.51,0.00,0.00,0.00,0.00,0.00
9/25/2016,9,25,0.00,0.00,0.00,0.00,0.00,0.00,0.00,2.86,12.50,16.45,17.14,17.00,16.93,17.38,17.60,16.56,15.82,10.60,1.51,0.00,0.00,0.00,0.00,0.00
9/26/2016,9,26,0.00,0.00,0.00,0.00,0.00,0.00,0.00,2.86,12.50,16.45,17.14,17.00,16.95,17.38,17.60,16.82,16.03,10.60,1.51,0.00,0.00,0.00,0.00,0.00
9/27/2016,9,27,0.00,0.00,0.00,0.00,0.00,0.00,0.00,2.86,12.50,16.80,17.30,17.23,17.04,17.38,17.60,17.11,16.34,10.65,1.51,0.00,0.00,0.00,0.00,0.00
9/28/2016,9,28,0.00,0.00,0.00,0.00,0.00,0.00,0.00,2.86,12.50,16.80,17.30,17.23,17.04,17.38,17.60,17.11,16.34,10.65,1.58,0.00,0.00,0.00,0.00,0.00
9/29/2016,9,29,0.00,0.00,0.00,0.00,0.00,0.00,0.00,2.86,12.57,16.80,17.30,17.23,17.09,17.38,17.60,17.11,16.34,10.65,1.58,0.00,0.00,0.00,0.00,0.00
9/30/2016,9,30,0.00,0.00,0.00,0.00,0.00,0.00,0.00,2.86,12.57,16.80,17.30,17.23,17.09,17.38,17.60,17.11,16.34,10.65,1.58,0.00,0.00,0.00,0.00,0.00
10/1/2016,10,1,0.00,0.00,0.00,0.00,0.00,0.00,0.00,2.86,12.57,16.80,17.30,17.23,17.09,17.15,17.25,17.11,16.34,10.65,1.58,0.00,0.00,0.00,0.00,0.00
10/2/2016,10,2,0.00,0.00,0.00,0.00,0.00,0.00,0.00,2.69,12.57,16.80,17.30,17.23,17.09,17.15,17.25,17.11,16.34,10.65,1.58,0.00,0.00,0.00,0.00,0.00
10/3/2016,10,3,0.00,0.00,0.00,0.00,0.00,0.00,0.00,2.69,12.57,16.80,17.30,17.23,17.09,17.15,17.25,17.11,16.34,10.65,1.58,0.00,0.00,0.00,0.00,0.00
10/4/2016,10,4,0.00,0.00,0.00,0.00,0.00,0.00,0.00,2.69,12.57,16.69,17.23,17.23,17.09,16.98,16.90,16.73,15.81,9.89,1.58,0.00,0.00,0.00,0.00,0.00
10/5/2016,10,5,0.00,0.00,0.00,0.00,0.00,0.00,0.00,2.69,12.57,17.13,17.61,17.58,17.43,17.38,17.56,17.21,15.81,9.89,1.08,0.00,0.00,0.00,0.00,0.00
10/6/2016,10,6,0.00,0.00,0.00,0.00,0.00,0.00,0.00,2.62,12.32,17.13,17.61,17.58,17.43,17.38,17.56,17.21,15.77,9.17,0.88,0.00,0.00,0.00,0.00,0.00
10/7/2016,10,7,0.00,0.00,0.00,0.00,0.00,0.00,0.00,2.36,12.32,17.13,17.61,17.58,17.43,17.38,17.56,17.21,15.74,9.17,0.88,0.00,0.00,0.00,0.00,0.00
10/8/2016,10,8,0.00,0.00,0.00,0.00,0.00,0.00,0.00,2.36,12.32,17.13,17.61,17.58,17.43,17.38,17.56,17.21,15.74,8.99,0.77,0.00,0.00,0.00,0.00,0.00
10/9/2016,10,9,0.00,0.00,0.00,0.00,0.00,0.00,0.00,2.31,12.32,17.13,17.61,17.58,17.43,17.38,17.56,17.21,15.74,8.99,0.77,0.00,0.00,0.00,0.00,0.00
10/10/2016,10,10,0.00,0.00,0.00,0.00,0.00,0.00,0.00,2.18,12.32,17.13,17.61,17.58,17.43,17.50,17.56,17.21,15.74,8.99,0.70,0.00,0.00,0.00,0.00,0.00
10/11/2016,10,11,0.00,0.00,0.00,0.00,0.00,0.00,0.00,2.14,12.32,17.13,17.61,17.58,17.43,17.38,17.56,17.21,15.74,8.99,0.70,0.00,0.00,0.00,0.00,0.00
10/12/2016,10,12,0.00,0.00,0.00,0.00,0.00,0.00,0.00,2.14,12.32,17.08,16.84,17.40,17.18,17.03,17.06,16.64,15.74,8.99,0.70,0.00,0.00,0.00,0.00,0.00
10/13/2016,10,13,0.00,0.00,0.00,0.00,0.00,0.00,0.00,2.14,12.01,16.59,16.84,16.63,16.49,16.55,16.40,16.22,15.22,8.45,0.61,0.00,0.00,0.00,0.00,0.00
10/14/2016,10,14,0.00,0.00,0.00,0.00,0.00,0.00,0.00,2.14,11.85,16.42,16.60,16.53,16.41,16.55,16.40,16.22,15.22,7.91,0.49,0.00,0.00,0.00,0.00,0.00
10/15/2016,10,15,0.00,0.00,0.00,0.00,0.00,0.00,0.00,2.14,11.85,16.42,16.60,16.53,16.41,16.55,16.40,16.22,15.22,7.91,0.49,0.00,0.00,0.00,0.00,0.00
10/16/2016,10,16,0.00,0.00,0.00,0.00,0.00,0.00,0.00,2.14,11.85,16.42,16.60,16.53,16.41,16.55,16.40,15.81,15.22,7.75,0.49,0.00,0.00,0.00,0.00,0.00
10/17/2016,10,17,0.00,0.00,0.00,0.00,0.00,0.00,0.00,2.14,11.85,16.42,16.43,16.53,16.41,16.55,16.40,16.96,15.74,7.75,0.30,0.00,0.00,0.00,0.00,0.00
10/18/2016,10,18,0.00,0.00,0.00,0.00,0.00,0.00,0.00,1.69,11.85,16.42,16.43,16.53,16.41,16.55,16.44,16.96,15.74,7.75,0.30,0.00,0.00,0.00,0.00,0.00
10/19/2016,10,19,0.00,0.00,0.00,0.00,0.00,0.00,0.00,1.69,11.45,16.58,16.43,16.53,17.19,17.08,16.91,16.96,15.74,7.75,0.30,0.00,0.00,0.00,0.00,0.00
10/20/2016,10,20,0.00,0.00,0.00,0.00,0.00,0.00,0.00,1.19,10.80,16.58,16.39,16.49,17.19,17.08,16.91,16.96,15.74,6.79,0.15,0.00,0.00,0.00,0.00,0.00
10/21/2016,10,21,0.00,0.00,0.00,0.00,0.00,0.00,0.00,1.19,10.80,16.58,16.39,16.49,17.19,17.08,16.91,16.96,15.74,6.79,0.15,0.00,0.00,0.00,0.00,0.00
10/22/2016,10,22,0.00,0.00,0.00,0.00,0.00,0.00,0.00,1.19,10.80,16.58,16.39,16.37,17.19,17.08,16.91,16.96,15.74,6.79,0.15,0.00,0.00,0.00,0.00,0.00
10/23/2016,10,23,0.00,0.00,0.00,0.00,0.00,0.00,0.00,1.19,10.80,16.58,16.39,16.36,17.19,17.08,16.91,16.96,15.74,6.79,0.15,0.00,0.00,0.00,0.00,0.00
10/24/2016,10,24,0.00,0.00,0.00,0.00,0.00,0.00,0.00,1.19,10.80,16.58,16.39,16.79,17.19,17.08,16.91,16.74,15.48,6.68,0.11,0.00,0.00,0.00,0.00,0.00
10/25/2016,10,25,0.00,0.00,0.00,0.00,0.00,0.00,0.00,1.19,10.80,16.58,16.12,16.19,17.19,17.08,16.91,16.74,15.48,6.68,0.11,0.00,0.00,0.00,0.00,0.00
10/26/2016,10,26,0.00,0.00,0.00,0.00,0.00,0.00,0.00,1.19,10.80,15.53,16.12,16.19,16.10,16.08,16.12,15.84,14.67,6.24,0.07,0.00,0.00,0.00,0.00,0.00
10/27/2016,10,27,0.00,0.00,0.00,0.00,0.00,0.00,0.00,1.02,10.59,15.53,16.12,16.19,16.08,16.08,16.12,15.60,14.34,5.68,0.02,0.00,0.00,0.00,0.00,0.00
10/28/2016,10,28,0.00,0.00,0.00,0.00,0.00,0.00,0.00,1.02,10.59,15.53,16.12,16.19,16.08,16.08,15.87,15.60,14.34,5.68,0.02,0.00,0.00,0.00,0.00,0.00
10/29/2016,10,29,0.00,0.00,0.00,0.00,0.00,0.00,0.00,0.97,10.59,15.27,16.12,16.03,16.12,16.15,15.76,15.56,14.26,5.54,0.00,0.00,0.00,0.00,0.00,0.00
10/30/2016,10,30,0.00,0.00,0.00,0.00,0.00,0.00,0.00,0.90,10.49,15.30,16.19,16.25,16.45,16.15,15.70,15.56,14.22,5.29,0.00,0.00,0.00,0.00,0.00,0.00
10/31/2016,10,31,0.00,0.00,0.00,0.00,0.00,0.00,0.00,0.63,9.63,15.30,16.19,16.25,16.45,16.15,15.47,15.56,14.00,4.54,0.00,0.00,0.00,0.00,0.00,0.00
11/1/2016,11,1,0.00,0.00,0.00,0.00,0.00,0.00,0.00,0.58,9.63,15.30,16.19,16.25,16.45,16.15,15.89,16.01,14.33,4.30,0.00,0.00,0.00,0.00,0.00,0.00
11/2/2016,11,2,0.00,0.00,0.00,0.00,0.00,0.00,0.00,0.58,9.63,15.30,16.19,16.25,16.45,16.19,15.89,16.01,14.34,4.30,0.00,0.00,0.00,0.00,0.00,0.00
11/3/2016,11,3,0.00,0.00,0.00,0.00,0.00,0.00,0.00,0.58,9.63,15.30,16.19,16.25,16.45,16.19,15.89,16.01,14.34,4.30,0.00,0.00,0.00,0.00,0.00,0.00
11/4/2016,11,4,0.00,0.00,0.00,0.00,0.00,0.00,0.00,0.45,9.63,15.30,16.19,16.25,16.45,16.19,15.89,16.01,14.34,3.77,0.00,0.00,0.00,0.00,0.00,0.00
11/5/2016,11,5,0.00,0.00,0.00,0.00,0.00,0.00,0.00,0.45,9.63,15.30,16.19,16.25,16.45,16.19,15.89,16.01,14.34,3.77,0.00,0.00,0.00,0.00,0.00,0.00
11/6/2016,11,6,0.00,0.00,0.00,0.00,0.00,0.00,0.00,0.45,9.29,15.16,16.19,16.86,15.91,16.19,15.89,16.01,14.34,3.77,0.00,0.00,0.00,0.00,0.00,0.00
11/7/2016,11,7,0.00,0.00,0.00,0.00,0.00,0.00,0.00,0.36,9.29,15.17,16.19,16.86,15.91,16.19,15.89,16.01,14.34,3.77,0.00,0.00,0.00,0.00,0.00,0.00
11/8/2016,11,8,0.00,0.00,0.00,0.00,0.00,0.00,0.00,0.36,9.29,15.17,16.19,16.86,15.77,16.19,15.85,15.94,14.34,3.75,0.00,0.00,0.00,0.00,0.00,0.00
11/9/2016,11,9,0.00,0.00,0.00,0.00,0.00,0.00,0.00,0.36,9.29,15.17,15.89,16.86,15.77,15.71,15.85,15.94,13.77,3.53,0.00,0.00,0.00,0.00,0.00,0.00
11/10/2016,11,10,0.00,0.00,0.00,0.00,0.00,0.00,0.00,0.29,8.56,15.17,15.89,16.86,15.77,15.71,15.85,15.94,13.22,3.52,0.00,0.00,0.00,0.00,0.00,0.00
11/11/2016,11,11,0.00,0.00,0.00,0.00,0.00,0.00,0.00,0.29,8.56,15.17,15.89,16.86,15.68,15.71,15.85,15.94,13.22,2.78,0.00,0.00,0.00,0.00,0.00,0.00
11/12/2016,11,12,0.00,0.00,0.00,0.00,0.00,0.00,0.00,0.19,7.95,15.17,15.89,16.86,15.68,15.62,15.71,15.25,13.22,2.78,0.00,0.00,0.00,0.00,0.00,0.00
11/13/2016,11,13,0.00,0.00,0.00,0.00,0.00,0.00,0.00,0.19,7.95,15.17,15.89,15.79,15.68,15.62,15.71,15.25,13.22,2.78,0.00,0.00,0.00,0.00,0.00,0.00
11/14/2016,11,14,0.00,0.00,0.00,0.00,0.00,0.00,0.00,0.14,7.71,14.91,15.66,15.47,15.11,15.06,15.12,15.04,12.77,2.49,0.00,0.00,0.00,0.00,0.00,0.00
11/15/2016,11,15,0.00,0.00,0.00,0.00,0.00,0.00,0.00,0.06,7.39,14.67,15.66,15.47,15.11,15.06,15.12,14.80,12.77,2.49,0.00,0.00,0.00,0.00,0.00,0.00
11/16/2016,11,16,0.00,0.00,0.00,0.00,0.00,0.00,0.00,0.06,7.39,14.60,15.27,15.22,14.95,15.00,15.04,14.80,12.56,2.45,0.00,0.00,0.00,0.00,0.00,0.00
11/17/2016,11,17,0.00,0.00,0.00,0.00,0.00,0.00,0.00,0.03,7.14,14.60,15.27,15.22,14.91,15.00,15.04,14.80,12.55,2.29,0.00,0.00,0.00,0.00,0.00,0.00
11/18/2016,11,18,0.00,0.00,0.00,0.00,0.00,0.00,0.00,0.02,7.14,14.60,15.28,15.22,15.02,15.00,15.04,14.80,12.55,2.29,0.00,0.00,0.00,0.00,0.00,0.00
11/19/2016,11,19,0.00,0.00,0.00,0.00,0.00,0.00,0.00,0.00,6.69,14.20,15.28,15.22,15.16,14.99,15.04,14.72,12.43,2.27,0.00,0.00,0.00,0.00,0.00,0.00
11/20/2016,11,20,0.00,0.00,0.00,0.00,0.00,0.00,0.00,0.00,6.67,14.20,15.28,15.22,15.16,14.99,15.04,14.72,12.08,1.82,0.00,0.00,0.00,0.00,0.00,0.00
11/21/2016,11,21,0.00,0.00,0.00,0.00,0.00,0.00,0.00,0.00,6.04,13.76,15.28,15.14,15.16,14.99,15.04,14.72,12.08,1.82,0.00,0.00,0.00,0.00,0.00,0.00
11/22/2016,11,22,0.00,0.00,0.00,0.00,0.00,0.00,0.00,0.00,6.04,13.76,15.28,15.14,15.16,14.99,14.90,14.59,12.04,1.78,0.00,0.00,0.00,0.00,0.00,0.00
11/23/2016,11,23,0.00,0.00,0.00,0.00,0.00,0.00,0.00,0.00,6.04,13.76,15.28,15.14,15.16,14.99,14.90,14.59,11.53,1.78,0.00,0.00,0.00,0.00,0.00,0.00
11/24/2016,11,24,0.00,0.00,0.00,0.00,0.00,0.00,0.00,0.00,5.77,13.76,15.28,15.14,15.16,14.99,14.90,14.59,11.53,1.78,0.00,0.00,0.00,0.00,0.00,0.00
11/25/2016,11,25,0.00,0.00,0.00,0.00,0.00,0.00,0.00,0.00,5.48,13.67,15.10,15.09,15.16,14.97,14.90,14.59,11.40,1.72,0.00,0.00,0.00,0.00,0.00,0.00
11/26/2016,11,26,0.00,0.00,0.00,0.00,0.00,0.00,0.00,0.00,3.91,12.38,13.24,12.94,14.00,13.61,12.92,13.38,9.52,1.15,0.00,0.00,0.00,0.00,0.00,0.00
11/27/2016,11,27,0.00,0.00,0.00,0.00,0.00,0.00,0.00,0.00,2.65,9.95,12.10,16.08,15.90,16.21,16.32,15.99,11.09,1.45,0.00,0.00,0.00,0.00,0.00,0.00
11/28/2016,11,28,0.00,0.00,0.00,0.00,0.00,0.00,0.00,0.00,1.02,8.17,12.10,16.08,15.90,16.21,16.32,15.99,11.09,1.45,0.00,0.00,0.00,0.00,0.00,0.00
11/29/2016,11,29,0.00,0.00,0.00,0.00,0.00,0.00,0.00,0.00,1.02,8.17,11.95,16.08,15.90,16.21,16.32,15.99,11.09,1.45,0.00,0.00,0.00,0.00,0.00,0.00
11/30/2016,11,30,0.00,0.00,0.00,0.00,0.00,0.00,0.00,0.00,1.02,8.17,11.95,16.08,15.90,16.21,16.32,15.99,11.09,1.46,0.00,0.00,0.00,0.00,0.00,0.00
12/1/2016,12,1,0.00,0.00,0.00,0.00,0.00,0.00,0.00,0.00,1.02,8.17,11.95,16.08,15.90,16.21,16.32,15.99,11.09,1.46,0.00,0.00,0.00,0.00,0.00,0.00
12/2/2016,12,2,0.00,0.00,0.00,0.00,0.00,0.00,0.00,0.00,1.02,8.17,11.95,16.08,15.90,16.21,16.32,15.99,11.09,1.46,0.00,0.00,0.00,0.00,0.00,0.00
12/3/2016,12,3,0.00,0.00,0.00,0.00,0.00,0.00,0.00,0.00,1.02,8.17,11.95,16.08,15.90,16.21,16.32,15.99,11.09,1.46,0.00,0.00,0.00,0.00,0.00,0.00
12/4/2016,12,4,0.00,0.00,0.00,0.00,0.00,0.00,0.00,0.00,0.76,10.20,16.56,15.29,15.56,15.77,15.66,15.48,10.99,1.46,0.00,0.00,0.00,0.00,0.00,0.00
12/5/2016,12,5,0.00,0.00,0.00,0.00,0.00,0.00,0.00,0.00,1.63,10.72,16.56,16.15,15.84,15.77,15.39,15.13,10.28,1.46,0.00,0.00,0.00,0.00,0.00,0.00
12/6/2016,12,6,0.00,0.00,0.00,0.00,0.00,0.00,0.00,0.00,1.63,11.82,16.56,16.58,16.33,16.20,16.07,15.75,11.03,1.46,0.00,0.00,0.00,0.00,0.00,0.00
12/7/2016,12,7,0.00,0.00,0.00,0.00,0.00,0.00,0.00,0.00,2.50,13.02,16.56,16.58,16.33,16.20,16.07,15.75,11.10,1.36,0.00,0.00,0.00,0.00,0.00,0.00
12/8/2016,12,8,0.00,0.00,0.00,0.00,0.00,0.00,0.00,0.00,2.50,13.02,16.56,16.58,16.33,16.20,16.07,15.75,11.10,1.36,0.00,0.00,0.00,0.00,0.00,0.00
12/9/2016,12,9,0.00,0.00,0.00,0.00,0.00,0.00,0.00,0.00,2.50,13.02,16.56,16.58,16.33,16.20,16.07,15.75,11.10,1.34,0.00,0.00,0.00,0.00,0.00,0.00
12/10/2016,12,10,0.00,0.00,0.00,0.00,0.00,0.00,0.00,0.00,2.50,13.02,16.56,16.58,16.33,16.20,16.07,15.75,11.21,1.34,0.00,0.00,0.00,0.00,0.00,0.00
12/11/2016,12,11,0.00,0.00,0.00,0.00,0.00,0.00,0.00,0.00,2.50,13.02,16.53,16.58,16.33,16.20,16.09,15.94,11.37,1.34,0.00,0.00,0.00,0.00,0.00,0.00
12/12/2016,12,12,0.00,0.00,0.00,0.00,0.00,0.00,0.00,0.00,2.50,13.02,16.53,16.58,16.33,16.20,16.09,15.94,11.37,1.34,0.00,0.00,0.00,0.00,0.00,0.00
12/13/2016,12,13,0.00,0.00,0.00,0.00,0.00,0.00,0.00,0.00,2.50,13.02,16.47,16.34,16.04,15.95,16.09,15.94,11.37,1.34,0.00,0.00,0.00,0.00,0.00,0.00
12/14/2016,12,14,0.00,0.00,0.00,0.00,0.00,0.00,0.00,0.00,2.17,12.67,16.30,16.21,16.04,15.95,16.09,15.94,11.37,1.30,0.00,0.00,0.00,0.00,0.00,0.00
12/15/2016,12,15,0.00,0.00,0.00,0.00,0.00,0.00,0.00,0.00,2.17,12.67,16.30,16.21,16.04,15.95,16.09,15.94,11.37,1.30,0.00,0.00,0.00,0.00,0.00,0.00
12/16/2016,12,16,0.00,0.00,0.00,0.00,0.00,0.00,0.00,0.00,2.17,12.67,16.30,16.21,16.04,15.95,16.09,15.94,11.37,1.32,0.00,0.00,0.00,0.00,0.00,0.00
12/17/2016,12,17,0.00,0.00,0.00,0.00,0.00,0.00,0.00,0.00,2.17,12.67,16.00,16.19,16.04,15.95,16.09,15.94,11.37,1.33,0.00,0.00,0.00,0.00,0.00,0.00
12/18/2016,12,18,0.00,0.00,0.00,0.00,0.00,0.00,0.00,0.00,1.88,12.43,15.93,16.19,15.98,15.95,15.73,15.44,11.28,1.33,0.00,0.00,0.00,0.00,0.00,0.00
12/19/2016,12,19,0.00,0.00,0.00,0.00,0.00,0.00,0.00,0.00,1.88,12.43,15.93,16.19,15.98,15.95,15.60,15.37,11.28,1.33,0.00,0.00,0.00,0.00,0.00,0.00
12/20/2016,12,20,0.00,0.00,0.00,0.00,0.00,0.00,0.00,0.00,1.64,11.66,15.40,16.19,15.98,15.65,15.60,15.37,11.28,1.33,0.00,0.00,0.00,0.00,0.00,0.00
12/21/2016,12,21,0.00,0.00,0.00,0.00,0.00,0.00,0.00,0.00,1.64,11.66,15.40,15.80,15.62,15.55,15.56,15.37,11.28,1.45,0.00,0.00,0.00,0.00,0.00,0.00
12/22/2016,12,22,0.00,0.00,0.00,0.00,0.00,0.00,0.00,0.00,1.60,11.66,15.40,15.62,15.62,15.55,15.56,15.37,11.28,1.45,0.00,0.00,0.00,0.00,0.00,0.00
12/23/2016,12,23,0.00,0.00,0.00,0.00,0.00,0.00,0.00,0.00,1.29,11.33,15.27,15.87,15.58,15.44,15.43,15.11,11.06,1.45,0.00,0.00,0.00,0.00,0.00,0.00
12/24/2016,12,24,0.00,0.00,0.00,0.00,0.00,0.00,0.00,0.00,1.07,10.70,15.25,15.87,15.58,15.44,15.43,15.11,11.30,1.71,0.00,0.00,0.00,0.00,0.00,0.00
12/25/2016,12,25,0.00,0.00,0.00,0.00,0.00,0.00,0.00,0.00,1.07,10.70,15.25,15.87,15.45,15.35,15.43,15.11,11.30,1.71,0.00,0.00,0.00,0.00,0.00,0.00
12/26/2016,12,26,0.00,0.00,0.00,0.00,0.00,0.00,0.00,0.00,1.07,10.70,15.25,15.87,15.45,15.35,15.43,15.11,11.58,1.87,0.00,0.00,0.00,0.00,0.00,0.00
12/27/2016,12,27,0.00,0.00,0.00,0.00,0.00,0.00,0.00,0.00,1.07,10.70,15.25,15.87,15.51,15.35,15.43,15.11,11.58,1.87,0.00,0.00,0.00,0.00,0.00,0.00
12/28/2016,12,28,0.00,0.00,0.00,0.00,0.00,0.00,0.00,0.00,1.07,10.70,15.25,15.87,15.51,15.35,15.43,15.11,11.58,1.93,0.00,0.00,0.00,0.00,0.00,0.00
12/29/2016,12,29,0.00,0.00,0.00,0.00,0.00,0.00,0.00,0.00,1.07,10.70,15.25,15.87,15.51,15.35,15.43,15.11,11.58,1.93,0.00,0.00,0.00,0.00,0.00,0.00
12/30/2016,12,30,0.00,0.00,0.00,0.00,0.00,0.00,0.00,0.00,1.07,10.70,15.02,15.46,15.51,15.05,15.20,14.91,11.58,2.07,0.00,0.00,0.00,0.00,0.00,0.00
12/31/2016,12,31,0.00,0.00,0.00,0.00,0.00,0.00,0.00,0.00,0.98,10.62,15.00,15.46,15.51,15.05,15.20,15.23,12.03,2.33,0.00,0.00,0.00,0.00,0.00,0.00
1/1/2016,1,1,0.00,0.00,0.00,0.00,0.00,0.00,0.00,0.00,0.98,10.62,15.00,15.46,15.51,15.05,15.20,15.23,12.03,2.33,0.00,0.00,0.00,0.00,0.00,0.00
1/2/2016,1,2,0.00,0.00,0.00,0.00,0.00,0.00,0.00,0.00,0.98,10.62,15.00,15.46,15.51,15.05,15,15,12.03,2.33,0.00,0.00,0.00,0.00,0.00,0.00
1/3/2016,1,3,0.00,0.00,0.00,0.00,0.00,0.00,0.00,0.00,0.98,10.62,15.00,15.46,15.51,15.05,15,15,12.03,2.33,0.00,0.00,0.00,0.00,0.00,0.00
1/4/2016,1,4,0.00,0.00,0.00,0.00,0.00,0.00,0.00,0.00,0.98,10.62,15.00,15.46,15.51,15.05,15,15,12.03,2.33,0.00,0.00,0.00,0.00,0.00,0.00
1/5/2016,1,5,0.00,0.00,0.00,0.00,0.00,0.00,0.00,0.00,0.98,10.62,15.00,15.46,15.51,15.05,15,15,12.03,2.33,0.00,0.00,0.00,0.00,0.00,0.00
1/6/2016,1,6,0.00,0.00,0.00,0.00,0.00,0.00,0.00,0.00,0.98,10.62,15.00,15.46,15.51,15.05,15,15,12.03,2.33,0.00,0.00,0.00,0.00,0.00,0.00
1/7/2016,1,7,0.00,0.00,0.00,0.00,0.00,0.00,0.00,0.00,0.98,10.62,15.00,15.46,15.51,15.05,15,15,12.03,2.33,0.00,0.00,0.00,0.00,0.00,0.00
1/8/2016,1,8,0.00,0.00,0.00,0.00,0.00,0.00,0.00,0.00,0.98,10.62,15.00,15.46,15.51,15.05,15,15,12.03,2.33,0.00,0.00,0.00,0.00,0.00,0.00
1/9/2016,1,9,0.00,0.00,0.00,0.00,0.00,0.00,0.00,0.00,0.98,10.62,15.00,15.46,15.51,15.05,15,15,12.03,2.33,0.00,0.00,0.00,0.00,0.00,0.00
1/10/2016,1,10,0.00,0.00,0.00,0.00,0.00,0.00,0.00,0.00,0.98,10.62,15.00,15.46,15.51,15.05,15,15,12.03,2.33,0.00,0.00,0.00,0.00,0.00,0.00
1/11/2016,1,11,0.00,0.00,0.00,0.00,0.00,0.00,0.00,0.00,0.98,10.62,15.00,15.46,15.51,15.05,15,15,12.03,2.33,0.00,0.00,0.00,0.00,0.00,0.00
1/12/2016,1,12,0.00,0.00,0.00,0.00,0.00,0.00,0.00,0.00,0.98,10.62,15.00,15.46,15.51,15.05,15,15,12.03,2.33,0.00,0.00,0.00,0.00,0.00,0.00
1/13/2016,1,13,0.00,0.00,0.00,0.00,0.00,0.00,0.00,0.00,0.98,10.62,15.00,15.46,15.51,15.05,15,15,12.03,2.33,0.00,0.00,0.00,0.00,0.00,0.00
1/14/2016,1,14,0.00,0.00,0.00,0.00,0.00,0.00,0.00,0.00,0.98,10.62,15.00,15.46,15.51,15.05,15,15,12.03,2.33,0.00,0.00,0.00,0.00,0.00,0.00
1/15/2016,1,15,0.00,0.00,0.00,0.00,0.00,0.00,0.00,0.00,0.98,10.62,15.00,15.46,15.51,15.05,15,15,12.03,2.33,0.00,0.00,0.00,0.00,0.00,0.00
1/16/2016,1,16,0.00,0.00,0.00,0.00,0.00,0.00,0.00,0.00,0.98,10.62,15.00,15.46,15.51,15.05,15,15,12.03,2.33,0.00,0.00,0.00,0.00,0.00,0.00
