SanLouis,Month,Day,1,2,3,4,5,6,7,8,9,10,11,12,13,14,15,16,17,18,19,20,21,22,23,24
1/1/2016,1,1,0.00,0.00,0.00,0.00,0.00,0.00,0.00,0.00,0.87,14.21,22.09,21.97,19.77,19.38,21.92,25.47,15.43,1.59,0.00,0.00,0.00,0.00,0.00,0.00
1/2/2016,1,2,0.00,0.00,0.00,0.00,0.00,0.00,0.00,0.00,0.56,8.69,16.60,21.97,19.77,19.38,21.92,25.47,15.43,1.59,0.00,0.00,0.00,0.00,0.00,0.00
1/3/2016,1,3,0.00,0.00,0.00,0.00,0.00,0.00,0.00,0.00,0.56,8.69,15.80,21.97,19.53,19.38,21.92,25.47,12.92,0.84,0.00,0.00,0.00,0.00,0.00,0.00
1/4/2016,1,4,0.00,0.00,0.00,0.00,0.00,0.00,0.00,0.00,0.56,8.69,15.80,21.97,19.53,19.36,21.56,22.88,12.92,0.84,0.00,0.00,0.00,0.00,0.00,0.00
1/5/2016,1,5,0.00,0.00,0.00,0.00,0.00,0.00,0.00,0.00,0.56,6.01,11.15,14.34,11.29,12.06,13.75,13.10,7.73,0.84,0.03,0.00,0.00,0.00,0.00,0.00
1/6/2016,1,6,0.00,0.00,0.00,0.00,0.00,0.00,0.00,0.00,0.38,3.91,10.18,14.34,10.37,8.99,9.67,11.27,5.86,0.76,0.03,0.00,0.00,0.00,0.00,0.00
1/7/2016,1,7,0.00,0.00,0.00,0.00,0.00,0.00,0.00,0.00,0.38,3.91,7.87,8.06,7.30,7.05,7.97,8.89,5.86,0.76,0.03,0.00,0.00,0.00,0.00,0.00
1/8/2016,1,8,0.00,0.00,0.00,0.00,0.00,0.00,0.00,0.00,0.22,3.91,7.87,8.06,7.30,7.05,8.04,8.89,5.86,0.78,0.03,0.00,0.00,0.00,0.00,0.00
1/9/2016,1,9,0.00,0.00,0.00,0.00,0.00,0.00,0.00,0.00,0.22,3.91,7.87,8.06,7.30,7.05,8.04,8.89,5.86,0.78,0.03,0.00,0.00,0.00,0.00,0.00
1/10/2016,1,10,0.00,0.00,0.00,0.00,0.00,0.00,0.00,0.00,0.22,4.61,7.87,8.06,7.30,7.05,8.04,8.89,5.81,0.96,0.03,0.00,0.00,0.00,0.00,0.00
1/11/2016,1,11,0.00,0.00,0.00,0.00,0.00,0.00,0.00,0.00,0.22,4.61,7.61,7.45,6.69,6.32,7.06,7.45,5.81,0.96,0.03,0.00,0.00,0.00,0.00,0.00
1/12/2016,1,12,0.00,0.00,0.00,0.00,0.00,0.00,0.01,0.00,0.22,4.61,7.61,7.45,6.69,6.32,7.06,7.45,5.81,0.96,0.01,0.00,0.00,0.00,0.00,0.00
1/13/2016,1,13,0.00,0.00,0.00,0.00,0.00,0.00,0.01,0.00,0.22,4.61,16.37,21.23,18.99,18.49,20.57,22.28,13.36,1.58,0.01,0.00,0.00,0.00,0.00,0.00
1/14/2016,1,14,0.00,0.00,0.00,0.00,0.00,0.00,0.01,0.00,0.84,12.75,21.17,21.23,19.77,18.49,20.57,22.28,15.32,3.06,0.01,0.00,0.00,0.00,0.00,0.00
1/15/2016,1,15,0.00,0.00,0.00,0.00,0.00,0.00,0.01,0.00,0.84,12.75,21.17,21.23,19.77,18.49,20.57,22.28,16.60,3.42,0.01,0.00,0.00,0.00,0.00,0.00
1/16/2016,1,16,0.00,0.00,0.00,0.00,0.00,0.00,0.01,0.00,0.98,13.73,21.17,21.49,19.77,18.49,20.57,22.28,16.60,4.04,0.01,0.00,0.00,0.00,0.00,0.00
1/17/2016,1,17,0.00,0.00,0.00,0.00,0.00,0.00,0.01,0.00,1.12,13.90,21.64,21.49,19.77,18.49,20.57,22.28,18.51,4.12,0.01,0.00,0.00,0.00,0.00,0.00
1/18/2016,1,18,0.00,0.00,0.00,0.00,0.00,0.00,0.01,0.00,1.12,13.90,21.64,21.49,19.77,18.49,20.57,22.28,18.98,4.46,0.01,0.00,0.00,0.00,0.00,0.00
1/19/2016,1,19,0.00,0.00,0.00,0.00,0.00,0.00,0.00,0.00,1.12,13.90,21.64,21.49,19.77,18.49,20.57,22.28,19.58,4.75,0.00,0.00,0.00,0.00,0.00,0.00
1/20/2016,1,20,0.00,0.00,0.00,0.00,0.00,0.00,0.00,0.00,1.12,13.90,21.64,21.49,19.77,19.04,20.56,22.00,19.83,5.01,0.00,0.00,0.00,0.00,0.00,0.00
1/21/2016,1,21,0.00,0.00,0.00,0.00,0.00,0.00,0.00,0.00,1.12,13.90,21.64,22.23,19.81,19.04,20.79,22.11,20.05,5.28,0.00,0.00,0.00,0.00,0.00,0.00
1/22/2016,1,22,0.00,0.00,0.00,0.00,0.00,0.00,0.00,0.00,1.12,13.90,22.19,22.23,19.97,19.12,20.79,22.11,20.05,5.46,0.00,0.00,0.00,0.00,0.00,0.00
1/23/2016,1,23,0.00,0.00,0.00,0.00,0.00,0.00,0.00,0.00,1.31,14.13,22.90,22.24,19.97,19.12,20.79,22.23,20.64,5.99,0.00,0.00,0.00,0.00,0.00,0.00
1/24/2016,1,24,0.00,0.00,0.00,0.00,0.00,0.00,0.00,0.00,1.31,14.13,22.90,22.38,19.97,19.58,20.79,22.23,20.64,5.99,0.00,0.00,0.00,0.00,0.00,0.00
1/25/2016,1,25,0.00,0.00,0.00,0.00,0.00,0.00,0.00,0.00,1.38,14.13,22.90,22.38,19.97,19.58,20.79,22.23,20.64,5.99,0.00,0.00,0.00,0.00,0.00,0.00
1/26/2016,1,26,0.00,0.00,0.00,0.00,0.00,0.00,0.00,0.00,1.38,14.13,22.90,22.38,19.97,19.58,20.79,22.23,20.64,5.99,0.07,0.00,0.00,0.00,0.00,0.00
1/27/2016,1,27,0.00,0.00,0.00,0.00,0.00,0.00,0.00,0.00,1.38,14.13,22.90,22.38,19.97,19.58,20.79,22.23,20.64,5.99,0.07,0.00,0.00,0.00,0.00,0.00
1/28/2016,1,28,0.00,0.00,0.00,0.00,0.00,0.00,0.00,0.00,1.38,14.13,22.90,22.38,19.97,19.58,20.63,22.23,20.64,7.08,0.07,0.00,0.00,0.00,0.00,0.00
1/29/2016,1,29,0.00,0.00,0.00,0.00,0.00,0.00,0.00,0.00,1.38,14.13,22.90,22.38,19.97,19.58,20.63,22.23,21.33,7.34,0.07,0.00,0.00,0.00,0.00,0.00
1/30/2016,1,30,0.00,0.00,0.00,0.00,0.00,0.00,0.00,0.00,1.38,11.08,20.15,22.38,19.78,19.58,20.63,23.32,22.26,7.34,0.24,0.00,0.00,0.00,0.00,0.00
1/31/2016,1,31,0.00,0.00,0.00,0.00,0.00,0.00,0.00,0.00,1.84,14.74,19.94,19.61,19.63,19.15,20.63,23.32,22.26,7.34,0.24,0.00,0.00,0.00,0.00,0.00
2/1/2016,2,1,0.00,0.00,0.00,0.00,0.00,0.00,0.00,0.00,2.28,14.88,19.94,19.22,20.19,19.77,20.74,23.32,22.26,8.58,0.24,0.00,0.00,0.00,0.00,0.00
2/2/2016,2,2,0.00,0.00,0.00,0.00,0.00,0.00,0.00,0.00,2.29,17.26,22.78,21.98,20.19,19.77,20.74,23.32,22.26,8.76,0.24,0.00,0.00,0.00,0.00,0.00
2/3/2016,2,3,0.00,0.00,0.00,0.00,0.00,0.00,0.00,0.00,2.55,17.32,23.13,21.98,20.19,19.77,20.74,23.32,22.26,8.76,0.24,0.00,0.00,0.00,0.00,0.00
2/4/2016,2,4,0.00,0.00,0.00,0.00,0.00,0.00,0.00,0.00,2.55,17.32,23.13,21.98,20.19,19.77,20.74,23.32,22.26,8.76,0.24,0.00,0.00,0.00,0.00,0.00
2/5/2016,2,5,0.00,0.00,0.00,0.00,0.00,0.00,0.00,0.00,2.71,18.18,23.13,22.43,20.40,19.95,20.74,23.32,22.26,10.46,0.24,0.00,0.00,0.00,0.00,0.00
2/6/2016,2,6,0.00,0.00,0.00,0.00,0.00,0.00,0.00,0.00,3.22,18.18,23.13,22.58,20.92,20.05,21.02,22.52,22.02,10.46,0.37,0.00,0.00,0.00,0.00,0.00
2/7/2016,2,7,0.00,0.00,0.00,0.00,0.00,0.00,0.00,0.00,3.22,18.72,23.13,22.58,20.92,20.05,21.02,22.52,22.02,10.46,0.37,0.00,0.00,0.00,0.00,0.00
2/8/2016,2,8,0.00,0.00,0.00,0.00,0.00,0.00,0.00,0.00,3.63,19.21,23.78,22.77,20.94,20.14,21.26,22.63,22.21,10.83,0.46,0.00,0.00,0.00,0.00,0.00
2/9/2016,2,9,0.00,0.00,0.00,0.00,0.00,0.00,0.00,0.00,3.63,19.21,23.78,22.77,20.94,20.14,21.26,22.88,22.54,10.93,0.46,0.00,0.00,0.00,0.00,0.00
2/10/2016,2,10,0.00,0.00,0.00,0.00,0.00,0.00,0.00,0.00,3.88,19.21,23.78,22.77,20.94,20.14,21.26,22.88,22.54,10.93,0.46,0.00,0.00,0.00,0.00,0.00
2/11/2016,2,11,0.00,0.00,0.00,0.00,0.00,0.00,0.00,0.00,3.88,19.21,23.78,22.77,20.98,20.14,21.26,22.88,22.54,10.93,0.48,0.00,0.00,0.00,0.00,0.00
2/12/2016,2,12,0.00,0.00,0.00,0.00,0.00,0.00,0.00,0.00,3.88,19.21,23.78,22.77,20.98,20.14,21.26,22.88,22.54,10.93,0.59,0.00,0.00,0.00,0.00,0.00
2/13/2016,2,13,0.00,0.00,0.00,0.00,0.00,0.00,0.00,0.00,4.29,19.52,23.78,22.77,20.98,20.32,21.26,22.88,22.54,11.77,0.77,0.00,0.00,0.00,0.00,0.00
2/14/2016,2,14,0.00,0.00,0.00,0.00,0.00,0.00,0.00,0.00,4.69,20.22,23.78,22.77,20.98,20.32,21.26,22.88,22.54,12.98,0.82,0.00,0.00,0.00,0.00,0.00
2/15/2016,2,15,0.00,0.00,0.00,0.00,0.00,0.00,0.00,0.00,4.71,20.22,23.68,22.08,20.98,20.32,21.34,23.46,24.24,13.88,0.99,0.00,0.00,0.00,0.00,0.00
2/16/2016,2,16,0.00,0.00,0.00,0.00,0.00,0.00,0.00,0.00,4.71,20.22,23.68,23.24,22.99,22.53,22.66,24.26,24.24,14.35,1.07,0.00,0.00,0.00,0.00,0.00
2/17/2016,2,17,0.00,0.00,0.00,0.00,0.00,0.00,0.00,0.00,5.83,21.41,24.18,23.24,22.99,22.53,22.66,24.26,24.24,14.35,1.18,0.00,0.00,0.00,0.00,0.00
2/18/2016,2,18,0.00,0.00,0.00,0.00,0.00,0.00,0.00,0.00,5.83,21.41,24.18,23.24,22.99,22.53,22.66,24.26,24.24,14.35,1.21,0.00,0.00,0.00,0.00,0.00
2/19/2016,2,19,0.00,0.00,0.00,0.00,0.00,0.00,0.00,0.00,6.43,22.61,25.79,24.66,23.16,22.53,23.18,24.63,24.26,15.29,1.42,0.00,0.00,0.00,0.00,0.00
2/20/2016,2,20,0.00,0.00,0.00,0.00,0.00,0.00,0.00,0.00,6.43,22.61,25.79,24.66,23.16,22.53,23.18,24.63,24.26,15.29,1.42,0.00,0.00,0.00,0.00,0.00
2/21/2016,2,21,0.00,0.00,0.00,0.00,0.00,0.00,0.00,0.00,6.43,22.61,25.79,24.66,23.16,22.53,23.18,24.63,24.26,15.29,1.42,0.00,0.00,0.00,0.00,0.00
2/22/2016,2,22,0.00,0.00,0.00,0.00,0.00,0.00,0.03,0.02,6.43,22.61,25.79,24.66,23.16,22.53,23.18,24.63,24.26,15.29,1.42,0.00,0.00,0.00,0.00,0.00
2/23/2016,2,23,0.00,0.00,0.00,0.00,0.00,0.00,0.03,0.03,6.43,22.61,25.79,24.66,23.16,22.47,23.18,24.63,24.26,15.29,1.42,0.00,0.00,0.00,0.00,0.00
2/24/2016,2,24,0.00,0.00,0.00,0.00,0.00,0.00,0.03,0.03,7.98,25.15,27.49,26.28,25.12,24.63,23.18,24.63,25.29,16.01,1.49,0.00,0.00,0.00,0.00,0.00
2/25/2016,2,25,0.00,0.00,0.00,0.00,0.00,0.00,0.03,0.03,7.98,25.15,27.49,26.28,26.11,24.63,25.06,24.63,25.29,16.01,1.49,0.00,0.00,0.00,0.00,0.00
2/26/2016,2,26,0.00,0.00,0.00,0.00,0.00,0.00,0.03,0.03,10.12,25.84,28.29,27.04,26.11,24.89,25.54,26.96,27.11,19.02,2.31,0.00,0.00,0.00,0.00,0.00
2/27/2016,2,27,0.00,0.00,0.00,0.00,0.00,0.00,0.03,0.05,10.60,26.54,28.29,27.04,26.11,24.89,25.54,26.96,27.11,19.02,2.31,0.00,0.00,0.00,0.00,0.00
2/28/2016,2,28,0.00,0.00,0.00,0.00,0.00,0.00,0.03,0.11,11.37,27.14,28.78,27.04,26.11,24.89,25.73,26.96,27.22,19.97,2.68,0.00,0.00,0.00,0.00,0.00
3/1/2016,3,1,0.00,0.00,0.00,0.00,0.00,0.00,0.03,0.19,11.37,27.14,28.78,27.04,26.11,24.89,25.73,26.96,27.22,19.97,2.68,0.00,0.00,0.00,0.00,0.00
3/2/2016,3,2,0.00,0.00,0.00,0.00,0.00,0.00,0.00,0.19,11.72,27.14,28.78,27.57,26.19,25.20,26.23,27.64,27.70,19.97,3.01,0.00,0.00,0.00,0.00,0.00
3/3/2016,3,3,0.00,0.00,0.00,0.00,0.00,0.00,0.00,0.25,11.72,27.14,28.78,27.57,26.19,25.20,26.23,27.64,27.70,19.97,3.06,0.00,0.00,0.00,0.00,0.00
3/4/2016,3,4,0.00,0.00,0.00,0.00,0.00,0.00,0.00,0.25,11.72,27.14,28.78,27.57,26.19,25.20,26.23,27.64,27.70,19.97,3.06,0.00,0.00,0.00,0.00,0.00
3/5/2016,3,5,0.00,0.00,0.00,0.00,0.00,0.00,0.00,0.25,11.72,27.14,28.78,27.57,26.19,25.20,26.23,27.64,27.70,21.93,4.02,0.00,0.00,0.00,0.00,0.00
3/6/2016,3,6,0.00,0.00,0.00,0.00,0.00,0.00,0.00,0.53,13.51,27.22,28.78,27.57,26.20,25.88,26.61,27.64,27.70,21.93,4.02,0.00,0.00,0.00,0.00,0.00
3/7/2016,3,7,0.00,0.00,0.00,0.00,0.00,0.00,0.00,0.53,13.51,27.22,28.44,27.57,26.36,25.88,26.61,27.99,27.70,21.93,4.02,0.00,0.00,0.00,0.00,0.00
3/8/2016,3,8,0.00,0.00,0.00,0.00,0.00,0.00,0.00,0.53,14.97,27.22,28.44,27.57,26.61,26.07,26.83,28.12,28.33,22.43,4.28,0.00,0.00,0.00,0.00,0.00
3/9/2016,3,9,0.00,0.00,0.00,0.00,0.00,0.00,0.00,1.15,14.97,27.22,28.41,27.41,26.61,26.07,26.83,28.12,28.33,22.43,4.28,0.00,0.00,0.00,0.00,0.00
3/10/2016,3,10,0.00,0.00,0.00,0.00,0.00,0.00,0.00,1.15,14.97,27.22,28.41,27.41,26.61,26.07,26.83,28.12,28.33,22.43,4.28,0.00,0.00,0.00,0.00,0.00
3/11/2016,3,11,0.00,0.00,0.00,0.00,0.00,0.00,0.00,1.15,14.97,27.22,28.41,27.41,26.61,28.01,29.21,29.04,28.85,23.25,4.74,0.00,0.00,0.00,0.00,0.00
3/12/2016,3,12,0.00,0.00,0.00,0.00,0.00,0.00,0.00,1.15,14.97,27.98,28.75,27.88,26.94,28.01,29.21,29.04,28.85,23.25,4.74,0.00,0.00,0.00,0.00,0.00
3/13/2016,3,13,0.00,0.00,0.00,0.00,0.00,0.00,0.00,1.15,14.97,27.98,28.75,27.88,27.14,28.01,29.21,29.04,28.85,23.25,4.74,0.00,0.00,0.00,0.00,0.00
3/14/2016,3,14,0.00,0.00,0.00,0.00,0.00,0.00,0.00,1.82,17.95,28.11,28.75,27.88,27.14,28.01,29.21,29.04,28.85,23.25,4.74,0.00,0.00,0.00,0.00,0.00
3/15/2016,3,15,0.00,0.00,0.00,0.00,0.00,0.00,0.00,1.82,17.95,28.42,29.07,27.88,27.14,28.01,29.21,29.04,28.85,23.89,5.83,0.00,0.00,0.00,0.00,0.00
3/16/2016,3,16,0.00,0.00,0.00,0.00,0.00,0.00,0.00,1.82,17.95,28.42,29.10,27.97,27.14,28.01,29.21,29.04,28.85,23.89,6.31,0.00,0.00,0.00,0.00,0.00
3/17/2016,3,17,0.00,0.00,0.00,0.00,0.00,0.00,0.00,1.82,17.95,28.42,29.10,27.97,27.14,28.01,29.21,29.04,28.85,23.89,6.31,0.00,0.00,0.00,0.00,0.00
3/18/2016,3,18,0.00,0.00,0.00,0.00,0.00,0.00,0.00,1.82,17.95,28.42,29.10,27.97,27.14,27.23,27.81,27.96,28.30,23.89,6.31,0.00,0.00,0.00,0.00,0.00
3/19/2016,3,19,0.00,0.00,0.00,0.00,0.00,0.00,0.00,2.42,19.77,28.73,29.10,27.97,28.08,27.23,29.22,28.74,28.30,23.89,6.31,0.00,0.00,0.00,0.00,0.00
3/20/2016,3,20,0.00,0.00,0.00,0.00,0.00,0.00,0.00,2.42,19.77,28.73,29.10,27.97,28.08,27.23,29.22,28.74,28.30,23.89,6.31,0.00,0.00,0.00,0.00,0.00
3/21/2016,3,21,0.00,0.00,0.00,0.00,0.00,0.00,0.00,2.75,20.77,28.73,29.10,27.97,28.08,27.23,29.22,28.74,28.30,23.89,6.31,0.00,0.00,0.00,0.00,0.00
3/22/2016,3,22,0.00,0.00,0.00,0.00,0.00,0.00,0.00,2.75,20.77,28.73,29.10,27.97,28.08,27.23,29.22,28.74,28.18,21.95,6.80,0.00,0.00,0.00,0.00,0.00
3/23/2016,3,23,0.00,0.00,0.00,0.00,0.00,0.00,0.00,3.77,21.96,28.73,28.90,27.90,28.50,27.23,29.22,28.74,28.18,21.95,6.80,0.00,0.00,0.00,0.00,0.00
3/24/2016,3,24,0.00,0.00,0.00,0.00,0.00,0.00,0.00,3.77,21.96,28.73,28.90,27.90,28.50,27.23,29.22,28.74,28.18,21.95,6.80,0.00,0.00,0.00,0.00,0.00
3/25/2016,3,25,0.00,0.00,0.00,0.00,0.00,0.00,0.00,4.28,23.40,29.43,29.42,29.24,28.50,27.08,29.22,28.74,28.18,21.95,6.80,0.00,0.00,0.00,0.00,0.00
3/26/2016,3,26,0.00,0.00,0.00,0.00,0.00,0.00,0.00,4.85,24.10,29.54,29.51,29.50,28.67,28.91,29.02,28.88,28.75,25.99,7.51,0.00,0.00,0.00,0.00,0.00
3/27/2016,3,27,0.00,0.00,0.00,0.00,0.00,0.00,0.00,4.85,24.10,29.54,29.51,29.50,28.67,28.91,29.02,28.88,28.75,25.99,7.51,0.00,0.00,0.00,0.00,0.00
3/28/2016,3,28,0.00,0.00,0.00,0.00,0.00,0.00,0.00,4.85,24.10,29.54,29.51,29.50,28.67,28.91,29.02,28.88,28.75,25.99,7.51,0.00,0.00,0.00,0.00,0.00
3/29/2016,3,29,0.00,0.00,0.00,0.00,0.00,0.00,0.00,4.85,24.10,29.54,29.51,29.50,28.67,28.91,29.02,28.88,28.75,25.99,7.51,0.00,0.00,0.00,0.00,0.00
3/30/2016,3,30,0.00,0.00,0.00,0.00,0.00,0.00,0.00,5.33,24.10,29.54,29.51,29.50,28.67,28.91,29.02,28.88,28.75,25.99,7.51,0.00,0.00,0.00,0.00,0.00
3/31/2016,3,31,0.00,0.00,0.00,0.00,0.00,0.00,0.00,6.22,24.10,29.54,29.51,29.50,28.67,28.91,29.02,28.88,28.75,25.99,7.51,0.00,0.00,0.00,0.00,0.00
4/1/2016,4,1,0.00,0.00,0.00,0.00,0.00,0.00,0.00,7.12,24.94,29.54,29.51,29.50,28.67,28.91,29.02,28.88,28.75,25.99,7.51,0.00,0.00,0.00,0.00,0.00
4/2/2016,4,2,0.00,0.00,0.00,0.00,0.00,0.00,0.00,7.12,24.94,29.30,28.96,28.85,28.11,28.80,27.78,27.48,26.69,24.71,6.13,0.00,0.00,0.00,0.00,0.00
4/3/2016,4,3,0.00,0.00,0.00,0.00,0.00,0.00,0.00,7.90,25.06,29.30,28.96,28.85,28.11,28.80,27.78,27.48,26.69,24.71,6.13,0.00,0.00,0.00,0.00,0.00
4/4/2016,4,4,0.00,0.00,0.00,0.00,0.00,0.00,0.00,7.90,25.06,29.30,28.96,28.85,28.11,28.80,27.78,27.48,26.69,24.71,10.47,0.00,0.00,0.00,0.00,0.00
4/5/2016,4,5,0.00,0.00,0.00,0.00,0.00,0.00,0.00,8.45,25.67,29.32,28.96,29.17,28.94,28.87,27.80,28.19,27.17,24.71,10.47,0.00,0.00,0.00,0.00,0.00
4/6/2016,4,6,0.00,0.00,0.00,0.00,0.00,0.00,0.00,8.45,25.67,29.32,28.96,29.17,28.94,28.87,27.80,28.19,27.17,27.51,10.47,0.00,0.00,0.00,0.00,0.00
4/7/2016,4,7,0.00,0.00,0.00,0.00,0.00,0.00,0.10,8.69,25.67,29.32,29.17,29.17,28.94,28.87,27.80,28.19,27.17,27.51,10.47,0.00,0.00,0.00,0.00,0.00
4/8/2016,4,8,0.00,0.00,0.00,0.00,0.00,0.00,0.10,8.69,25.67,29.32,29.32,29.17,28.94,28.87,27.80,28.19,27.17,27.51,10.47,0.00,0.00,0.00,0.00,0.00
4/9/2016,4,9,0.00,0.00,0.00,0.00,0.00,0.00,0.10,8.69,25.67,29.32,29.32,29.17,28.94,29.13,27.80,28.19,27.17,27.51,10.47,0.00,0.00,0.00,0.00,0.00
4/10/2016,4,10,0.00,0.00,0.00,0.00,0.00,0.00,0.10,8.69,25.67,29.32,29.32,29.17,28.94,29.13,27.80,28.19,27.17,27.51,10.47,0.00,0.00,0.00,0.00,0.00
4/11/2016,4,11,0.00,0.00,0.00,0.00,0.00,0.00,0.10,8.69,25.67,29.32,29.32,29.17,28.94,29.13,27.80,28.19,27.17,27.51,9.50,0.00,0.00,0.00,0.00,0.00
4/12/2016,4,12,0.00,0.00,0.00,0.00,0.00,0.00,0.26,11.98,25.04,29.13,29.32,28.28,26.92,29.13,28.65,23.47,25.62,27.51,11.60,0.00,0.00,0.00,0.00,0.00
4/13/2016,4,13,0.00,0.00,0.00,0.00,0.00,0.00,0.32,11.98,26.01,29.13,29.32,28.28,26.92,29.13,28.65,23.47,21.44,25.21,12.02,0.00,0.00,0.00,0.00,0.00
4/14/2016,4,14,0.00,0.00,0.00,0.00,0.00,0.00,0.44,12.31,26.01,29.13,29.32,28.28,26.92,29.13,28.65,24.44,21.44,25.21,12.02,0.00,0.00,0.00,0.00,0.00
4/15/2016,4,15,0.00,0.00,0.00,0.00,0.00,0.00,0.44,12.31,26.01,27.89,28.45,28.28,26.92,29.13,28.65,24.44,26.14,26.30,13.57,0.00,0.00,0.00,0.00,0.00
4/16/2016,4,16,0.00,0.00,0.00,0.00,0.00,0.00,0.44,12.31,26.01,27.89,28.45,28.28,26.92,28.40,28.65,25.33,26.14,26.30,13.57,0.00,0.00,0.00,0.00,0.00
4/17/2016,4,17,0.00,0.00,0.00,0.00,0.00,0.00,0.45,12.46,27.26,27.89,28.46,28.28,26.92,28.40,28.65,25.33,26.14,26.30,13.57,0.00,0.00,0.00,0.00,0.00
4/18/2016,4,18,0.00,0.00,0.00,0.00,0.00,0.00,0.45,12.46,27.26,27.89,28.46,26.72,27.88,28.40,28.65,25.33,26.14,26.30,13.57,0.00,0.00,0.00,0.00,0.00
4/19/2016,4,19,0.00,0.00,0.00,0.00,0.00,0.00,0.45,12.46,27.26,27.89,28.46,27.41,27.88,26.75,26.62,25.33,26.14,26.30,13.57,0.00,0.00,0.00,0.00,0.00
4/20/2016,4,20,0.00,0.00,0.00,0.00,0.00,0.00,0.65,14.18,28.26,29.21,29.38,29.32,28.99,29.22,29.40,29.27,27.23,26.30,13.57,0.00,0.00,0.00,0.00,0.00
4/21/2016,4,21,0.00,0.00,0.00,0.00,0.00,0.00,0.65,14.18,28.26,29.21,29.38,29.32,28.99,29.22,29.40,29.27,27.23,26.30,13.57,0.00,0.00,0.00,0.00,0.00
4/22/2016,4,22,0.00,0.00,0.00,0.00,0.00,0.00,0.65,14.18,28.54,29.42,29.48,29.32,28.99,29.49,29.40,29.27,27.23,23.13,8.58,0.00,0.00,0.00,0.00,0.00
4/23/2016,4,23,0.00,0.00,0.00,0.00,0.00,0.00,0.82,15.26,28.54,29.42,29.48,29.32,28.99,29.49,29.40,29.27,27.23,23.13,13.23,0.00,0.00,0.00,0.00,0.00
4/24/2016,4,24,0.00,0.00,0.00,0.00,0.00,0.00,0.82,15.26,28.54,29.42,29.48,29.32,28.99,29.49,29.40,29.27,27.23,23.13,14.14,0.00,0.00,0.00,0.00,0.00
4/25/2016,4,25,0.00,0.00,0.00,0.00,0.00,0.00,1.54,15.26,28.54,29.42,29.48,29.32,28.99,29.49,29.40,29.27,27.23,23.13,14.14,0.00,0.00,0.00,0.00,0.00
4/26/2016,4,26,0.00,0.00,0.00,0.00,0.00,0.00,1.54,15.39,28.54,29.42,29.48,29.32,28.99,29.49,29.40,29.27,27.23,23.13,14.14,0.00,0.00,0.00,0.00,0.00
4/27/2016,4,27,0.00,0.00,0.00,0.00,0.00,0.00,1.54,15.39,28.54,29.42,29.48,29.30,28.90,29.49,29.00,27.42,25.17,21.45,14.14,0.00,0.00,0.00,0.00,0.00
4/28/2016,4,28,0.00,0.00,0.00,0.00,0.00,0.00,1.79,16.13,28.54,29.42,29.48,29.30,28.90,29.49,29.00,27.42,25.74,26.35,15.77,0.00,0.00,0.00,0.00,0.00
4/29/2016,4,29,0.00,0.00,0.00,0.00,0.00,0.00,1.79,16.53,27.70,27.68,27.75,27.96,27.64,27.69,27.56,26.74,25.74,26.35,15.77,0.00,0.00,0.00,0.00,0.00
4/30/2016,4,30,0.00,0.00,0.00,0.00,0.00,0.00,2.04,17.24,26.92,27.90,27.75,27.96,27.64,27.69,27.56,26.74,25.74,26.35,15.77,0.00,0.00,0.00,0.00,0.00
5/1/2016,5,1,0.00,0.00,0.00,0.00,0.00,0.00,2.04,17.24,26.92,27.90,27.75,27.96,27.64,27.69,27.56,26.74,25.74,26.35,15.77,0.00,0.00,0.00,0.00,0.00
5/2/2016,5,2,0.00,0.00,0.00,0.00,0.00,0.00,2.04,17.24,26.92,27.90,27.75,27.69,27.64,27.69,27.56,26.74,25.74,26.35,15.77,0.00,0.00,0.00,0.00,0.00
5/3/2016,5,3,0.00,0.00,0.00,0.00,0.00,0.00,2.06,18.69,27.53,27.90,27.75,27.95,27.93,27.91,27.63,27.67,27.86,27.06,17.38,0.00,0.00,0.00,0.00,0.00
5/4/2016,5,4,0.00,0.00,0.00,0.00,0.00,0.00,2.64,19.13,27.78,27.90,27.75,27.95,27.93,27.91,27.63,27.67,27.86,27.06,17.38,0.00,0.00,0.00,0.00,0.00
5/5/2016,5,5,0.00,0.00,0.00,0.00,0.00,0.00,2.82,19.13,27.78,27.93,27.75,27.95,27.93,27.91,27.63,27.67,27.86,27.06,17.38,0.00,0.00,0.00,0.00,0.00
5/6/2016,5,6,0.00,0.00,0.00,0.00,0.00,0.00,2.82,19.13,27.78,27.93,27.72,27.95,27.93,27.91,27.63,27.67,27.86,27.06,17.38,0.00,0.00,0.00,0.00,0.00
5/7/2016,5,7,0.00,0.00,0.00,0.00,0.00,0.00,2.82,19.13,27.78,27.93,27.72,27.95,27.93,27.91,27.63,27.67,27.86,27.06,17.38,0.00,0.00,0.00,0.00,0.00
5/8/2016,5,8,0.00,0.00,0.00,0.00,0.00,0.00,2.82,19.13,27.78,27.93,27.72,27.95,27.93,27.91,27.63,27.67,27.86,27.06,17.38,0.00,0.00,0.00,0.00,0.00
5/9/2016,5,9,0.00,0.00,0.00,0.00,0.00,0.00,2.82,19.13,27.78,27.93,27.72,27.95,27.93,27.91,27.63,27.67,27.86,27.06,17.38,0.00,0.00,0.00,0.00,0.00
5/10/2016,5,10,0.00,0.00,0.00,0.00,0.00,0.00,2.82,19.13,27.78,27.93,27.72,27.85,27.80,27.72,27.61,26.58,27.49,26.80,17.29,0.00,0.00,0.00,0.00,0.00
5/11/2016,5,11,0.00,0.00,0.00,0.00,0.00,0.00,3.56,19.15,27.61,27.93,27.64,27.85,27.80,27.72,27.61,24.15,27.49,21.32,16.54,0.00,0.00,0.00,0.00,0.00
5/12/2016,5,12,0.00,0.00,0.00,0.00,0.00,0.00,3.56,19.18,27.61,27.45,27.64,27.85,25.26,25.55,24.72,24.15,27.49,21.32,16.54,0.00,0.00,0.00,0.00,0.00
5/13/2016,5,13,0.00,0.00,0.00,0.00,0.00,0.00,3.56,19.18,27.61,27.45,27.64,27.85,26.82,26.87,24.72,24.15,27.49,21.32,17.56,0.00,0.00,0.00,0.00,0.00
5/14/2016,5,14,0.00,0.00,0.00,0.00,0.00,0.00,3.56,19.18,27.61,27.45,27.64,27.85,26.86,26.87,25.87,25.32,27.49,21.32,17.56,0.00,0.00,0.00,0.00,0.00
5/15/2016,5,15,0.00,0.00,0.00,0.00,0.00,0.00,4.36,19.96,27.61,27.38,27.60,27.51,26.86,26.87,25.87,25.32,27.49,21.32,17.56,0.00,0.00,0.00,0.00,0.00
5/16/2016,5,16,0.00,0.00,0.00,0.00,0.00,0.00,4.36,19.96,27.61,27.38,27.60,27.51,26.86,26.87,25.87,25.32,27.49,21.32,17.56,0.00,0.00,0.00,0.00,0.00
5/17/2016,5,17,0.00,0.00,0.00,0.00,0.00,0.00,4.53,20.50,27.36,27.38,27.72,27.81,27.67,27.44,25.87,25.32,27.13,24.78,17.99,0.00,0.00,0.00,0.00,0.00
5/18/2016,5,18,0.00,0.00,0.00,0.00,0.00,0.00,4.77,21.06,27.15,27.88,27.74,27.81,27.67,27.44,25.87,25.32,25.08,24.78,20.05,0.00,0.00,0.00,0.00,0.00
5/19/2016,5,19,0.00,0.00,0.00,0.00,0.00,0.00,4.77,21.07,27.15,27.88,27.74,27.81,27.67,27.44,25.87,25.32,25.08,24.78,20.05,0.00,0.00,0.00,0.00,0.00
5/20/2016,5,20,0.00,0.00,0.00,0.00,0.00,0.00,4.77,21.07,27.15,27.88,27.74,27.81,27.67,27.44,25.87,25.32,18.10,24.78,20.05,0.00,0.00,0.00,0.00,0.00
5/21/2016,5,21,0.00,0.00,0.00,0.00,0.00,0.00,5.50,21.07,27.15,27.92,27.74,27.81,27.67,27.44,23.52,24.66,18.10,24.78,20.05,0.00,0.00,0.00,0.00,0.00
5/22/2016,5,22,0.00,0.00,0.00,0.00,0.00,0.00,5.50,22.25,27.60,27.92,27.88,27.85,27.82,27.44,23.84,22.81,23.11,24.78,20.05,0.00,0.00,0.00,0.00,0.00
5/23/2016,5,23,0.00,0.00,0.00,0.00,0.00,0.00,5.59,22.26,27.69,27.92,27.88,27.85,27.82,27.44,23.84,22.81,23.25,26.74,21.26,0.00,0.00,0.00,0.00,0.00
5/24/2016,5,24,0.00,0.00,0.00,0.00,0.00,0.00,5.90,22.26,27.69,27.92,27.88,27.85,27.82,26.68,23.84,23.11,23.25,26.74,21.26,0.00,0.00,0.00,0.00,0.00
5/25/2016,5,25,0.00,0.00,0.00,0.00,0.00,0.00,6.13,22.26,27.72,27.92,27.88,27.85,27.82,26.83,26.69,26.20,25.09,26.74,21.26,0.00,0.00,0.00,0.00,0.00
5/26/2016,5,26,0.00,0.00,0.00,0.00,0.00,0.00,6.13,22.26,27.72,27.92,27.88,27.85,27.82,26.83,26.69,26.20,26.40,26.74,21.26,0.00,0.00,0.00,0.00,0.00
5/27/2016,5,27,0.00,0.00,0.00,0.00,0.00,0.00,6.13,22.26,27.72,27.95,27.88,27.85,27.82,26.83,26.78,26.20,26.40,26.74,21.45,0.00,0.00,0.00,0.00,0.00
5/28/2016,5,28,0.00,0.00,0.00,0.00,0.00,0.00,6.46,22.26,27.72,27.95,27.88,27.85,27.82,26.83,26.78,26.20,26.40,26.74,21.45,0.00,0.00,0.00,0.00,0.00
5/29/2016,5,29,0.00,0.00,0.00,0.00,0.00,0.00,6.46,22.26,27.72,27.95,27.69,27.59,27.25,26.83,26.78,26.20,26.40,26.74,21.45,0.00,0.00,0.00,0.00,0.00
5/30/2016,5,30,0.00,0.00,0.00,0.00,0.00,0.00,6.46,22.18,27.72,27.95,27.69,27.31,26.88,26.83,26.78,26.20,26.40,26.45,21.45,0.00,0.00,0.00,0.00,0.00
5/31/2016,5,31,0.00,0.00,0.00,0.00,0.00,0.00,6.62,22.68,27.72,27.95,27.86,27.77,27.82,27.84,26.80,27.67,27.85,26.45,22.12,0.00,0.00,0.00,0.00,0.00
6/1/2016,6,1,0.00,0.00,0.00,0.00,0.00,0.00,6.62,22.68,27.47,27.95,27.69,27.77,27.82,27.84,27.76,27.67,27.85,26.60,22.12,0.00,0.00,0.00,0.00,0.00
6/2/2016,6,2,0.00,0.00,0.00,0.00,0.00,0.00,6.70,22.68,27.47,27.89,27.83,27.77,27.82,27.84,27.76,27.67,27.85,26.60,22.12,0.00,0.00,0.00,0.00,0.00
6/3/2016,6,3,0.00,0.00,0.00,0.00,0.00,0.00,6.70,22.68,27.47,27.78,27.83,27.77,27.82,27.84,27.76,27.67,27.85,26.60,22.12,0.00,0.00,0.00,0.00,0.00
6/4/2016,6,4,0.00,0.00,0.00,0.00,0.00,0.00,6.70,22.68,27.47,27.67,27.83,27.71,27.82,27.84,27.76,27.67,27.85,26.60,22.12,0.00,0.00,0.00,0.00,0.00
6/5/2016,6,5,0.00,0.00,0.00,0.00,0.00,0.00,6.70,22.68,27.47,27.67,27.83,27.77,27.82,27.84,27.76,27.67,27.85,26.60,22.12,0.00,0.00,0.00,0.00,0.00
6/6/2016,6,6,0.00,0.00,0.00,0.00,0.00,0.00,6.70,22.68,27.47,27.67,27.83,27.77,27.82,27.84,27.76,27.67,27.85,26.60,22.12,0.00,0.00,0.00,0.00,0.00
6/7/2016,6,7,0.00,0.00,0.00,0.00,0.00,0.00,6.70,21.38,27.42,27.67,27.83,27.71,27.81,27.71,27.76,26.94,26.31,26.60,20.69,0.00,0.00,0.00,0.00,0.00
6/8/2016,6,8,0.00,0.00,0.00,0.00,0.00,0.00,6.70,21.38,26.84,27.14,27.83,27.71,27.81,27.71,27.38,26.95,26.31,24.87,19.95,0.00,0.00,0.00,0.00,0.00
6/9/2016,6,9,0.00,0.00,0.00,0.00,0.00,0.00,6.70,21.38,26.84,27.15,27.73,27.01,26.99,26.99,26.01,24.22,23.37,22.72,21.53,0.00,0.00,0.00,0.00,0.00
6/10/2016,6,10,0.00,0.00,0.00,0.00,0.00,0.00,6.70,21.38,26.44,27.15,27.04,27.01,26.99,26.99,26.72,26.87,26.73,25.07,21.53,0.00,0.00,0.00,0.00,0.00
6/11/2016,6,11,0.00,0.00,0.00,0.00,0.00,0.00,6.70,21.38,26.44,27.15,27.04,27.01,26.99,26.99,26.72,26.87,26.73,25.07,22.15,0.00,0.00,0.00,0.00,0.00
6/12/2016,6,12,0.00,0.00,0.00,0.00,0.00,0.00,6.84,21.38,26.44,27.15,27.04,27.01,26.99,26.99,26.72,26.87,26.83,26.38,22.15,0.00,0.00,0.00,0.00,0.00
6/13/2016,6,13,0.00,0.00,0.00,0.00,0.00,0.00,6.84,21.38,26.44,27.15,27.04,27.01,26.99,26.99,26.72,26.87,26.83,26.38,22.15,0.00,0.00,0.00,0.00,0.00
6/14/2016,6,14,0.00,0.00,0.00,0.00,0.00,0.00,6.84,21.17,26.38,27.15,27.04,27.00,26.96,26.75,26.72,26.87,26.83,26.38,22.15,0.00,0.00,0.00,0.00,0.00
6/15/2016,6,15,0.00,0.00,0.00,0.00,0.00,0.00,6.84,21.17,26.38,27.15,27.04,27.00,26.96,26.75,26.72,26.87,26.83,26.38,22.15,0.00,0.00,0.00,0.00,0.00
6/16/2016,6,16,0.00,0.00,0.00,0.00,0.00,0.00,6.84,21.17,26.38,27.05,27.08,27.05,27.03,26.82,26.72,26.87,26.83,26.38,22.15,0.00,0.00,0.00,0.00,0.00
6/17/2016,6,17,0.00,0.00,0.00,0.00,0.00,0.00,6.84,21.17,26.00,27.15,27.09,27.05,27.03,26.82,26.55,26.38,26.83,26.38,22.15,0.00,0.00,0.00,0.00,0.00
6/18/2016,6,18,0.00,0.00,0.00,0.00,0.00,0.00,6.38,20.53,26.00,27.16,27.09,27.05,27.03,26.82,26.55,26.38,26.83,26.38,21.94,0.00,0.00,0.00,0.00,0.00
6/19/2016,6,19,0.00,0.00,0.00,0.00,0.00,0.00,6.38,20.53,26.00,27.16,27.09,27.05,27.03,26.82,25.38,22.03,26.51,22.23,20.43,0.00,0.00,0.00,0.00,0.00
6/20/2016,6,20,0.00,0.00,0.00,0.00,0.00,0.00,6.38,20.95,26.42,27.16,27.10,27.05,27.03,26.82,25.94,25.97,26.51,21.35,20.43,0.00,0.00,0.00,0.00,0.00
6/21/2016,6,21,0.00,0.00,0.00,0.00,0.00,0.00,6.38,21.34,26.42,27.16,27.10,27.05,27.03,26.82,25.94,25.97,26.51,21.35,20.43,0.00,0.00,0.00,0.00,0.00
6/22/2016,6,22,0.00,0.00,0.00,0.00,0.00,0.00,6.83,22.54,27.94,28.70,28.56,28.51,28.36,27.54,27.32,26.70,25.76,20.02,20.43,0.00,0.00,0.00,0.00,0.00
6/23/2016,6,23,0.00,0.00,0.00,0.00,0.00,0.00,6.83,22.54,27.94,28.70,28.56,28.51,28.36,27.54,27.32,26.70,25.76,20.02,20.43,0.00,0.00,0.00,0.00,0.00
6/24/2016,6,24,0.00,0.00,0.00,0.00,0.00,0.00,6.83,22.54,27.94,28.70,28.56,28.51,28.36,27.54,27.32,26.70,25.76,20.02,20.43,0.00,0.00,0.00,0.00,0.00
6/25/2016,6,25,0.00,0.00,0.00,0.00,0.00,0.00,6.83,22.54,27.94,28.70,28.56,28.51,28.36,27.54,27.32,26.70,25.76,20.02,20.43,0.00,0.00,0.00,0.00,0.00
6/26/2016,6,26,0.00,0.00,0.00,0.00,0.00,0.00,6.83,22.54,27.94,28.70,28.56,28.51,28.36,27.54,27.32,26.70,25.76,20.02,12.65,0.00,0.00,0.00,0.00,0.00
6/27/2016,6,27,0.00,0.00,0.00,0.00,0.00,0.00,6.83,22.54,27.94,28.70,28.56,28.51,28.36,27.54,27.32,26.77,24.55,22.68,12.65,0.00,0.00,0.00,0.00,0.00
6/28/2016,6,28,0.00,0.00,0.00,0.00,0.00,0.00,6.83,22.54,27.94,28.70,28.56,28.51,28.36,27.54,27.32,26.77,24.02,22.68,17.14,0.00,0.00,0.00,0.00,0.00
6/29/2016,6,29,0.00,0.00,0.00,0.00,0.00,0.00,6.33,18.73,25.54,27.97,27.47,27.79,27.14,26.89,26.87,26.77,24.02,22.68,17.14,0.00,0.00,0.00,0.00,0.00
6/30/2016,6,30,0.00,0.00,0.00,0.00,0.00,0.00,6.33,19.81,25.54,27.13,27.32,27.79,27.14,28.42,26.87,26.77,24.02,22.68,17.14,0.00,0.00,0.00,0.00,0.00
7/1/2016,7,1,0.00,0.00,0.00,0.00,0.00,0.00,6.33,19.81,27.07,28.97,29.32,29.07,28.76,28.42,26.87,26.77,24.02,22.68,17.14,0.00,0.00,0.00,0.00,0.00
7/2/2016,7,2,0.00,0.00,0.00,0.00,0.00,0.00,6.33,19.81,27.07,28.97,29.32,29.38,29.38,29.37,29.38,29.24,28.00,22.68,17.14,0.00,0.00,0.00,0.00,0.00
7/3/2016,7,3,0.00,0.00,0.00,0.00,0.00,0.00,6.61,19.81,27.07,29.43,29.40,29.38,29.38,29.37,29.38,29.24,28.00,22.68,19.88,0.00,0.00,0.00,0.00,0.00
7/4/2016,7,4,0.00,0.00,0.00,0.00,0.00,0.00,6.61,20.65,27.11,29.43,29.40,29.38,29.38,29.37,29.38,29.24,28.00,19.78,19.88,0.00,0.00,0.00,0.00,0.00
7/5/2016,7,5,0.00,0.00,0.00,0.00,0.00,0.00,6.61,20.65,27.11,29.43,29.40,29.38,29.38,29.37,29.38,29.24,28.00,20.05,19.88,0.00,0.00,0.00,0.00,0.00
7/6/2016,7,6,0.00,0.00,0.00,0.00,0.00,0.00,6.61,20.65,27.11,29.43,29.40,29.38,29.38,29.37,29.38,29.24,28.00,20.05,19.88,0.00,0.00,0.00,0.00,0.00
7/7/2016,7,7,0.00,0.00,0.00,0.00,0.00,0.00,6.61,20.65,27.11,29.43,29.40,29.38,29.38,29.37,29.38,29.24,28.00,20.05,19.88,0.00,0.00,0.00,0.00,0.00
7/8/2016,7,8,0.00,0.00,0.00,0.00,0.00,0.00,6.61,20.65,27.11,29.43,29.40,29.38,29.38,29.37,29.38,29.24,28.00,20.05,19.88,0.00,0.00,0.00,0.00,0.00
7/9/2016,7,9,0.00,0.00,0.00,0.00,0.00,0.00,6.61,20.65,27.11,29.43,29.40,29.37,29.34,29.33,29.07,28.93,23.78,20.05,19.88,0.00,0.00,0.00,0.00,0.00
7/10/2016,7,10,0.00,0.00,0.00,0.00,0.00,0.00,5.74,20.65,27.11,29.07,29.37,29.37,29.34,29.33,29.07,28.93,23.31,20.05,16.40,0.00,0.00,0.00,0.00,0.00
7/11/2016,7,11,0.00,0.00,0.00,0.00,0.00,0.00,5.74,19.69,26.71,29.07,29.37,28.77,28.69,28.71,29.07,28.93,23.31,20.05,20.75,0.00,0.00,0.00,0.00,0.00
7/12/2016,7,12,0.00,0.00,0.00,0.00,0.00,0.00,4.18,18.86,26.34,28.86,29.29,29.04,28.64,29.03,29.07,28.52,23.31,13.48,20.75,0.00,0.00,0.00,0.00,0.00
7/13/2016,7,13,0.00,0.00,0.00,0.00,0.00,0.00,4.18,18.86,26.34,28.86,29.29,29.04,28.64,29.20,29.07,28.52,23.31,13.48,20.75,0.00,0.00,0.00,0.00,0.00
7/14/2016,7,14,0.00,0.00,0.00,0.00,0.00,0.00,4.18,19.13,26.34,28.86,29.29,29.04,28.64,29.20,29.07,28.52,25.78,13.48,20.75,0.00,0.00,0.00,0.00,0.00
7/15/2016,7,15,0.00,0.00,0.00,0.00,0.00,0.00,4.08,19.13,26.34,28.86,29.29,29.04,28.87,29.20,28.95,23.32,25.78,13.48,20.75,0.00,0.00,0.00,0.00,0.00
7/16/2016,7,16,0.00,0.00,0.00,0.00,0.00,0.00,4.08,19.13,26.32,28.57,29.29,29.04,28.87,29.20,28.95,23.32,25.78,13.48,20.75,0.00,0.00,0.00,0.00,0.00
7/17/2016,7,17,0.00,0.00,0.00,0.00,0.00,0.00,4.08,19.36,26.32,28.57,29.29,29.04,28.87,29.20,24.09,23.05,25.78,19.57,20.75,0.00,0.00,0.00,0.00,0.00
7/18/2016,7,18,0.00,0.00,0.00,0.00,0.00,0.00,4.08,19.52,27.65,29.22,29.41,29.41,29.19,29.33,29.26,29.25,29.23,27.65,22.60,0.00,0.00,0.00,0.00,0.00
7/19/2016,7,19,0.00,0.00,0.00,0.00,0.00,0.00,4.08,19.52,27.65,29.31,29.41,29.41,29.19,29.33,29.26,29.25,29.23,27.65,22.60,0.00,0.00,0.00,0.00,0.00
7/20/2016,7,20,0.00,0.00,0.00,0.00,0.00,0.00,4.08,19.52,27.65,29.31,29.41,29.41,29.19,29.33,29.26,29.25,29.23,27.65,22.60,0.00,0.00,0.00,0.00,0.00
7/21/2016,7,21,0.00,0.00,0.00,0.00,0.00,0.00,3.92,19.52,27.65,29.31,29.41,29.41,29.19,29.33,29.26,29.25,29.23,27.65,22.60,0.00,0.00,0.00,0.00,0.00
7/22/2016,7,22,0.00,0.00,0.00,0.00,0.00,0.00,3.92,19.52,27.65,29.31,29.41,29.41,29.19,29.33,29.26,29.25,29.23,27.65,22.60,0.00,0.00,0.00,0.00,0.00
7/23/2016,7,23,0.00,0.00,0.00,0.00,0.00,0.00,3.92,19.52,27.65,29.31,29.41,29.41,29.19,29.33,29.26,29.25,29.23,27.65,22.60,0.00,0.00,0.00,0.00,0.00
7/24/2016,7,24,0.00,0.00,0.00,0.00,0.00,0.00,3.92,19.52,27.65,29.31,29.41,29.41,29.19,29.33,29.26,29.25,29.23,27.65,22.60,0.00,0.00,0.00,0.00,0.00
7/25/2016,7,25,0.00,0.00,0.00,0.00,0.00,0.00,3.80,19.38,27.41,29.31,29.36,29.18,28.96,29.15,28.83,28.80,26.03,19.48,14.61,0.00,0.00,0.00,0.00,0.00
7/26/2016,7,26,0.00,0.00,0.00,0.00,0.00,0.00,3.49,18.87,26.88,28.96,29.33,29.18,29.07,29.15,28.91,28.90,26.03,21.67,14.61,0.00,0.00,0.00,0.00,0.00
7/27/2016,7,27,0.00,0.00,0.00,0.00,0.00,0.00,3.49,18.87,26.88,29.02,29.33,29.18,29.07,29.15,28.91,28.90,26.03,23.61,14.61,0.00,0.00,0.00,0.00,0.00
7/28/2016,7,28,0.00,0.00,0.00,0.00,0.00,0.00,2.85,18.23,26.76,29.02,29.32,29.15,29.07,29.15,28.91,28.90,26.03,23.61,14.61,0.00,0.00,0.00,0.00,0.00
7/29/2016,7,29,0.00,0.00,0.00,0.00,0.00,0.00,2.85,18.23,26.76,29.02,29.32,29.15,29.07,29.11,28.91,28.90,26.03,23.61,14.61,0.00,0.00,0.00,0.00,0.00
7/30/2016,7,30,0.00,0.00,0.00,0.00,0.00,0.00,2.85,18.23,26.76,29.27,29.45,29.15,29.07,29.11,28.91,28.90,26.03,23.61,14.61,0.00,0.00,0.00,0.00,0.00
7/31/2016,7,31,0.00,0.00,0.00,0.00,0.00,0.00,2.85,18.65,28.09,29.48,29.45,29.23,29.10,29.16,28.91,29.28,28.99,27.32,19.08,0.00,0.00,0.00,0.00,0.00
8/1/2016,8,1,0.00,0.00,0.00,0.00,0.00,0.00,2.85,18.65,28.09,29.48,29.45,29.23,29.10,29.16,28.91,29.28,28.99,27.32,19.57,0.00,0.00,0.00,0.00,0.00
8/2/2016,8,2,0.00,0.00,0.00,0.00,0.00,0.00,2.85,18.65,28.09,29.48,29.45,29.23,29.10,29.16,28.91,29.28,28.99,27.32,19.57,0.00,0.00,0.00,0.00,0.00
8/3/2016,8,3,0.00,0.00,0.00,0.00,0.00,0.00,2.75,18.65,28.09,29.48,29.45,29.23,29.10,29.16,28.91,29.28,28.99,27.32,19.57,0.00,0.00,0.00,0.00,0.00
8/4/2016,8,4,0.00,0.00,0.00,0.00,0.00,0.00,2.60,18.65,28.09,29.48,29.45,29.23,29.10,29.16,28.91,29.28,28.99,27.32,19.57,0.00,0.00,0.00,0.00,0.00
8/5/2016,8,5,0.00,0.00,0.00,0.00,0.00,0.00,2.60,18.65,28.09,29.48,29.45,29.23,29.10,29.16,28.91,29.28,28.99,27.32,19.57,0.00,0.00,0.00,0.00,0.00
8/6/2016,8,6,0.00,0.00,0.00,0.00,0.00,0.00,2.60,18.65,28.09,29.48,29.41,29.23,29.10,29.16,28.91,29.28,28.99,27.32,19.57,0.00,0.00,0.00,0.00,0.00
8/7/2016,8,7,0.00,0.00,0.00,0.00,0.00,0.00,2.49,18.33,27.74,28.89,29.30,29.13,29.02,28.35,28.91,28.94,28.07,26.27,19.57,0.00,0.00,0.00,0.00,0.00
8/8/2016,8,8,0.00,0.00,0.00,0.00,0.00,0.00,1.83,17.60,26.83,28.89,29.30,29.13,28.43,28.35,28.64,27.61,27.13,15.67,12.73,0.00,0.00,0.00,0.00,0.00
8/9/2016,8,9,0.00,0.00,0.00,0.00,0.00,0.00,1.83,17.60,26.83,28.89,29.30,29.13,28.43,28.35,28.64,27.61,27.13,15.67,12.73,0.00,0.00,0.00,0.00,0.00
8/10/2016,8,10,0.00,0.00,0.00,0.00,0.00,0.00,1.83,14.13,25.09,29.05,29.14,29.13,29.10,28.12,28.64,27.61,27.13,28.40,20.96,0.00,0.00,0.00,0.00,0.00
8/11/2016,8,11,0.00,0.00,0.00,0.00,0.00,0.00,1.83,15.90,26.85,29.05,29.46,29.33,29.10,29.21,24.99,21.42,14.77,28.40,20.96,0.00,0.00,0.00,0.00,0.00
8/12/2016,8,12,0.00,0.00,0.00,0.00,0.00,0.00,1.83,15.90,26.85,29.05,29.50,29.41,29.28,29.30,29.24,29.28,28.61,28.40,20.96,0.00,0.00,0.00,0.00,0.00
8/13/2016,8,13,0.00,0.00,0.00,0.00,0.00,0.00,1.75,15.90,26.85,29.05,29.50,29.41,29.28,29.30,29.24,29.28,28.61,28.40,20.96,0.00,0.00,0.00,0.00,0.00
8/14/2016,8,14,0.00,0.00,0.00,0.00,0.00,0.00,1.38,15.90,26.85,29.05,29.50,29.41,29.28,29.30,29.24,29.28,28.61,28.40,20.96,0.00,0.00,0.00,0.00,0.00
8/15/2016,8,15,0.00,0.00,0.00,0.00,0.00,0.00,1.38,15.90,26.86,29.23,29.50,29.41,29.28,29.30,29.24,29.28,29.15,28.40,20.96,0.00,0.00,0.00,0.00,0.00
8/16/2016,8,16,0.00,0.00,0.00,0.00,0.00,0.00,1.38,15.90,26.86,29.23,29.50,29.41,29.28,29.30,29.24,29.28,29.15,28.40,20.96,0.00,0.00,0.00,0.00,0.00
8/17/2016,8,17,0.00,0.00,0.00,0.00,0.00,0.00,1.38,15.90,26.86,29.23,29.50,29.41,29.28,29.30,29.24,29.28,29.15,26.97,17.88,0.00,0.00,0.00,0.00,0.00
8/18/2016,8,18,0.00,0.00,0.00,0.00,0.00,0.00,1.17,15.30,26.86,29.23,29.50,29.41,29.28,29.30,29.24,29.28,29.15,26.97,17.88,0.00,0.00,0.00,0.00,0.00
8/19/2016,8,19,0.00,0.00,0.00,0.00,0.00,0.00,1.17,15.30,26.86,29.23,29.38,29.13,28.66,28.84,27.84,27.97,29.15,26.97,15.11,0.00,0.00,0.00,0.00,0.00
8/20/2016,8,20,0.00,0.00,0.00,0.00,0.00,0.00,1.17,15.30,26.86,29.23,29.38,29.13,28.66,28.84,27.84,27.97,29.15,26.97,15.11,0.00,0.00,0.00,0.00,0.00
8/21/2016,8,21,0.00,0.00,0.00,0.00,0.00,0.00,1.11,14.60,26.86,29.23,29.38,29.13,28.66,28.84,28.14,27.97,29.15,26.97,14.57,0.00,0.00,0.00,0.00,0.00
8/22/2016,8,22,0.00,0.00,0.00,0.00,0.00,0.00,1.11,14.60,26.57,29.03,29.25,28.49,28.05,28.30,28.14,27.97,27.11,24.05,14.57,0.00,0.00,0.00,0.00,0.00
8/23/2016,8,23,0.00,0.00,0.00,0.00,0.00,0.00,1.11,13.41,25.97,28.58,28.88,28.35,28.05,28.30,28.53,28.38,27.11,24.05,14.57,0.00,0.00,0.00,0.00,0.00
8/24/2016,8,24,0.00,0.00,0.00,0.00,0.00,0.00,1.11,13.41,25.97,28.58,28.88,28.35,28.05,28.30,28.53,28.38,24.25,17.66,11.24,0.00,0.00,0.00,0.00,0.00
8/25/2016,8,25,0.00,0.00,0.00,0.00,0.00,0.00,0.73,13.41,25.97,28.58,28.88,28.35,28.05,27.90,28.53,28.38,24.25,17.66,11.24,0.00,0.00,0.00,0.00,0.00
8/26/2016,8,26,0.00,0.00,0.00,0.00,0.00,0.00,0.73,13.41,25.97,28.58,28.88,28.35,27.91,27.90,28.53,28.38,24.25,16.41,11.24,0.00,0.00,0.00,0.00,0.00
8/27/2016,8,27,0.00,0.00,0.00,0.00,0.00,0.00,0.59,12.22,25.97,28.58,28.88,28.35,27.91,27.90,28.53,28.38,24.25,22.02,12.58,0.00,0.00,0.00,0.00,0.00
8/28/2016,8,28,0.00,0.00,0.00,0.00,0.00,0.00,0.59,12.08,25.29,28.09,28.48,28.09,27.57,27.90,28.53,28.38,24.15,22.02,12.58,0.00,0.00,0.00,0.00,0.00
8/29/2016,8,29,0.00,0.00,0.00,0.00,0.00,0.00,0.58,11.96,25.03,28.03,28.48,28.09,27.57,27.90,28.53,28.38,27.32,23.43,12.58,0.00,0.00,0.00,0.00,0.00
8/30/2016,8,30,0.00,0.00,0.00,0.00,0.00,0.00,0.58,11.96,25.03,28.13,28.48,27.44,26.70,26.63,26.96,25.13,27.32,23.43,12.58,0.00,0.00,0.00,0.00,0.00
8/31/2016,8,31,0.00,0.00,0.00,0.00,0.00,0.00,0.58,11.97,25.03,28.13,28.48,27.44,27.10,26.90,28.62,25.13,27.32,25.54,12.58,0.00,0.00,0.00,0.00,0.00
9/1/2016,9,1,0.00,0.00,0.00,0.00,0.00,0.00,0.36,11.97,25.03,28.13,28.48,27.44,27.10,26.98,28.62,25.13,27.32,25.54,12.58,0.00,0.00,0.00,0.00,0.00
9/2/2016,9,2,0.00,0.00,0.00,0.00,0.00,0.00,0.36,11.97,25.03,28.13,28.48,27.44,27.10,26.98,28.62,25.13,27.32,25.54,12.58,0.00,0.00,0.00,0.00,0.00
9/3/2016,9,3,0.00,0.00,0.00,0.00,0.00,0.00,0.31,11.97,24.61,28.50,28.44,27.44,27.13,27.16,28.62,26.75,27.32,25.54,12.25,0.00,0.00,0.00,0.00,0.00
9/4/2016,9,4,0.00,0.00,0.00,0.00,0.00,0.00,0.31,11.97,24.61,28.50,28.44,27.44,27.13,27.16,28.62,28.11,27.32,25.54,12.25,0.00,0.00,0.00,0.00,0.00
9/5/2016,9,5,0.00,0.00,0.00,0.00,0.00,0.00,0.31,11.97,24.61,28.50,28.44,27.44,27.13,27.16,28.62,28.11,26.19,25.54,11.62,0.00,0.00,0.00,0.00,0.00
9/6/2016,9,6,0.00,0.00,0.00,0.00,0.00,0.00,0.31,11.97,24.50,28.50,28.44,27.35,27.13,27.16,28.47,28.11,26.37,24.48,10.98,0.00,0.00,0.00,0.00,0.00
9/7/2016,9,7,0.00,0.00,0.00,0.00,0.00,0.00,0.17,10.01,24.50,28.50,28.44,27.30,27.13,27.16,27.39,28.11,26.59,23.43,10.59,0.00,0.00,0.00,0.00,0.00
9/8/2016,9,8,0.00,0.00,0.00,0.00,0.00,0.00,0.17,10.01,24.50,28.50,28.44,27.43,27.13,27.16,27.39,28.11,27.34,23.54,10.59,0.00,0.00,0.00,0.00,0.00
9/9/2016,9,9,0.00,0.00,0.00,0.00,0.00,0.00,0.17,10.01,24.50,28.50,28.44,27.43,27.13,27.16,27.39,28.11,27.34,23.54,10.59,0.00,0.00,0.00,0.00,0.00
9/10/2016,9,10,0.00,0.00,0.00,0.00,0.00,0.00,0.16,10.01,24.50,27.83,28.13,27.43,26.89,26.55,27.37,28.44,27.34,23.54,10.59,0.00,0.00,0.00,0.00,0.00
9/11/2016,9,11,0.00,0.00,0.00,0.00,0.00,0.00,0.16,10.01,24.50,27.83,28.13,27.43,26.89,26.49,27.29,28.44,27.34,23.54,10.59,0.00,0.00,0.00,0.00,0.00
9/12/2016,9,12,0.00,0.00,0.00,0.00,0.00,0.00,0.14,9.18,23.88,27.83,27.63,27.43,26.89,26.46,27.20,28.44,27.34,23.54,10.59,0.00,0.00,0.00,0.00,0.00
9/13/2016,9,13,0.00,0.00,0.00,0.00,0.00,0.00,0.14,9.18,23.88,27.62,28.13,27.43,26.89,26.42,27.20,28.44,27.34,23.54,10.59,0.00,0.00,0.00,0.00,0.00
9/14/2016,9,14,0.00,0.00,0.00,0.00,0.00,0.00,0.14,9.14,23.88,27.62,28.13,27.43,26.89,26.42,27.20,28.44,27.34,23.54,8.93,0.00,0.00,0.00,0.00,0.00
9/15/2016,9,15,0.00,0.00,0.00,0.00,0.00,0.00,0.14,8.18,23.64,27.49,27.06,26.98,26.51,26.25,27.20,28.44,26.25,21.87,7.31,0.00,0.00,0.00,0.00,0.00
9/16/2016,9,16,0.00,0.00,0.00,0.00,0.00,0.00,0.14,7.78,21.44,27.49,27.06,25.54,26.04,24.98,24.16,28.44,26.25,22.95,7.31,0.00,0.00,0.00,0.00,0.00
9/17/2016,9,17,0.00,0.00,0.00,0.00,0.00,0.00,0.00,4.70,21.78,23.62,23.42,25.54,26.04,26.48,26.38,21.85,24.86,22.95,7.31,0.00,0.00,0.00,0.00,0.00
9/18/2016,9,18,0.00,0.00,0.00,0.00,0.00,0.00,0.00,6.61,23.63,27.50,27.83,26.81,26.24,26.48,26.38,27.97,24.86,22.95,7.31,0.00,0.00,0.00,0.00,0.00
9/19/2016,9,19,0.00,0.00,0.00,0.00,0.00,0.00,0.00,6.61,23.63,27.50,27.83,26.81,26.24,26.48,26.52,27.97,24.86,22.95,6.90,0.00,0.00,0.00,0.00,0.00
9/20/2016,9,20,0.00,0.00,0.00,0.00,0.00,0.00,0.00,6.67,23.63,27.50,27.83,26.81,26.24,26.48,27.11,27.97,24.86,22.95,6.90,0.00,0.00,0.00,0.00,0.00
9/21/2016,9,21,0.00,0.00,0.00,0.00,0.00,0.00,0.00,6.92,24.09,28.39,27.83,27.07,26.48,26.48,27.11,27.97,26.80,22.95,4.80,0.00,0.00,0.00,0.00,0.00
9/22/2016,9,22,0.00,0.00,0.00,0.00,0.00,0.00,0.00,6.92,24.09,28.39,27.83,27.07,26.48,26.48,27.11,27.97,26.80,22.95,4.80,0.00,0.00,0.00,0.00,0.00
9/23/2016,9,23,0.00,0.00,0.00,0.00,0.00,0.00,0.00,6.92,24.09,28.39,27.83,27.07,26.48,26.48,27.11,27.97,26.80,20.70,4.50,0.00,0.00,0.00,0.00,0.00
9/24/2016,9,24,0.00,0.00,0.00,0.00,0.00,0.00,0.00,6.92,24.09,28.39,27.83,27.07,26.76,27.72,29.05,28.93,28.57,20.89,4.00,0.00,0.00,0.00,0.00,0.00
9/25/2016,9,25,0.00,0.00,0.00,0.00,0.00,0.00,0.00,6.92,24.09,28.49,28.38,27.26,26.76,27.72,29.05,28.93,28.57,20.89,4.00,0.00,0.00,0.00,0.00,0.00
9/26/2016,9,26,0.00,0.00,0.00,0.00,0.00,0.00,0.00,6.92,24.09,28.49,28.38,27.26,26.76,27.72,29.05,28.93,28.57,20.89,4.00,0.00,0.00,0.00,0.00,0.00
9/27/2016,9,27,0.00,0.00,0.00,0.00,0.00,0.00,0.00,6.92,24.09,28.86,28.91,27.41,26.76,27.72,29.05,28.93,28.57,20.89,4.00,0.00,0.00,0.00,0.00,0.00
9/28/2016,9,28,0.00,0.00,0.00,0.00,0.00,0.00,0.00,6.65,24.07,28.86,28.91,27.41,26.76,27.72,29.05,28.93,28.57,20.89,3.79,0.00,0.00,0.00,0.00,0.00
9/29/2016,9,29,0.00,0.00,0.00,0.00,0.00,0.00,0.00,6.65,24.07,28.86,28.91,27.56,26.76,27.72,29.05,28.93,28.57,20.89,3.34,0.00,0.00,0.00,0.00,0.00
9/30/2016,9,30,0.00,0.00,0.00,0.00,0.00,0.00,0.00,6.65,24.07,28.86,28.91,27.56,26.76,27.72,29.05,28.93,28.57,20.89,3.34,0.00,0.00,0.00,0.00,0.00
10/1/2016,10,1,0.00,0.00,0.00,0.00,0.00,0.00,0.00,6.65,24.07,28.86,28.91,27.56,26.54,26.88,27.74,28.69,28.02,19.78,3.34,0.00,0.00,0.00,0.00,0.00
10/2/2016,10,2,0.00,0.00,0.00,0.00,0.00,0.00,0.00,6.09,23.80,28.86,28.91,27.56,26.54,26.88,27.74,28.69,28.02,19.62,3.34,0.00,0.00,0.00,0.00,0.00
10/3/2016,10,3,0.00,0.00,0.00,0.00,0.00,0.00,0.00,6.02,23.80,28.86,28.91,27.56,26.54,26.88,27.74,28.69,28.02,19.62,3.34,0.00,0.00,0.00,0.00,0.00
10/4/2016,10,4,0.00,0.00,0.00,0.00,0.00,0.00,0.00,5.96,23.80,28.74,28.69,27.56,26.54,26.43,27.10,27.91,27.01,17.99,3.34,0.00,0.00,0.00,0.00,0.00
10/5/2016,10,5,0.00,0.00,0.00,0.00,0.00,0.00,0.00,5.96,23.80,28.95,28.69,27.71,26.54,27.13,28.82,27.91,27.01,17.99,2.06,0.00,0.00,0.00,0.00,0.00
10/6/2016,10,6,0.00,0.00,0.00,0.00,0.00,0.00,0.00,5.54,23.00,28.95,28.68,27.71,26.52,27.13,28.82,27.63,26.96,16.43,1.71,0.00,0.00,0.00,0.00,0.00
10/7/2016,10,7,0.00,0.00,0.00,0.00,0.00,0.00,0.00,4.70,22.37,28.95,28.68,27.71,26.52,27.13,28.82,27.52,26.68,16.43,1.57,0.00,0.00,0.00,0.00,0.00
10/8/2016,10,8,0.00,0.00,0.00,0.00,0.00,0.00,0.00,4.70,22.37,28.95,28.68,27.71,26.52,27.13,28.82,27.52,26.68,15.87,1.31,0.00,0.00,0.00,0.00,0.00
10/9/2016,10,9,0.00,0.00,0.00,0.00,0.00,0.00,0.00,4.63,22.37,28.95,28.68,27.71,26.52,27.13,28.82,27.52,26.68,15.60,1.31,0.00,0.00,0.00,0.00,0.00
10/10/2016,10,10,0.00,0.00,0.00,0.00,0.00,0.00,0.00,4.19,22.08,28.95,28.68,27.71,26.52,27.67,28.82,27.52,26.68,14.93,1.21,0.00,0.00,0.00,0.00,0.00
10/11/2016,10,11,0.00,0.00,0.00,0.00,0.00,0.00,0.00,4.00,22.08,28.95,28.68,27.71,26.52,27.13,28.82,27.52,26.68,14.93,0.96,0.00,0.00,0.00,0.00,0.00
10/12/2016,10,12,0.00,0.00,0.00,0.00,0.00,0.00,0.00,3.90,22.08,28.52,27.94,26.84,25.96,25.72,26.73,27.52,26.68,14.93,0.96,0.00,0.00,0.00,0.00,0.00
10/13/2016,10,13,0.00,0.00,0.00,0.00,0.00,0.00,0.00,3.78,21.32,28.02,27.45,25.90,24.97,25.15,25.83,26.72,25.39,13.38,0.75,0.00,0.00,0.00,0.00,0.00
10/14/2016,10,14,0.00,0.00,0.00,0.00,0.00,0.00,0.00,3.74,20.72,27.55,27.04,25.51,24.97,25.15,25.64,26.72,25.39,12.66,0.70,0.00,0.00,0.00,0.00,0.00
10/15/2016,10,15,0.00,0.00,0.00,0.00,0.00,0.00,0.00,3.74,19.96,27.55,26.97,27.09,24.97,25.15,25.64,26.72,25.39,12.66,0.70,0.00,0.00,0.00,0.00,0.00
10/16/2016,10,16,0.00,0.00,0.00,0.00,0.00,0.00,0.00,3.74,19.96,27.55,26.97,27.09,24.97,25.15,25.64,25.51,25.39,11.07,0.70,0.00,0.00,0.00,0.00,0.00
10/17/2016,10,17,0.00,0.00,0.00,0.00,0.00,0.00,0.00,3.74,19.96,27.55,26.97,27.09,24.97,25.15,25.64,26.72,25.69,11.07,0.32,0.00,0.00,0.00,0.00,0.00
10/18/2016,10,18,0.00,0.00,0.00,0.00,0.00,0.00,0.00,2.57,19.96,27.55,26.97,27.09,24.97,25.15,25.71,26.72,25.69,11.07,0.32,0.00,0.00,0.00,0.00,0.00
10/19/2016,10,19,0.00,0.00,0.00,0.00,0.00,0.00,0.00,2.57,19.68,27.74,26.97,27.09,25.01,25.15,25.99,27.36,25.69,11.07,0.32,0.00,0.00,0.00,0.00,0.00
10/20/2016,10,20,0.00,0.00,0.00,0.00,0.00,0.00,0.00,2.56,18.95,27.74,26.97,27.09,25.01,25.05,25.99,27.36,25.69,9.22,0.19,0.00,0.00,0.00,0.00,0.00
10/21/2016,10,21,0.00,0.00,0.00,0.00,0.00,0.00,0.00,1.99,18.95,27.74,26.65,27.09,25.01,25.05,25.99,27.36,25.69,9.22,0.19,0.00,0.00,0.00,0.00,0.00
10/22/2016,10,22,0.00,0.00,0.00,0.00,0.00,0.00,0.00,1.72,17.35,27.74,26.65,26.72,25.01,25.05,25.99,27.36,25.69,9.22,0.13,0.00,0.00,0.00,0.00,0.00
10/23/2016,10,23,0.00,0.00,0.00,0.00,0.00,0.00,0.00,1.72,17.35,27.74,26.53,26.72,25.01,25.05,25.99,27.36,25.69,9.22,0.13,0.00,0.00,0.00,0.00,0.00
10/24/2016,10,24,0.00,0.00,0.00,0.00,0.00,0.00,0.00,1.72,17.35,27.74,26.53,25.77,25.01,25.05,25.99,27.36,25.24,8.58,0.10,0.00,0.00,0.00,0.00,0.00
10/25/2016,10,25,0.00,0.00,0.00,0.00,0.00,0.00,0.00,1.72,17.35,27.74,25.92,26.72,25.01,25.05,25.99,27.36,25.24,8.58,0.07,0.00,0.00,0.00,0.00,0.00
10/26/2016,10,26,0.00,0.00,0.00,0.00,0.00,0.00,0.00,1.72,17.35,25.94,25.92,24.37,23.54,23.77,25.25,25.99,23.83,7.99,0.04,0.00,0.00,0.00,0.00,0.00
10/27/2016,10,27,0.00,0.00,0.00,0.00,0.00,0.00,0.00,1.71,16.40,25.94,25.92,24.37,23.50,23.56,25.25,25.43,23.08,7.09,0.00,0.00,0.00,0.00,0.00,0.00
10/28/2016,10,28,0.00,0.00,0.00,0.00,0.00,0.00,0.00,1.71,16.40,25.94,25.92,24.37,23.50,23.56,24.59,25.43,23.08,7.09,0.00,0.00,0.00,0.00,0.00,0.00
10/29/2016,10,29,0.00,0.00,0.00,0.00,0.00,0.00,0.00,1.31,16.40,25.46,25.66,23.87,22.90,23.13,24.32,25.89,22.63,6.71,0.00,0.00,0.00,0.00,0.00,0.00
10/30/2016,10,30,0.00,0.00,0.00,0.00,0.00,0.00,0.00,1.31,16.16,25.44,25.66,23.87,22.90,22.93,24.12,25.89,21.94,6.29,0.00,0.00,0.00,0.00,0.00,0.00
10/31/2016,10,31,0.00,0.00,0.00,0.00,0.00,0.00,0.00,0.86,14.01,24.82,24.96,23.83,22.90,22.25,23.48,25.89,20.94,5.07,0.00,0.00,0.00,0.00,0.00,0.00
11/1/2016,11,1,0.00,0.00,0.00,0.00,0.00,0.00,0.00,0.75,14.01,24.82,24.96,23.83,22.22,22.57,23.77,25.89,20.94,5.07,0.00,0.00,0.00,0.00,0.00,0.00
11/2/2016,11,2,0.00,0.00,0.00,0.00,0.00,0.00,0.00,0.75,14.01,24.82,25.76,23.83,22.77,22.58,23.94,25.89,20.94,5.07,0.00,0.00,0.00,0.00,0.00,0.00
11/3/2016,11,3,0.00,0.00,0.00,0.00,0.00,0.00,0.00,0.75,14.01,24.82,25.76,23.83,22.77,22.58,23.94,25.89,20.94,5.07,0.00,0.00,0.00,0.00,0.00,0.00
11/4/2016,11,4,0.00,0.00,0.00,0.00,0.00,0.00,0.00,0.62,13.94,24.82,25.76,23.83,22.77,22.58,23.94,25.89,20.94,5.07,0.00,0.00,0.00,0.00,0.00,0.00
11/5/2016,11,5,0.00,0.00,0.00,0.00,0.00,0.00,0.00,0.56,13.94,24.82,25.76,23.83,22.77,22.58,23.94,25.19,20.94,4.46,0.00,0.00,0.00,0.00,0.00,0.00
11/6/2016,11,6,0.00,0.00,0.00,0.00,0.00,0.00,0.00,0.56,13.55,24.56,25.76,24.69,22.77,22.58,23.94,25.19,20.79,4.46,0.00,0.00,0.00,0.00,0.00,0.00
11/7/2016,11,7,0.00,0.00,0.00,0.00,0.00,0.00,0.00,0.38,13.55,24.56,25.76,24.69,22.77,22.58,23.94,25.19,20.79,4.46,0.00,0.00,0.00,0.00,0.00,0.00
11/8/2016,11,8,0.00,0.00,0.00,0.00,0.00,0.00,0.00,0.38,12.79,24.56,25.76,24.69,22.77,22.58,23.94,25.03,20.78,4.46,0.00,0.00,0.00,0.00,0.00,0.00
11/9/2016,11,9,0.00,0.00,0.00,0.00,0.00,0.00,0.00,0.38,12.79,24.56,24.52,24.69,21.59,22.09,23.53,24.76,20.09,4.46,0.00,0.00,0.00,0.00,0.00,0.00
11/10/2016,11,10,0.00,0.00,0.00,0.00,0.00,0.00,0.00,0.30,11.53,24.10,24.52,24.69,21.59,21.76,23.28,24.76,20.09,4.46,0.00,0.00,0.00,0.00,0.00,0.00
11/11/2016,11,11,0.00,0.00,0.00,0.00,0.00,0.00,0.00,0.30,11.53,24.10,24.52,24.69,21.59,21.76,23.28,24.76,18.64,2.99,0.00,0.00,0.00,0.00,0.00,0.00
11/12/2016,11,12,0.00,0.00,0.00,0.00,0.00,0.00,0.00,0.19,11.02,24.10,24.52,24.69,21.37,21.63,23.28,23.99,18.64,2.99,0.00,0.00,0.00,0.00,0.00,0.00
11/13/2016,11,13,0.00,0.00,0.00,0.00,0.00,0.00,0.00,0.19,11.02,24.10,24.52,22.66,21.37,21.63,23.28,23.99,18.64,2.99,0.00,0.00,0.00,0.00,0.00,0.00
11/14/2016,11,14,0.00,0.00,0.00,0.00,0.00,0.00,0.00,0.14,10.66,23.61,24.07,21.96,20.45,20.61,22.18,23.66,18.13,2.80,0.00,0.00,0.00,0.00,0.00,0.00
11/15/2016,11,15,0.00,0.00,0.00,0.00,0.00,0.00,0.00,0.07,10.06,23.06,23.94,21.96,20.45,20.61,22.18,23.15,18.13,2.80,0.00,0.00,0.00,0.00,0.00,0.00
11/16/2016,11,16,0.00,0.00,0.00,0.00,0.00,0.00,0.00,0.07,9.88,22.98,23.43,21.57,20.23,20.50,22.03,22.98,17.60,2.54,0.00,0.00,0.00,0.00,0.00,0.00
11/17/2016,11,17,0.00,0.00,0.00,0.00,0.00,0.00,0.00,0.04,9.37,22.73,24.26,21.57,19.98,20.50,22.03,22.98,17.37,2.34,0.00,0.00,0.00,0.00,0.00,0.00
11/18/2016,11,18,0.00,0.00,0.00,0.00,0.00,0.00,0.00,0.04,9.28,22.73,24.26,21.50,19.90,20.33,21.94,22.92,17.17,2.28,0.00,0.00,0.00,0.00,0.00,0.00
11/19/2016,11,19,0.00,0.00,0.00,0.00,0.00,0.00,0.00,0.00,8.69,22.33,24.26,21.50,19.76,20.27,21.89,22.89,17.05,2.25,0.00,0.00,0.00,0.00,0.00,0.00
11/20/2016,11,20,0.00,0.00,0.00,0.00,0.00,0.00,0.00,0.00,8.49,22.14,24.26,21.50,19.68,20.01,21.89,22.69,16.29,2.25,0.00,0.00,0.00,0.00,0.00,0.00
11/21/2016,11,21,0.00,0.00,0.00,0.00,0.00,0.00,0.00,0.00,7.76,21.53,24.26,21.05,19.68,20.01,21.77,22.69,16.29,2.25,0.00,0.00,0.00,0.00,0.00,0.00
11/22/2016,11,22,0.00,0.00,0.00,0.00,0.00,0.00,0.00,0.00,7.76,21.53,24.26,21.05,19.72,19.94,21.53,22.50,15.97,2.25,0.00,0.00,0.00,0.00,0.00,0.00
11/23/2016,11,23,0.00,0.00,0.00,0.00,0.00,0.00,0.00,0.00,7.76,21.53,24.26,21.05,19.72,19.94,21.53,22.50,15.60,2.25,0.00,0.00,0.00,0.00,0.00,0.00
11/24/2016,11,24,0.00,0.00,0.00,0.00,0.00,0.00,0.00,0.00,7.05,21.53,22.91,21.05,19.72,19.94,21.53,22.50,15.60,1.64,0.00,0.00,0.00,0.00,0.00,0.00
11/25/2016,11,25,0.00,0.00,0.00,0.00,0.00,0.00,0.00,0.00,6.54,21.53,22.91,21.05,19.72,19.94,21.48,22.50,15.57,1.59,0.00,0.00,0.00,0.00,0.00,0.00
11/26/2016,11,26,0.00,0.00,0.00,0.00,0.00,0.00,0.00,0.00,5.44,19.49,19.65,18.02,19.72,19.07,18.76,18.26,7.27,0.59,0.00,0.00,0.00,0.00,0.00,0.00
11/27/2016,11,27,0.00,0.00,0.00,0.00,0.00,0.00,0.00,0.00,3.76,15.33,16.87,16.15,19.72,19.07,18.76,19.11,11.42,0.89,0.00,0.00,0.00,0.00,0.00,0.00
11/28/2016,11,28,0.00,0.00,0.00,0.00,0.00,0.00,0.00,0.00,1.23,11.14,16.87,16.15,19.72,15.90,18.68,19.85,11.99,0.89,0.00,0.00,0.00,0.00,0.00,0.00
11/29/2016,11,29,0.00,0.00,0.00,0.00,0.00,0.00,0.00,0.00,1.23,7.28,8.07,13.76,17.00,17.40,19.46,20.10,11.99,0.90,0.00,0.00,0.00,0.00,0.00,0.00
11/30/2016,11,30,0.00,0.00,0.00,0.00,0.00,0.00,0.00,0.00,1.23,7.28,12.16,17.66,17.00,17.75,19.46,20.10,11.99,0.90,0.00,0.00,0.00,0.00,0.00,0.00
12/1/2016,12,1,0.00,0.00,0.00,0.00,0.00,0.00,0.00,0.00,1.23,7.28,12.16,17.66,17.00,17.75,19.46,20.10,11.99,0.90,0.00,0.00,0.00,0.00,0.00,0.00
12/2/2016,12,2,0.00,0.00,0.00,0.00,0.00,0.00,0.00,0.00,1.23,7.28,12.16,17.66,17.36,17.75,19.46,20.33,11.99,0.90,0.00,0.00,0.00,0.00,0.00,0.00
12/3/2016,12,3,0.00,0.00,0.00,0.00,0.00,0.00,0.00,0.00,1.23,7.28,12.16,17.66,17.36,17.75,19.48,20.33,11.99,0.90,0.00,0.00,0.00,0.00,0.00,0.00
12/4/2016,12,4,0.00,0.00,0.00,0.00,0.00,0.00,0.00,0.00,1.09,13.69,25.19,20.82,19.05,19.33,21.46,20.33,12.14,0.90,0.00,0.00,0.00,0.00,0.00,0.00
12/5/2016,12,5,0.00,0.00,0.00,0.00,0.00,0.00,0.00,0.00,1.77,13.69,25.19,22.08,20.28,19.33,21.46,22.64,12.74,0.90,0.00,0.00,0.00,0.00,0.00,0.00
12/6/2016,12,6,0.00,0.00,0.00,0.00,0.00,0.00,0.00,0.00,1.77,17.51,25.19,22.62,20.28,20.37,22.55,23.75,14.18,1.03,0.00,0.00,0.00,0.00,0.00,0.00
12/7/2016,12,7,0.00,0.00,0.00,0.00,0.00,0.00,0.00,0.00,2.62,18.38,25.19,22.62,20.28,20.37,22.55,23.75,14.18,1.05,0.00,0.00,0.00,0.00,0.00,0.00
12/8/2016,12,8,0.00,0.00,0.00,0.00,0.00,0.00,0.00,0.00,2.62,18.38,25.19,22.69,20.28,20.37,22.55,23.75,14.18,1.05,0.00,0.00,0.00,0.00,0.00,0.00
12/9/2016,12,9,0.00,0.00,0.00,0.00,0.00,0.00,0.00,0.00,2.62,18.38,25.19,22.69,20.28,20.37,22.55,23.75,14.18,1.05,0.00,0.00,0.00,0.00,0.00,0.00
12/10/2016,12,10,0.00,0.00,0.00,0.00,0.00,0.00,0.00,0.00,2.62,18.38,25.19,22.69,20.28,20.37,22.55,23.75,14.18,1.06,0.00,0.00,0.00,0.00,0.00,0.00
12/11/2016,12,11,0.00,0.00,0.00,0.00,0.00,0.00,0.00,0.00,2.62,18.38,24.31,22.69,20.28,20.37,22.55,23.75,14.18,1.06,0.03,0.00,0.00,0.00,0.00,0.00
12/12/2016,12,12,0.00,0.00,0.00,0.00,0.00,0.00,0.00,0.00,2.62,18.38,24.31,22.69,20.19,20.37,22.55,23.75,14.18,1.06,0.03,0.00,0.00,0.00,0.00,0.00
12/13/2016,12,13,0.00,0.00,0.00,0.00,0.00,0.00,0.00,0.00,2.62,18.38,24.10,22.69,19.85,20.03,22.49,23.41,13.98,1.12,0.03,0.00,0.00,0.00,0.00,0.00
12/14/2016,12,14,0.00,0.00,0.00,0.00,0.00,0.00,0.00,0.00,2.31,17.62,23.52,22.69,19.69,19.94,22.08,23.26,13.96,1.12,0.03,0.00,0.00,0.00,0.00,0.00
12/15/2016,12,15,0.00,0.00,0.00,0.00,0.00,0.00,0.00,0.00,2.31,17.62,23.52,22.06,19.59,19.72,22.04,23.26,14.03,1.12,0.03,0.00,0.00,0.00,0.00,0.00
12/16/2016,12,16,0.00,0.00,0.00,0.00,0.00,0.00,0.00,0.00,2.31,17.62,23.52,22.06,19.59,19.72,22.04,23.26,14.21,1.14,0.03,0.00,0.00,0.00,0.00,0.00
12/17/2016,12,17,0.00,0.00,0.00,0.00,0.00,0.00,0.00,0.00,2.31,17.62,23.52,22.06,19.59,19.72,22.04,23.26,14.21,1.15,0.03,0.00,0.00,0.00,0.00,0.00
12/18/2016,12,18,0.00,0.00,0.00,0.00,0.00,0.00,0.00,0.00,2.10,17.20,23.52,22.06,19.59,19.72,21.82,23.00,14.21,1.15,0.00,0.00,0.00,0.00,0.00,0.00
12/19/2016,12,19,0.00,0.00,0.00,0.00,0.00,0.00,0.00,0.00,2.10,17.20,23.52,22.06,19.59,19.72,21.63,22.84,14.21,1.16,0.00,0.00,0.00,0.00,0.00,0.00
12/20/2016,12,20,0.00,0.00,0.00,0.00,0.00,0.00,0.00,0.00,1.92,16.31,22.99,21.97,19.59,19.37,21.63,22.84,14.21,1.16,0.00,0.00,0.00,0.00,0.00,0.00
12/21/2016,12,21,0.00,0.00,0.00,0.00,0.00,0.00,0.00,0.00,1.92,16.31,22.99,21.61,19.17,19.14,21.45,22.67,14.21,1.17,0.00,0.00,0.00,0.00,0.00,0.00
12/22/2016,12,22,0.00,0.00,0.00,0.00,0.00,0.00,0.00,0.00,1.80,16.23,22.72,21.49,19.17,19.14,21.35,22.67,14.21,1.17,0.00,0.00,0.00,0.00,0.00,0.00
12/23/2016,12,23,0.00,0.00,0.00,0.00,0.00,0.00,0.00,0.00,1.72,16.23,22.67,21.30,19.05,18.96,21.33,22.60,14.10,1.45,0.00,0.00,0.00,0.00,0.00,0.00
12/24/2016,12,24,0.00,0.00,0.00,0.00,0.00,0.00,0.00,0.00,1.18,14.76,22.68,21.82,19.18,18.96,21.33,22.60,15.04,1.45,0.00,0.00,0.00,0.00,0.00,0.00
12/25/2016,12,25,0.00,0.00,0.00,0.00,0.00,0.00,0.00,0.00,1.18,14.76,22.68,21.82,19.18,18.93,21.33,22.60,15.04,1.45,0.00,0.00,0.00,0.00,0.00,0.00
12/26/2016,12,26,0.00,0.00,0.00,0.00,0.00,0.00,0.00,0.00,1.19,14.76,22.92,21.82,19.18,18.93,21.33,22.60,15.47,1.59,0.00,0.00,0.00,0.00,0.00,0.00
12/27/2016,12,27,0.00,0.00,0.00,0.00,0.00,0.00,0.00,0.00,1.19,14.76,22.92,21.82,20.39,18.93,21.33,22.60,15.47,1.59,0.00,0.00,0.00,0.00,0.00,0.00
12/28/2016,12,28,0.00,0.00,0.00,0.00,0.00,0.00,0.00,0.00,1.19,14.76,22.92,21.82,20.39,18.93,21.33,22.60,15.47,1.64,0.00,0.00,0.00,0.00,0.00,0.00
12/29/2016,12,29,0.00,0.00,0.00,0.00,0.00,0.00,0.00,0.00,1.19,14.76,22.92,21.82,20.39,18.93,21.33,22.60,15.47,1.64,0.00,0.00,0.00,0.00,0.00,0.00
12/30/2016,12,30,0.00,0.00,0.00,0.00,0.00,0.00,0.00,0.00,1.19,14.76,22.92,21.82,20.39,18.93,21.17,22.56,15.47,1.64,0.00,0.00,0.00,0.00,0.00,0.00
12/31/2016,12,31,0.00,0.00,0.00,0.00,0.00,0.00,0.00,0.00,1.19,14.74,22.92,21.78,20.39,18.84,21.12,22.56,15.47,1.64,0.00,0.00,0.00,0.00,0.00,0.00
1/1/2016,1,1,0.00,0.00,0.00,0.00,0.00,0.00,0.00,0.00,1.19,14.74,22.92,21.78,20.39,18.84,21.12,22.56,15.47,1.64,0.00,0.00,0.00,0.00,0.00,0.00
1/2/2016,1,2,0.00,0.00,0.00,0.00,0.00,0.00,0.00,0.00,1.19,14.74,22.92,21.78,20.39,18.84,21,23,15.47,1.64,0.00,0.00,0.00,0.00,0.00,0.00
1/3/2016,1,3,0.00,0.00,0.00,0.00,0.00,0.00,0.00,0.00,1.19,14.74,22.92,21.78,20.39,18.84,21,23,15.47,1.64,0.00,0.00,0.00,0.00,0.00,0.00
1/4/2016,1,4,0.00,0.00,0.00,0.00,0.00,0.00,0.00,0.00,1.19,14.74,22.92,21.78,20.39,18.84,21,23,15.47,1.64,0.00,0.00,0.00,0.00,0.00,0.00
1/5/2016,1,5,0.00,0.00,0.00,0.00,0.00,0.00,0.00,0.00,1.19,14.74,22.92,21.78,20.39,18.84,21,23,15.47,1.64,0.00,0.00,0.00,0.00,0.00,0.00
1/6/2016,1,6,0.00,0.00,0.00,0.00,0.00,0.00,0.00,0.00,1.19,14.74,22.92,21.78,20.39,18.84,21,23,15.47,1.64,0.00,0.00,0.00,0.00,0.00,0.00
1/7/2016,1,7,0.00,0.00,0.00,0.00,0.00,0.00,0.00,0.00,1.19,14.74,22.92,21.78,20.39,18.84,21,23,15.47,1.64,0.00,0.00,0.00,0.00,0.00,0.00
1/8/2016,1,8,0.00,0.00,0.00,0.00,0.00,0.00,0.00,0.00,1.19,14.74,22.92,21.78,20.39,18.84,21,23,15.47,1.64,0.00,0.00,0.00,0.00,0.00,0.00
1/9/2016,1,9,0.00,0.00,0.00,0.00,0.00,0.00,0.00,0.00,1.19,14.74,22.92,21.78,20.39,18.84,21,23,15.47,1.64,0.00,0.00,0.00,0.00,0.00,0.00
1/10/2016,1,10,0.00,0.00,0.00,0.00,0.00,0.00,0.00,0.00,1.19,14.74,22.92,21.78,20.39,18.84,21,23,15.47,1.64,0.00,0.00,0.00,0.00,0.00,0.00
1/11/2016,1,11,0.00,0.00,0.00,0.00,0.00,0.00,0.00,0.00,1.19,14.74,22.92,21.78,20.39,18.84,21,23,15.47,1.64,0.00,0.00,0.00,0.00,0.00,0.00
1/12/2016,1,12,0.00,0.00,0.00,0.00,0.00,0.00,0.00,0.00,1.19,14.74,22.92,21.78,20.39,18.84,21,23,15.47,1.64,0.00,0.00,0.00,0.00,0.00,0.00
1/13/2016,1,13,0.00,0.00,0.00,0.00,0.00,0.00,0.00,0.00,1.19,14.74,22.92,21.78,20.39,18.84,21,23,15.47,1.64,0.00,0.00,0.00,0.00,0.00,0.00
1/14/2016,1,14,0.00,0.00,0.00,0.00,0.00,0.00,0.00,0.00,1.19,14.74,22.92,21.78,20.39,18.84,21,23,15.47,1.64,0.00,0.00,0.00,0.00,0.00,0.00
1/15/2016,1,15,0.00,0.00,0.00,0.00,0.00,0.00,0.00,0.00,1.19,14.74,22.92,21.78,20.39,18.84,21,23,15.47,1.64,0.00,0.00,0.00,0.00,0.00,0.00
1/16/2016,1,16,0.00,0.00,0.00,0.00,0.00,0.00,0.00,0.00,1.19,14.74,22.92,21.78,20.39,18.84,21,23,15.47,1.64,0.00,0.00,0.00,0.00,0.00,0.00
