SUNE2,Month,Day,1,2,3,4,5,6,7,8,9,10,11,12,13,14,15,16,17,18,19,20,21,22,23,24
1/1/2016,1,1,0,0,0,0,0,0,0,0,1.267698169,5.925777912,6.897525787,6.452157021,5.936780453,5.931288719,6.292473793,6.361562729,4.900682449,1.226105332,0,0,0,0,0,0
1/2/2016,1,2,0,0,0,0,0,0,0,0,1.267698169,5.925777912,6.897525787,6.452157021,5.936780453,5.859731674,6.179043293,6.298779488,4.900682449,1.226105332,0,0,0,0,0,0
1/3/2016,1,3,0,0,0,0,0,0,0,0,1.267698169,5.925777912,6.897525787,6.452157021,5.936780453,5.859731674,6.179043293,6.298779488,4.900682449,1.226105332,0,0,0,0,0,0
1/4/2016,1,4,0,0,0,0,0,0,0,0,1.267698169,5.925777912,6.897525787,6.452157021,5.936780453,5.859731674,6.179043293,6.298779488,4.900682449,1.226105332,0,0,0,0,0,0
1/5/2016,1,5,0,0,0,0,0,0,0,0,1.234819055,5.421526909,6.557091713,6.149726868,5.751238346,5.71134901,6.179043293,6.115785599,4.874582767,1.226105332,0,0,0,0,0,0
1/6/2016,1,6,0,0,0,0,0,0,0,0,1.234819055,5.421526909,6.557091713,6.149726868,6.277558804,6.232044697,6.475607395,6.699017525,5.537379742,1.319651961,0,0,0,0,0,0
1/7/2016,1,7,0,0,0,0,0,0,0,0,1.373343825,6.253945351,7.149292946,6.702911377,6.277558804,6.232044697,6.488111734,6.744178772,5.624471664,1.319651961,0,0,0,0,0,0
1/8/2016,1,8,0,0,0,0,0,0,0,0,1.373343825,6.253945351,7.149292946,6.702911377,6.277558804,6.232044697,6.475607395,6.744178772,5.624471664,1.319651961,0,0,0,0,0,0
1/9/2016,1,9,0,0,0,0,0,0,0,0,1.373343825,6.253945351,7.149292946,6.702911377,6.277558804,6.232044697,6.475607395,6.744178772,5.624471664,1.319651961,0,0,0,0,0,0
1/10/2016,1,10,0,0,0,0,0,0,0,0,1.373343825,6.253945351,7.149292946,6.702911377,6.277558804,6.232044697,6.475607395,6.744178772,5.624471664,1.319651961,0,0,0,0,0,0
1/11/2016,1,11,0,0,0,0,0,0,0,0,1.373343825,6.253945351,7.149292946,6.702911377,6.277558804,6.232044697,6.778203964,6.744178772,5.624471664,1.319651961,0,0,0,0,0,0
1/12/2016,1,12,0,0,0,0,0,0,0,0,1.373343825,6.253945351,7.149292946,6.702911377,6.277558804,6.232044697,6.778203964,6.744178772,5.624471664,1.319651961,0.011908557,0,0,0,0,0
1/13/2016,1,13,0,0,0,0,0,0,0,0,1.373343825,6.253945351,7.149292946,6.702911377,6.257863998,6.307076931,6.778203964,6.828401089,5.930539131,1.694059253,0.011908557,0,0,0,0,0
1/14/2016,1,14,0,0,0,0,0,0,0,0,1.374734044,6.132158756,7.142277241,6.806863308,6.359266758,6.359271526,6.791882515,7.127194881,5.979681969,1.753529906,0.011908557,0,0,0,0,0
1/15/2016,1,15,0,0,0,0,0,0,0,0,1.374734044,6.132158756,7.142277241,6.806863308,6.359266758,6.359271526,6.791882515,7.127194881,5.979681969,1.809398293,0.011908557,0,0,0,0,0
1/16/2016,1,16,0,0,0,0,0,0,0,0,1.374734044,6.132158756,7.142277241,6.806863308,6.359266758,6.359271526,6.791882515,7.127194881,5.979681969,1.838715672,0.011908557,0,0,0,0,0
1/17/2016,1,17,0,0,0,0,0,0,0,0,1.375232935,6.311891556,7.142277241,6.840738297,6.403927803,6.359271526,6.791882515,7.127194881,6.151924133,2.029479265,0.011908557,0,0,0,0,0
1/18/2016,1,18,0,0,0,0,0,0,0,0,1.375232935,6.311891556,7.142277241,6.840738297,6.403927803,6.359271526,6.791882515,7.127194881,6.151924133,2.0443995,0.011908557,0,0,0,0,0
1/19/2016,1,19,0,0,0,0,0,0,0,0,1.375232935,6.311891556,7.142277241,6.840738297,6.403927803,6.359271526,6.791882515,7.127194881,6.264705181,2.0443995,0,0,0,0,0,0
1/20/2016,1,20,0,0,0,0,0,0,0,1.27446E-05,1.375232935,6.311891556,7.142277241,6.840738297,6.403927803,6.359271526,6.791882515,7.127194881,6.264705181,2.265610456,0.002256772,0,0,0,0,0
1/21/2016,1,21,0,0,0,0,0,0,0,1.27446E-05,1.375232935,6.311891556,7.115199089,6.840738297,6.411040783,6.351688385,6.646505356,7.020012856,6.300711632,2.355051517,0.004421697,0,0,0,0,0
1/22/2016,1,22,0,0,0,0,0,0,0,1.27446E-05,1.375232935,6.311891556,7.234656811,7.004868031,6.600103378,6.40721941,6.669462204,7.020012856,6.342330933,2.355051517,0.004421697,0,0,0,0,0
1/23/2016,1,23,0,0,0,0,0,0,0,1.27446E-05,1.41096139,6.311891556,7.234656811,7.004868031,6.600103378,6.40721941,6.669462204,7.020012856,6.383551121,2.502861023,0.009491369,0,0,0,0,0
1/24/2016,1,24,0,0,0,0,0,0,0,1.27446E-05,1.41096139,6.19387722,7.234656811,7.004868031,6.600103378,6.40721941,6.669462204,7.020012856,6.515945435,2.530681133,0.009491369,0,0,0,0,0
1/25/2016,1,25,0,0,0,0,0,0,0,1.27446E-05,1.41096139,6.19387722,7.234656811,7.004868031,6.600103378,6.40721941,6.669462204,7.020012856,6.515945435,2.530681133,0.009491369,0,0,0,0,0
1/26/2016,1,26,0,0,0,0,0,0,0,1.27446E-05,1.41096139,6.19387722,7.234656811,7.004868031,6.600103378,6.40721941,6.669462204,6.995125294,6.515945435,2.530681133,0.009491369,0,0,0,0,0
1/27/2016,1,27,0,0,0,0,0,0,0,0,1.41096139,6.19387722,7.234656811,7.004868031,6.600103378,6.40721941,6.669462204,6.995125294,6.515945435,2.530681133,0.009491369,0,0,0,0,0
1/28/2016,1,28,0,0,0,0,0,0,0,0.003079973,1.41096139,6.19387722,7.234656811,7.004868031,6.600103378,6.40721941,6.669462204,7.00443697,6.515945435,2.709386826,0.027760379,0,0,0,0,0
1/29/2016,1,29,0,0,0,0,0,0,0,0.003079973,1.41096139,6.19387722,7.210978508,6.946201801,6.58417511,6.515735149,6.66230917,7.00443697,6.515945435,2.709386826,0.027760379,0,0,0,0,0
1/30/2016,1,30,0,0,0,0,0,0,0,0.003079973,1.504012704,6.796928883,7.210978508,6.946201801,6.58417511,6.515735149,6.66230917,7.00443697,6.515945435,2.709386826,0.027760379,0,0,0,0,0
1/31/2016,1,31,0,0,0,0,0,0,0,0.003079973,1.738129854,6.796928883,7.847708225,7.55224371,7.142861366,7.018028259,7.26326561,7.604614735,7.193187714,3.367899895,0.055249184,0,0,0,0,0
2/1/2016,2,1,0,0,0,0,0,0,0,0.003079973,1.738129854,6.796928883,7.847708225,7.55224371,7.142861366,7.018028259,7.26326561,7.604614735,7.193187714,3.367899895,0.055249184,0,0,0,0,0
2/2/2016,2,2,0,0,0,0,0,0,0,0.003079973,1.749969363,6.796928883,7.847708225,7.55224371,7.142861366,7.018028259,7.26326561,7.604614735,7.193187714,3.382553577,0.070122339,0,0,0,0,0
2/3/2016,2,3,0,0,0,0,0,0,0,0.009467355,1.749969363,6.796928883,7.847708225,7.55224371,7.142861366,7.018028259,7.26326561,7.604614735,7.193187714,3.382553577,0.092024475,0,0,0,0,0
2/4/2016,2,4,0,0,0,0,0,0,0,0.009467355,1.749969363,6.796928883,7.847708225,7.55224371,7.142861366,7.018028259,7.26326561,7.604614735,7.193187714,3.382553577,0.092024475,0,0,0,0,0
2/5/2016,2,5,0,0,0,0,0,0,0,0.010302606,1.749969363,6.796928883,7.847708225,7.55224371,7.142861366,7.018028259,7.26326561,7.604614735,7.193187714,3.470435619,0.092024475,0,0,0,0,0
2/6/2016,2,6,0,0,0,0,0,0,0,0.010302606,1.936396956,6.731563091,7.847708225,7.55224371,7.142861366,7.018028259,7.26326561,7.604614735,7.193187714,3.48526907,0.104393974,0,0,0,0,0
2/7/2016,2,7,0,0,0,0,0,0,0,0.010302606,1.961233854,6.653003693,7.676604271,7.281393051,6.882741451,6.792023182,6.990169048,7.312046528,6.948709011,3.48526907,0.104393974,0,0,0,0,0
2/8/2016,2,8,0,0,0,0,0,0,0,0.010302606,1.981022,6.732165813,7.676604271,7.321606636,6.883666515,6.792023182,6.990169048,7.312046528,6.948709011,3.48526907,0.114762627,0,0,0,0,0
2/9/2016,2,9,0,0,0,0,0,0,0,0.020121958,1.981022,6.732165813,7.676604271,7.321606636,6.883666515,6.792023182,6.980955124,7.312046528,6.743694782,3.48526907,0.152977824,0,0,0,0,0
2/10/2016,2,10,0,0,0,0,0,0,0,0.020121958,1.981022,6.732165813,7.668562889,7.321606636,6.883666515,6.736017227,6.980955124,7.312046528,6.743694782,3.48526907,0.152977824,0,0,0,0,0
2/11/2016,2,11,0,0,0,0,0,0,0,0.020121958,2.290823221,6.732165813,7.668562889,7.321606636,7.405202389,6.88874197,7.287686348,7.554618359,7.270032883,3.48526907,0.15647009,0,0,0,0,0
2/12/2016,2,12,0,0,0,0,0,0,0,0.020121958,2.290823221,6.732165813,7.668562889,7.321606636,7.405202389,7.249331474,7.287686348,7.66402483,7.270032883,4.085851192,0.200913906,0,0,0,0,0
2/13/2016,2,13,0,0,0,0,0,0,0,0.020121958,2.290823221,7.493926048,8.279719353,7.599871159,7.460538387,7.349600315,7.287686348,7.66402483,7.270032883,4.452274323,0.231390789,0,0,0,0,0
2/14/2016,2,14,0,0,0,0,0,0,0,0.032984752,2.711257458,7.493926048,8.279719353,7.82942915,7.461741447,7.404794216,7.559115887,7.877007961,7.555856228,4.452274323,0.254897207,0,0,0,0,0
2/15/2016,2,15,0,0,0,0,0,0,0,0.032984752,2.722200155,7.495557308,8.279719353,7.850966454,7.461741447,7.404794216,7.559115887,7.877007961,7.555856228,4.47477293,0.272062927,0,0,0,0,0
2/16/2016,2,16,0,0,0,0,0,0,0,0.035961583,2.722200155,7.495557308,8.279719353,7.850966454,7.461741447,7.404794216,7.559115887,7.877007961,7.555856228,4.47477293,0.272062927,0,0,0,0,0
2/17/2016,2,17,0,0,0,0,0,0,0,0.039606735,2.940066338,7.647391319,8.39786911,7.983935356,7.584883213,7.457862377,7.661593914,7.997627735,7.721196175,4.748497963,0.339097142,0,0,0,0,0
2/18/2016,2,18,0,0,0,0,0,0,0,0.039870154,3.037513733,7.7374053,8.39786911,8.017521858,7.600473404,7.508194447,7.661593914,7.997627735,7.721196175,4.748497963,0.341345489,0,0,0,0,0
2/19/2016,2,19,0,0,0,0,0,0,0,0.050043754,3.093327761,7.7374053,8.39786911,8.031038284,7.690353394,7.561572552,7.661593914,7.997627735,7.721196175,4.748497963,0.341345489,0,0,0,0,0
2/20/2016,2,20,0,0,0,0,0,0,0,0.050043754,3.093327761,7.7374053,8.39786911,8.031038284,7.690353394,7.561572552,7.661593914,7.997627735,7.721196175,4.748497963,0.341345489,0,0,0,0,0
2/21/2016,2,21,0,0,0,0,0,0,0,0.050043754,3.093327761,7.7374053,8.39786911,8.031038284,7.735971451,7.692145348,7.817354679,7.997627735,7.721196175,4.748497963,0.341345489,0,0,0,0,0
2/22/2016,2,22,0,0,0,0,0,0,0,0.089975663,3.791015387,8.308759689,8.708891869,8.349094391,8.045149803,7.871147633,8.028092384,8.399497986,8.169523239,5.446622849,0.494524688,0,0,0,0,0
2/23/2016,2,23,0,0,0,0,0,0,0,0.089975663,3.791015387,8.308759689,8.708891869,8.349094391,8.045149803,7.871147633,8.028092384,8.399497986,8.169523239,5.584670067,0.525974512,0,0,0,0,0
2/24/2016,2,24,0,0,0,0,0,0,0,0.099406376,3.952753782,8.308759689,8.708891869,8.349094391,8.045149803,7.954112053,8.120817184,8.399497986,8.240742683,5.707613468,0.566615283,0,0,0,0,0
2/25/2016,2,25,0,0,0,0,0,0,0,0.120491542,3.952753782,8.308759689,8.708891869,8.349094391,8.045149803,7.954112053,8.120817184,8.399497986,8.240742683,5.707613468,0.566615283,0,0,0,0,0
2/26/2016,2,26,0,0,0,0,0,0,0,0.120491542,3.952753782,8.308759689,8.708891869,8.349094391,8.376272202,8.235952377,8.49547863,8.745652199,8.492977142,5.89405489,0.651834011,0,0,0,0,0
2/27/2016,2,27,0,0,0,0,0,0,0,0.222750202,4.384520531,8.399373055,8.708891869,8.406485558,8.376272202,8.235952377,8.49547863,8.745652199,8.492977142,5.931471348,0.662791014,0,0,0,0,0
2/28/2016,2,28,0,0,0,0,0,0,0,0.222750202,4.453913689,8.690041542,9.018754959,8.652189255,8.376272202,8.254818916,8.49547863,8.745652199,8.492977142,5.931471348,0.71797812,0,0,0,0,0
3/1/2016,3,1,0,0,0,0,0,0,0,0.278021693,4.453913689,8.690041542,9.018754959,8.652189255,8.376272202,8.254818916,8.49547863,8.745652199,8.492977142,5.931471348,0.71797812,0,0,0,0,0
3/2/2016,3,2,0,0,0,0,0,0,0,0.278021693,4.59374094,8.690041542,9.018754959,8.652189255,8.376272202,8.254818916,8.49547863,8.745652199,8.492977142,5.975326538,0.779081404,0,0,0,0,0
3/3/2016,3,3,0,0,0,0,0,0,0,0.278021693,4.645749569,8.690041542,9.018754959,8.652189255,8.376272202,8.254818916,8.49547863,8.745652199,8.492977142,5.975326538,0.787335515,0,0,0,0,0
3/4/2016,3,4,0,0,0,0,0,0,0,0.278021693,4.645749569,8.690041542,9.018754959,8.652189255,8.376272202,8.254818916,8.49547863,8.745652199,8.492977142,5.975326538,0.787335515,0,0,0,0,0
3/5/2016,3,5,0,0,0,0,0,0,0,0.278021693,4.645749569,8.690041542,9.018754959,8.652189255,8.303167343,8.254818916,8.473567963,8.561694145,8.314927101,5.975326538,0.787335515,0,0,0,0,0
3/6/2016,3,6,0,0,0,0,0,0,0,0.345623195,4.721908092,8.690041542,9.018754959,8.652189255,8.303167343,8.254818916,8.473567963,8.561694145,8.314927101,5.975326538,0.787335515,0,0,0,0,0
3/7/2016,3,7,0,0,0,0,0,0,0,0.345623195,4.721908092,8.633724213,8.944758415,8.54543972,8.24800396,8.159790039,8.417926788,8.561694145,8.314927101,5.975326538,0.787335515,0,0,0,0,0
3/8/2016,3,8,0,0,0,0,0,0,0,0.345623195,4.721908092,8.633724213,8.944758415,8.54543972,8.24800396,8.159790039,8.417926788,8.561694145,8.314927101,5.975326538,0.787335515,0,0,0,0,0
3/9/2016,3,9,0,0,0,0,0,0,0,0.345623195,4.721908092,8.285512924,8.855172157,8.54543972,8.218338013,8.159790039,8.417926788,8.490326881,7.901144028,5.895586967,0.787335515,0,0,0,0,0
3/10/2016,3,10,0,0,0,0,0,0,0,0.361746699,5.003478527,8.285512924,8.855172157,8.54543972,8.218338013,8.159790039,8.537288666,8.503708839,7.901144028,5.895586967,0.784549832,0,0,0,0,0
3/11/2016,3,11,0,0,0,0,0,0,0,0.601692438,5.675629616,8.920683861,9.097839355,8.699930191,8.418236732,8.159790039,8.537288666,8.503708839,8.110141754,5.895586967,0.784549832,0,0,0,0,0
3/12/2016,3,12,0,0,0,0,0,0,0,0.637626052,5.771533489,8.920683861,9.097839355,8.699930191,8.418236732,8.159790039,8.537288666,8.503708839,8.234192848,6.247915268,1.064533353,0,0,0,0,0
3/13/2016,3,13,0,0,0,0,0,0,0,0.697774291,5.842864037,8.920683861,9.117008209,8.715521812,8.418236732,8.285575867,8.537288666,8.503708839,8.234192848,6.247915268,1.086968899,0,0,0,0,0
3/14/2016,3,14,0,0,0,0,0,0,0,0.723573804,5.842864037,8.920683861,9.117008209,8.715521812,8.418236732,8.285575867,8.537288666,8.519112587,8.307407379,6.5154953,1.199939966,0,0,0,0,0
3/15/2016,3,15,0,0,0,0,0,0,0,0.798461795,6.022375584,8.920683861,9.117008209,8.715521812,8.418236732,8.285575867,8.537288666,8.519112587,8.307407379,6.5154953,1.199939966,0,0,0,0,0
3/16/2016,3,16,0,0,0,0,0,0,0,0.874610603,6.115986824,8.920683861,9.117008209,8.715521812,8.418236732,8.285575867,8.537288666,8.519112587,8.307407379,6.5154953,1.270359397,0,0,0,0,0
3/17/2016,3,17,0,0,0,0,0,0,0,1.022624969,6.115986824,8.920683861,9.117008209,8.715521812,8.418236732,8.285575867,8.40631485,8.519112587,8.307407379,6.532825947,1.382996798,0,0,0,0,0
3/18/2016,3,18,0,0,0,0,0,0,0,1.022624969,6.115986824,8.78082943,9.117008209,8.715521812,8.373152733,8.285575867,8.40631485,8.519112587,8.307407379,6.532825947,1.382996798,0,0,0,0,0
3/19/2016,3,19,0,0,0,0,0,0,0,1.133444667,6.349546909,8.78082943,9.117008209,8.715521812,8.373152733,8.38087368,8.40631485,8.519112587,8.307407379,6.532825947,1.382996798,0,0,0,0,0
3/20/2016,3,20,0,0,0,0,0,0,0,1.287141681,6.349546909,8.622945786,8.963222504,8.663731575,8.373152733,8.38087368,8.335378647,8.519112587,8.307407379,6.532825947,1.382996798,0,0,0,0,0
3/21/2016,3,21,0,0,0,0,0,0,6.80811E-06,1.287141681,6.349546909,8.520191193,8.664912224,8.4145298,8.20391655,8.38087368,8.157471657,8.334636688,8.106772423,6.532825947,1.382996798,0,0,0,0,0
3/22/2016,3,22,0,0,0,0,0,0,6.80811E-06,1.287141681,6.349546909,8.520191193,8.712781906,8.4145298,8.20391655,8.38087368,8.157471657,8.334636688,8.106772423,6.532825947,1.382996798,0,0,0,0,0
3/23/2016,3,23,0,0,0,0,0,0,6.80811E-06,1.379955769,6.349546909,8.320626259,8.712781906,8.681036949,8.453967094,8.38087368,8.138339996,8.470511436,8.106772423,6.532825947,1.382996798,0,0,0,0,0
3/24/2016,3,24,0,0,0,0,0,0,6.80811E-06,1.420246243,6.573982239,8.714333534,8.712781906,8.681036949,8.487723351,8.450325012,8.524278641,8.547664642,8.106772423,6.43371582,1.353204012,0,0,0,0,0
3/25/2016,3,25,0,0,0,0,0,0,0.000556683,1.548006535,7.065968513,9.10996151,9.322085381,9.002947807,8.720349312,8.645030022,8.712629318,8.913963318,8.678455353,7.082649708,1.708918214,0,0,0,0,0
3/26/2016,3,26,0,0,0,0,0,0,0.000556683,1.682861209,7.22731781,9.10996151,9.322085381,9.027819633,8.797430038,8.800909042,8.928696632,9.018815994,8.823791504,7.175599098,1.788133383,0,0,0,0,0
3/27/2016,3,27,0,0,0,0,0,0,0.002027625,1.819954157,7.372003555,9.205269814,9.375067711,9.027819633,8.797430038,8.829236984,8.928696632,9.018815994,8.823791504,7.175599098,1.788133383,0,0,0,0,0
3/28/2016,3,28,0,0,0,0,0,0,0.002027625,1.819954157,7.372003555,9.205269814,9.375067711,9.027819633,8.797430038,8.829236984,8.928696632,9.018815994,8.823791504,7.175599098,1.788133383,0,0,0,0,0
3/29/2016,3,29,0,0,0,0,0,0,0.00334185,1.819954157,7.372003555,9.205269814,9.375067711,9.027819633,8.797430038,8.829236984,8.928696632,9.018815994,8.823791504,7.175599098,1.788133383,0,0,0,0,0
3/30/2016,3,30,0,0,0,0,0,0,0.00334185,1.819954157,7.372003555,9.205269814,9.375067711,9.027819633,8.797430038,8.829236984,8.928696632,9.018815994,8.823791504,7.175599098,1.788133383,0,0,0,0,0
3/31/2016,3,31,0,0,0,0,0,0,0.029097524,1.819954157,7.372003555,9.205269814,9.375067711,9.027819633,8.797430038,8.829236984,8.928696632,9.018815994,8.823791504,7.175599098,1.788133383,0,0,0,0,0
4/1/2016,4,1,0,0,0,0,0,0,0.029097524,1.819954157,7.372003555,9.205269814,9.375067711,9.027819633,8.797430038,8.829236984,8.928696632,9.018815994,8.823791504,7.175599098,1.852180958,0,0,0,0,0
4/2/2016,4,2,0,0,0,0,0,0,0.029097524,2.227935076,7.372003555,9.205269814,9.375067711,8.957875252,8.553273201,8.829236984,8.74403286,8.437996864,8.378165245,6.802844048,1.852180958,0,0,0,0,0
4/3/2016,4,3,0,0,0,0,0,0,0.029097524,2.227935076,7.10499239,8.513186455,9.016186714,8.511760712,8.437273979,8.4403162,8.410098076,8.437996864,8.135272026,6.688946724,1.852180958,0,0,0,0,0
4/4/2016,4,4,0,0,0,0,0,0,0.029097524,2.227935076,7.10499239,8.484981537,9.016186714,8.511760712,8.157781601,8.4403162,8.410098076,8.437996864,8.135272026,6.688946724,1.9722054,0,0,0,0,0
4/5/2016,4,5,0,0,0,0,0,0,0.033731427,2.811324596,7.555817604,8.744901657,9.016186714,8.849052429,8.663146019,8.472658157,8.505591393,8.509058952,8.303283691,6.688946724,1.9722054,0,0,0,0,0
4/6/2016,4,6,0,0,0,0,0,0,0.033731427,2.811324596,7.555817604,8.744901657,9.016186714,8.849052429,8.663146019,8.472658157,8.505591393,8.509058952,8.303283691,6.688946724,1.9722054,0,0,0,0,0
4/7/2016,4,7,0,0,0,0,0,0,0.042452965,3.040801287,7.920640469,8.744901657,9.016186714,8.849052429,8.663146019,9.011314392,8.505591393,8.509058952,8.303283691,6.688946724,2.1515975,0,0,0,0,0
4/8/2016,4,8,0,0,0,0,0,0,0.042452965,3.040801287,7.920640469,8.744901657,8.940961838,8.849052429,8.663146019,9.011314392,8.524806976,8.606639862,8.337917328,7.025582314,2.17200613,0,0,0,0,0
4/9/2016,4,9,0,0,0,0,0,0,0.065121345,3.09911108,7.920640469,8.744901657,8.940961838,8.849052429,8.668391228,9.011314392,8.655340195,8.725200653,8.440112114,7.113179684,2.268199921,0,0,0,0,0
4/10/2016,4,10,0,0,0,0,0,0,0.072142728,3.131587982,7.920640469,8.744901657,8.940961838,8.849052429,8.668391228,9.011314392,8.655340195,8.725200653,8.440112114,7.113179684,2.268199921,0,0,0,0,0
4/11/2016,4,11,0,0,0,0,0,0,0.072142728,3.131587982,7.920640469,8.744901657,9.00234127,8.997240067,8.862743378,9.011314392,8.668416977,8.725200653,8.440112114,7.113179684,2.268199921,0,0,0,0,0
4/12/2016,4,12,0,0,0,0,0,0,0.087365203,3.311656713,7.920640469,8.592242241,9.00234127,8.997240067,8.892864227,9.011314392,8.690705299,8.725200653,8.440112114,7.16699934,2.501415253,0,0,0,0,0
4/13/2016,4,13,0,0,0,0,0,0,0.116414234,3.658971786,7.920640469,8.592242241,9.00234127,8.997240067,8.892864227,9.011314392,8.690705299,8.725200653,8.440112114,7.16699934,2.501415253,0,0,0,0,0
4/14/2016,4,14,0,0,0,0,0,0,0.116414234,3.658971786,7.580008507,8.592242241,9.00234127,8.997240067,8.892864227,8.808708191,8.690705299,8.725200653,8.440112114,7.16699934,2.501415253,0,0,0,0,0
4/15/2016,4,15,0,0,0,0,0,0,0.142124876,4.000171185,7.580008507,8.860852242,9.00234127,8.997240067,8.892864227,8.808708191,8.690705299,8.725200653,8.440112114,7.16699934,2.501415253,0,0,0,0,0
4/16/2016,4,16,0,0,0,0,0,0,0.167352527,4.037209034,8.051422119,8.860852242,9.00234127,8.997240067,8.892864227,8.808708191,8.690705299,8.604968071,8.399785995,7.363356113,2.792695999,0,0,0,0,0
4/17/2016,4,17,0,0,0,0,0,0,0.195440263,4.037209034,8.051422119,8.860852242,9.00234127,8.997240067,8.892864227,8.808708191,8.690705299,8.604968071,8.399785995,7.363356113,2.792695999,0,0,0,0,0
4/18/2016,4,18,0,0,0,0,0,0,0.195440263,4.037209034,8.051422119,8.860852242,8.964935303,8.879832268,8.892864227,8.796585083,8.690705299,8.698342323,8.51614666,7.363356113,2.792695999,0,0,0,0,0
4/19/2016,4,19,0,0,0,0,0,0,0.22796981,4.037209034,8.273392677,9.135755539,9.217941284,8.857861519,8.759858131,8.666668892,8.673228264,8.698342323,8.51614666,7.363356113,2.792695999,0,0,0,0,0
4/20/2016,4,20,0,0,0,0,0,0,0.232934564,4.037209034,8.273392677,9.135755539,9.217941284,9.062107086,8.952903748,8.752913475,8.76936245,9.090960503,8.810217857,7.555455685,2.943754673,0,0,0,0,0
4/21/2016,4,21,0,0,0,0,0,0,0.296185136,4.57164526,8.41089344,9.135755539,9.217941284,9.062107086,8.952903748,8.752913475,8.76936245,9.090960503,8.810217857,7.555455685,2.943754673,0,0,0,0,0
4/22/2016,4,22,0,0,0,0,0,0,0.296185136,4.57164526,8.41089344,9.135755539,9.217941284,9.062107086,8.952903748,8.752913475,8.76936245,9.090960503,8.810217857,7.555455685,2.943754673,0,0,0,0,0
4/23/2016,4,23,0,0,0,0,0,0,0.35307163,4.57164526,8.41089344,9.135755539,9.217941284,9.062107086,8.952903748,8.752913475,8.76936245,9.090960503,8.810217857,7.555455685,2.943754673,0,0,0,0,0
4/24/2016,4,24,0,0,0,0,0,0,0.35307163,4.57164526,8.41089344,9.135755539,9.217941284,9.062107086,8.952903748,8.822201729,8.847914696,9.090960503,8.810217857,7.555455685,2.943754673,0,0,0,0,0
4/25/2016,4,25,0,0,0,0,0,0,0.35307163,4.57164526,8.41089344,9.135755539,9.217941284,9.062107086,8.952903748,8.822201729,8.847914696,9.090960503,8.810217857,7.555455685,3.053909063,0,0,0,0,0
4/26/2016,4,26,0,0,0,0,0,0,0.35307163,4.57164526,8.41089344,9.064058304,9.078253746,9.062107086,8.952903748,8.822201729,8.847914696,9.090960503,8.810217857,7.555455685,3.053909063,0,0,0,0,0
4/27/2016,4,27,0,0,0,0,0,0,0.533032894,5.051465988,8.41089344,9.064058304,9.033511162,8.936083794,8.873257637,8.822201729,8.847914696,8.785381317,8.540000916,7.367786884,3.244908094,0,0,0,0,0
4/28/2016,4,28,0,0,0,0,0,0,0.533032894,5.051465988,8.080765724,8.711716652,8.892447472,8.914484978,8.873257637,8.822201729,8.847914696,8.785381317,8.451778412,7.367786884,3.244908094,0,0,0,0,0
4/29/2016,4,29,0,0,0,0,0,0,0.533032894,5.051465988,8.080765724,8.711716652,8.892447472,8.914484978,8.873257637,8.822201729,8.855286598,8.785381317,8.451778412,7.367786884,3.244908094,0,0,0,0,0
4/30/2016,4,30,0,0,0,0,0,0,0.533032894,5.051465988,8.080765724,8.711716652,8.892447472,8.914484978,8.873257637,8.822201729,8.855286598,8.785381317,8.451778412,7.367786884,3.244908094,0,0,0,0,0
5/1/2016,5,1,0,0,0,0,0,0,0.590299726,5.051465988,8.080765724,8.711716652,8.826508522,8.788146019,8.873257637,8.738936424,8.855286598,8.759708405,8.451778412,7.329122543,3.244908094,0,0,0,0,0
5/2/2016,5,2,0,0,0,0,0,0,0.752280831,5.051465988,8.080765724,8.60772419,8.707342148,8.788146019,8.873257637,8.738936424,8.855286598,8.759708405,8.319543839,7.305613041,3.244908094,0,0,0,0,0
5/3/2016,5,3,0,0,0,0,0,0,0.752280831,5.051465988,8.080765724,8.60772419,8.707342148,8.788146019,8.829218864,8.718054771,8.870539665,8.779931068,8.403967857,7.305613041,3.244908094,0,0,0,0,0
5/4/2016,5,4,0,0,0,0,0,0,0.752280831,5.105580807,8.192712784,8.972240448,8.660729408,9.017721176,8.914258957,8.87136364,8.883203506,8.868091583,8.629052162,7.649619579,3.737663746,0,0,0,0,0
5/5/2016,5,5,0,0,0,0,0,0,0.86451447,5.65749073,8.192712784,8.972240448,8.660729408,9.017721176,8.914258957,8.87136364,8.883203506,8.868091583,8.629052162,7.649619579,3.737663746,0,0,0,0,0
5/6/2016,5,6,0,0,0,0,0,0,0.86451447,5.65749073,8.192712784,8.972240448,8.660729408,9.017721176,8.914258957,8.87136364,8.883203506,8.868091583,8.629052162,7.649619579,3.737663746,0,0,0,0,0
5/7/2016,5,7,0,0,0,0,0,0,0.86451447,5.65749073,8.192712784,8.972240448,8.660729408,9.017721176,8.995401382,8.977162361,9.035975456,8.96322155,8.629052162,7.649619579,3.737663746,0,0,0,0,0
5/8/2016,5,8,0,0,0,0,0,0,0.947877228,5.718663692,8.192712784,8.972240448,8.774048805,9.017721176,8.995401382,8.977162361,9.035975456,8.96322155,8.629052162,7.649619579,3.737663746,0,0,0,0,0
5/9/2016,5,9,0,0,0,0,0,0,0.947877228,5.718663692,8.192712784,8.972240448,8.774048805,9.017721176,8.995401382,8.977162361,9.035975456,8.96322155,8.725208282,7.649619579,3.737663746,0,0,0,0,0
5/10/2016,5,10,0,0,0,0,0,0,0.947877228,5.718663692,8.192712784,8.972240448,9.108958244,9.017721176,9.005819321,8.977162361,9.035975456,8.96322155,8.725208282,7.649619579,3.737663746,0,0,0,0,0
5/11/2016,5,11,0,0,0,0,0,0,0.947877228,5.718663692,8.142806053,8.836531639,9.108958244,8.915984154,9.005819321,8.977162361,9.035975456,8.96322155,8.725208282,7.574439049,3.574680805,0,0,0,0,0
5/12/2016,5,12,0,0,0,0,0,0,0.947877228,5.718663692,8.142806053,8.836531639,9.108958244,8.915984154,9.005819321,8.977162361,9.035975456,8.96322155,8.725208282,7.574439049,3.574680805,0,0,0,0,0
5/13/2016,5,13,0,0,0,0,0,0,1.053726435,5.725477219,8.142806053,8.836531639,9.108958244,8.915984154,9.005819321,8.977162361,9.035975456,9.034791946,8.745488167,7.574439049,4.034307003,0,0,0,0,0
5/14/2016,5,14,0,0,0,0,0,0,1.205526233,6.145973682,8.364161491,8.995568275,9.108958244,8.915984154,9.005819321,9.067878723,9.125718117,9.045629501,8.745488167,7.588126183,4.034307003,0,0,0,0,0
5/15/2016,5,15,0,0,0,0,0,0,1.205526233,6.145973682,8.364161491,8.995568275,9.108958244,8.915984154,9.005819321,9.067878723,9.125718117,9.045629501,8.745488167,7.588126183,4.034307003,0,0,0,0,0
5/16/2016,5,16,0,0,0,0,0,0,1.205526233,6.145973682,8.364161491,8.995568275,9.108958244,8.915984154,9.005819321,9.067878723,9.125718117,9.045629501,8.745488167,7.588126183,4.034307003,0,0,0,0,0
5/17/2016,5,17,0,0,0,0,0,0,1.214050412,6.145973682,8.364161491,8.995568275,8.974444389,8.886390686,8.874123573,9.067878723,9.125718117,9.045629501,8.745488167,7.588126183,4.331378937,0,0,0,0,0
5/18/2016,5,18,0,0,0,0,0,0,1.214050412,6.145973682,8.364161491,8.995568275,8.974444389,8.886390686,8.874123573,9.067878723,9.125718117,9.045629501,8.745488167,7.588126183,4.331378937,0,0,0,0,0
5/19/2016,5,19,0,0,0,0,0,0,1.214050412,6.145973682,8.364161491,8.995568275,8.974444389,8.886390686,8.874123573,9.067878723,9.125718117,9.045629501,8.745488167,7.716266155,4.502728939,0,0,0,0,0
5/20/2016,5,20,0,0,0,0,0,0,1.403793097,6.270289898,8.406611443,8.995568275,9.106737137,9.11557579,9.085715294,9.067878723,9.125718117,9.045629501,8.594143867,7.716266155,4.558686256,0,0,0,0,0
5/21/2016,5,21,0,0,0,0,0,0,1.535036922,6.573407173,8.58642292,9.051058769,9.106737137,9.11557579,9.085715294,8.963858604,8.908033371,8.820313454,8.588494301,7.716266155,4.633223057,0,0,0,0,0
5/22/2016,5,22,0,0,0,0,0,0,1.535036922,6.573407173,8.58642292,9.056742668,9.106737137,9.11557579,9.085715294,8.963858604,8.908033371,8.820313454,8.588494301,7.716266155,4.633223057,0,0,0,0,0
5/23/2016,5,23,0,0,0,0,0,0,1.535036922,6.573407173,8.58642292,9.056742668,9.106737137,9.11557579,9.085715294,8.963858604,8.908033371,8.820313454,8.588494301,7.716266155,4.633223057,0,0,0,0,0
5/24/2016,5,24,0,0,0,0,0,0,1.535036922,6.573407173,8.58642292,9.056742668,9.106737137,9.11557579,9.085715294,8.963858604,8.908033371,8.820313454,8.588494301,7.716266155,4.633223057,0,0,0,0,0
5/25/2016,5,25,0,0,0,0,0,0,1.535036922,6.573407173,8.58642292,9.056742668,9.106737137,9.11557579,9.085715294,8.963858604,8.908033371,8.820313454,8.588494301,7.716266155,4.633223057,0,0,0,0,0
5/26/2016,5,26,0,0,0,0,0,0,1.535036922,6.573407173,8.58642292,9.056742668,9.106737137,9.11557579,9.085715294,8.963858604,8.908033371,8.820313454,8.542385101,7.649454594,4.633223057,0,0,0,0,0
5/27/2016,5,27,0,0,0,0,0,0,1.535036922,6.573407173,8.58642292,9.056742668,9.066116333,9.029782295,8.946107864,8.896711349,8.817233086,8.756772995,8.542385101,7.649454594,4.633223057,0,0,0,0,0
5/28/2016,5,28,0,0,0,0,0,0,1.49389255,6.368800163,8.513372421,9.056742668,9.066116333,9.029782295,8.946107864,8.828395844,8.799201012,8.69288826,8.395484924,7.519377232,4.606235027,0,0,0,0,0
5/29/2016,5,29,0,0,0,0,0,0,1.49389255,6.368800163,8.312612534,9.021892548,9.0035429,9.029782295,8.946107864,8.638954163,8.636249542,8.597910881,8.211736679,7.320604801,4.242287636,0,0,0,0,0
5/30/2016,5,30,0,0,0,0,0,0,1.377179742,5.922908306,8.060713768,8.764055252,9.159165382,9.102325439,9.057869911,8.969151497,8.878312111,8.809388161,8.515352249,7.536643982,4.491135597,0,0,0,0,0
5/31/2016,5,31,0,0,0,0,0,0,1.552063942,6.158778191,8.139125824,8.799760818,8.951043129,9.102325439,9.057869911,8.969151497,8.878312111,8.809388161,8.515352249,7.536643982,4.742904186,0,0,0,0,0
6/1/2016,6,1,0,0,0,0,0,0,1.623677373,6.319655418,8.192050934,8.799760818,9.159165382,9.102325439,9.057869911,8.969151497,8.878312111,8.809388161,8.515352249,7.536643982,5.025063038,0,0,0,0,0
6/2/2016,6,2,0,0,0,0,0,0,1.623677373,6.336316586,8.361967087,8.884485245,9.159165382,9.102325439,9.057869911,8.969151497,8.878312111,8.809388161,8.515352249,7.536643982,5.025063038,0,0,0,0,0
6/3/2016,6,3,0,0,0,0,0,0,1.623677373,6.336316586,8.361967087,8.884485245,9.159165382,9.102325439,9.057869911,8.969151497,8.878312111,8.809388161,8.515352249,7.536643982,5.025063038,0,0,0,0,0
6/4/2016,6,4,0,0,0,0,0,0,1.623677373,6.336316586,8.361967087,8.884485245,9.159165382,9.102325439,9.057869911,8.969151497,8.878312111,8.809388161,8.515352249,7.536643982,5.025063038,0,0,0,0,0
6/5/2016,6,5,0,0,0,0,0,0,1.623677373,6.336316586,8.361967087,8.87758255,9.159165382,9.102325439,9.057869911,8.969151497,8.878312111,8.809388161,8.515352249,7.536643982,5.025063038,0,0,0,0,0
6/6/2016,6,6,0,0,0,0,0,0,1.623677373,6.336316586,8.361967087,8.87758255,8.837444305,8.814147949,8.761683464,8.849017143,8.712342262,8.688368797,8.369832039,7.506719589,5.025063038,0,0,0,0,0
6/7/2016,6,7,0,0,0,0,0,0,1.623677373,6.336316586,8.361967087,8.87758255,8.759468079,8.722236633,8.746408463,8.849017143,8.712342262,8.688368797,8.369832039,7.492059708,5.025063038,0,0,0,0,0
6/8/2016,6,8,0,0,0,0,0,0,1.623677373,6.336316586,8.361967087,8.87758255,8.759468079,8.68279171,8.615701675,8.849017143,8.712342262,8.688368797,8.369832039,7.445379734,5.025063038,0,0,0,0,0
6/9/2016,6,9,0,0,0,0,0,0,1.623677373,6.336316586,8.361967087,8.453914642,8.759468079,9,9,9,8.712342262,9,8.369832039,7.445379734,5.025063038,0,0,0,0,0
6/10/2016,6,10,0,0,0,0,0,0,1.623677373,6.336316586,8.361967087,9,8.759468079,9,9,9,8.712342262,9,8.369832039,7.445379734,5.025063038,0,0,0,0,0
6/11/2016,6,11,0,0,0,0,0,0,1.623677373,6.336316586,8.361967087,9,8.759468079,9,9,9,8.712342262,9,8.369832039,7.445379734,5.025063038,0,0,0,0,0
6/12/2016,6,12,0,0,0,0,0,0,1.623677373,6.336316586,8.361967087,9,8.759468079,9,9,9,8.712342262,9,8.369832039,7.445379734,5.025063038,0,0,0,0,0
6/13/2016,6,13,0,0,0,0,0,0,1.623677373,6.336316586,8.361967087,9,8.759468079,9,9,9,8.712342262,9,8.369832039,7.445379734,5.025063038,0,0,0,0,0
6/14/2016,6,14,0,0,0,0,0,0,1.623677373,6.336316586,8.361967087,9,8.759468079,9,9,9,8.712342262,9,8.369832039,7.445379734,5.025063038,0,0,0,0,0
6/15/2016,6,15,0,0,0,0,0,0,1.623677373,6.336316586,8.361967087,9,8.759468079,9,9,9,8.712342262,9,8.369832039,7.445379734,5.025063038,0,0,0,0,0
6/16/2016,6,16,0,0,0,0,0,0,1.623677373,6.336316586,8.361967087,9,8.759468079,9,9,9,9.294517517,9,8.369832039,7.445379734,5.025063038,0,0,0,0,0
6/17/2016,6,17,0,0,0,0,0,0,1.623677373,6.559494495,8.282355309,8.713324547,8.759468079,8.806980133,8.704771996,8.609277725,9.294517517,8.6051054,8.369832039,7.445379734,5.507203579,0,0,0,0,0
6/18/2016,6,18,0,0,0,0,0,0,1.623677373,6.559494495,8.282355309,8.713324547,8.574082375,8.508160591,8.644184113,8.479928017,9.294517517,8.548342705,8.760938644,7.771295547,5.507203579,0,0,0,0,0
6/19/2016,6,19,0,0,0,0,0,0,1.775771737,6.302703381,8.070806503,8.713324547,8.574082375,8.478402138,8.479775429,8.479928017,9.294517517,8.544157982,8.760938644,7.533760548,5.082280159,0,0,0,0,0
6/20/2016,6,20,0,0,0,0,0,0,1.158594131,5.538041115,7.769444942,8.366699219,8.458575249,8.478402138,8.479775429,8.479928017,9.294517517,8.27766037,8.760938644,5.740560532,4.701076031,0,0,0,0,0
6/21/2016,6,21,0,0,0,0,0,0,1.158594131,5.538041115,7.769444942,8.366699219,8.458575249,8.478402138,8.479775429,8.479928017,9.294517517,8.509932518,8.760938644,5.740560532,4.701076031,0,0,0,0,0
6/22/2016,6,22,0,0,0,0,0,0,1.158594131,5.538041115,7.769444942,8.366699219,8.524606705,8.478402138,8.479775429,8.637821198,8.479985237,8.509932518,8.106672287,6.63779974,4.701076031,0,0,0,0,0
6/23/2016,6,23,0,0,0,0,0,0,1.158594131,5.538041115,7.769444942,8.366699219,8.524606705,8.418210983,8.461638451,8.637821198,8.479985237,8.509932518,8.106672287,6.63779974,4.701076031,0,0,0,0,0
6/24/2016,6,24,0,0,0,0,0,0,1.081182122,5.126928806,7.647384644,8.337259293,8.524606705,8.400976181,8.461638451,8.637821198,8.479985237,8.509932518,8.106672287,6.63779974,4.701076031,0,0,0,0,0
6/25/2016,6,25,0,0,0,0,0,0,1.081182122,5.126928806,7.647384644,8.337259293,8.530390739,8.400976181,8.461638451,8.637821198,8.479985237,8.509932518,8.106672287,6.63779974,5.050620079,0,0,0,0,0
6/26/2016,6,26,0,0,0,0,0,0,1.087033629,5.126928806,7.475224495,8.337259293,8.530390739,8.400976181,8.256076813,8.637821198,8.302681923,8.509932518,8.106672287,6.63779974,5.050620079,0,0,0,0,0
6/27/2016,6,27,0,0,0,0,0,0,1.378321171,5.866252899,7.816688538,8.436588287,8.530390739,8.400976181,8.256076813,8.637821198,8.302681923,8.509932518,8.106672287,6.63779974,5.050620079,0,0,0,0,0
6/28/2016,6,28,0,0,0,0,0,0,1.378321171,5.866252899,7.816688538,8.436588287,8.530390739,8.400976181,8.297786713,8.637821198,8.208403587,8.109176636,7.942622662,6.717157364,5.050620079,0,0,0,0,0
6/29/2016,6,29,0,0,0,0,0,0,1.378321171,5.866252899,7.816688538,8.436588287,8.530390739,8.35977459,8.297786713,8.270153999,8.159926414,8.109176636,7.942622662,6.718105793,5.050620079,0,0,0,0,0
6/30/2016,6,30,0,0,0,0,0,0,1.378321171,5.866252899,7.816688538,8.436588287,8.530390739,8.35977459,8.297786713,8.270153999,8.427911758,8.109176636,7.942622662,6.718105793,5.050620079,0,0,0,0,0
7/1/2016,7,1,0,0,0,0,0,0,1.378321171,5.866252899,7.816688538,8.436588287,8.530390739,8.24088192,8.297786713,8.270153999,8.427911758,8.074589729,7.942622662,6.718105793,5.050620079,0,0,0,0,0
7/2/2016,7,2,0,0,0,0,0,0,1.378321171,5.866252899,7.816688538,8.436588287,8.426171303,8.24088192,8.297786713,8.270153999,8.427911758,8.310370445,7.942622662,7.026194096,5.203841686,0,0,0,0,0
7/3/2016,7,3,0,0,0,0,0,0,1.378321171,5.866252899,7.816688538,8.436588287,8.426171303,8.24088192,8.297786713,8.349451065,8.427911758,8.402871132,7.942622662,7.026194096,5.203841686,0,0,0,0,0
7/4/2016,7,4,0,0,0,0,0,0,1.291561365,5.42524004,7.500107288,7.914656162,9.026859283,8.843068123,8.727131844,8.756230354,8.427911758,8.402871132,8.147711754,7.082498074,5.203841686,0,0,0,0,0
7/5/2016,7,5,0,0,0,0,0,0,1.291561365,5.359547138,7.194952965,8.420953751,9.026859283,8.843068123,8.727131844,8.756230354,8.427911758,8.716378212,8.147711754,7.082498074,5.203841686,0,0,0,0,0
7/6/2016,7,6,0,0,0,0,0,0,1.291561365,5.359547138,7.194952965,8.420953751,9.026859283,8.843068123,8.727131844,8.756230354,8.427911758,8.716378212,8.147711754,7.082498074,5.203841686,0,0,0,0,0
7/7/2016,7,7,0,0,0,0,0,0,1.150263429,4.979225636,7.194952965,8.420953751,9.026859283,8.843068123,8.727131844,8.756230354,8.421039581,8.716378212,8.147711754,7.082498074,5.203841686,0,0,0,0,0
7/8/2016,7,8,0,0,0,0,0,0,1.150263429,4.979225636,7.194952965,8.420953751,9.026859283,8.843068123,8.727131844,8.950632095,8.421039581,8.716378212,8.178635597,7.082498074,5.203841686,0,0,0,0,0
7/9/2016,7,9,0,0,0,0,0,0,1.150263429,5.349636555,7.452092171,8.420953751,9.026859283,8.843068123,8.727131844,8.950632095,8.421039581,8.716378212,8.178635597,7.082498074,4.771035194,0,0,0,0,0
7/10/2016,7,10,0,0,0,0,0,0,1.150263429,5.424104214,7.633195877,8.420953751,9.026859283,8.843068123,8.727131844,8.950632095,8.421039581,8.716378212,8.178635597,7.082498074,4.771035194,0,0,0,0,0
7/11/2016,7,11,0,0,0,0,0,0,1.150263429,5.424104214,7.643074512,8.420953751,8.412857056,8.458286285,8.521051407,8.950632095,8.421039581,8.716378212,8.178635597,7.040008545,4.906443119,0,0,0,0,0
7/12/2016,7,12,0,0,0,0,0,0,1.150263429,5.424104214,7.643074512,8.385958672,8.412857056,8.458286285,8.521051407,8.950632095,8.421039581,8.427266121,8.178635597,7.040008545,4.906443119,0,0,0,0,0
7/13/2016,7,13,0,0,0,0,0,0,1.104761004,5.434994221,7.643074512,8.385958672,8.412857056,8.458286285,8.462340355,8.950632095,8.421039581,8.427266121,8.178635597,7.040008545,5.227356434,0,0,0,0,0
7/14/2016,7,14,0,0,0,0,0,0,1.104761004,5.601275444,7.762179375,8.464625359,8.61686039,8.525442123,8.462340355,8.950632095,8.486539841,8.427266121,8.178635597,7.212236404,5.227356434,0,0,0,0,0
7/15/2016,7,15,0,0,0,0,0,0,1.104761004,5.601275444,7.762179375,8.464625359,8.61686039,8.525442123,8.462340355,8.465065956,8.486539841,8.383530617,8.155887604,7.212236404,5.227356434,0,0,0,0,0
7/16/2016,7,16,0,0,0,0,0,0,1.10427928,5.601275444,7.762179375,8.464625359,8.61686039,8.525442123,8.462340355,8.465065956,8.486539841,8.383530617,8.155887604,7.212236404,5.227356434,0,0,0,0,0
7/17/2016,7,17,0,0,0,0,0,0,1.10427928,5.601275444,7.762179375,8.464625359,8.61686039,8.525442123,8.462340355,8.465065956,8.486539841,8.383530617,8.155887604,7.212236404,5.227356434,0,0,0,0,0
7/18/2016,7,18,0,0,0,0,0,0,1.10427928,5.601275444,7.762179375,8.464625359,8.61686039,8.525442123,8.450773239,8.465065956,8.486539841,8.383530617,8.155887604,7.212236404,5.227356434,0,0,0,0,0
7/19/2016,7,19,0,0,0,0,0,0,1.10427928,5.601275444,7.762179375,8.464625359,8.61686039,8.525442123,8.450773239,8.465065956,8.486539841,8.383530617,8.155887604,7.212236404,5.227356434,0,0,0,0,0
7/20/2016,7,20,0,0,0,0,0,0,1.10427928,5.601275444,7.762179375,8.464625359,8.61686039,8.525442123,8.450773239,8.465065956,8.486539841,8.383530617,8.032614708,7.233011246,5.082175732,0,0,0,0,0
7/21/2016,7,21,0,0,0,0,0,0,1.046975255,5.520562649,7.446250916,8.29624939,8.472145081,8.385854721,8.514883041,7.904595375,8.316240311,8.018606186,8.178159714,7.233011246,4.983393192,0,0,0,0,0
7/22/2016,7,22,0,0,0,0,0,0,0.961327791,5.520562649,7.851604462,8.412428856,8.577800751,8.585813522,8.514883041,8.104930878,8.680768967,8.01363945,8.178159714,7.233011246,4.983393192,0,0,0,0,0
7/23/2016,7,23,0,0,0,0,0,0,0.961327791,5.520562649,7.851604462,8.412428856,8.577800751,8.585813522,8.514883041,8.104930878,8.703003883,8.01363945,8.178159714,7.551634789,4.983393192,0,0,0,0,0
7/24/2016,7,24,0,0,0,0,0,0,0.901886165,5.489728928,7.851604462,8.412428856,8.577800751,8.585813522,8.514883041,8.104930878,8.703003883,8.089884758,8.178159714,7.551634789,4.983393192,0,0,0,0,0
7/25/2016,7,25,0,0,0,0,0,0,0.901886165,5.489728928,7.851604462,8.412428856,8.577800751,8.585813522,8.514883041,8.104930878,8.703003883,8.089884758,8.178159714,7.551634789,4.983393192,0,0,0,0,0
7/26/2016,7,26,0,0,0,0,0,0,0.901886165,5.489728928,7.851604462,8.412428856,8.577800751,8.585813522,8.514883041,8.104930878,8.703003883,8.089884758,8.178159714,7.551634789,4.983393192,0,0,0,0,0
7/27/2016,7,27,0,0,0,0,0,0,0.901886165,5.489728928,7.851604462,8.412428856,8.577800751,8.585813522,8.514883041,8.104930878,8.703003883,8.089884758,8.178159714,7.551634789,4.497858047,0,0,0,0,0
7/28/2016,7,28,0,0,0,0,0,0,0.901886165,5.489728928,7.851604462,8.412428856,8.577800751,8.585813522,8.505827904,8.104930878,8.703003883,8.417133331,8.125621796,7.551634789,4.631823063,0,0,0,0,0
7/29/2016,7,29,0,0,0,0,0,0,0.901886165,5.460031509,7.464425087,8.405191422,8.497301102,8.521935463,8.347031593,8.075410843,8.703003883,8.417133331,8.125621796,7.551634789,4.631823063,0,0,0,0,0
7/30/2016,7,30,0,0,0,0,0,0,0.901886165,5.460031509,7.464425087,8.405191422,8.497301102,8.521935463,8.347031593,8.075410843,8.168916702,8.417133331,8.175335884,7.396002769,4.631823063,0,0,0,0,0
7/31/2016,7,31,0,0,0,0,0,0,0.719073057,5.125687122,7.534032345,8.238835335,8.347435951,8.521935463,8.347031593,7.875850201,8.168916702,8.417133331,8.175335884,7.26857996,4.631823063,0,0,0,0,0
8/1/2016,8,1,0,0,0,0,0,0,0.719073057,5.04064846,7.534032345,8.238835335,8.347435951,8.521935463,8.347031593,7.875850201,8.168916702,8.417133331,8.175335884,7.26857996,4.631823063,0,0,0,0,0
8/2/2016,8,2,0,0,0,0,0,0,0.719073057,5.04064846,7.534032345,8.220095634,8.347435951,8.521935463,8.347031593,8.391517639,7.833525181,8.417133331,8.175335884,7.26857996,4.631823063,0,0,0,0,0
8/3/2016,8,3,0,0,0,0,0,0,0.719073057,5.04064846,7.592856884,8.377819061,8.47887516,8.521935463,8.347031593,8.391517639,8.440378189,8.417133331,8.175335884,7.26857996,4.631823063,0,0,0,0,0
8/4/2016,8,4,0,0,0,0,0,0,0.693854213,5.04064846,7.592856884,8.377819061,8.47887516,8.521935463,8.347031593,8.391517639,8.440378189,7.882249355,8.175335884,7.26857996,4.017615318,0,0,0,0,0
8/5/2016,8,5,0,0,0,0,0,0,0.610044599,4.979495049,7.592856884,8.377819061,8.481532097,8.422066689,8.370877266,8.391517639,8.440378189,8.291417122,8.175335884,7.344205856,4.45934248,0,0,0,0,0
8/6/2016,8,6,0,0,0,0,0,0,0.610044599,4.979495049,7.651453972,8.377819061,8.481532097,8.422066689,8.370877266,8.391517639,8.440378189,8.291417122,8.057533264,7.344205856,4.45934248,0,0,0,0,0
8/7/2016,8,7,0,0,0,0,0,0,0.610044599,4.979495049,7.651453972,8.377819061,8.481532097,8.422066689,8.370877266,8.391517639,8.440378189,8.291417122,8.057533264,7.344205856,4.45934248,0,0,0,0,0
8/8/2016,8,8,0,0,0,0,0,0,0.610044599,4.979495049,7.651453972,8.377819061,8.481532097,8.422066689,8.370877266,8.391517639,8.440378189,8.291417122,8.057533264,7.344205856,4.45934248,0,0,0,0,0
8/9/2016,8,9,0,0,0,0,0,0,0.610044599,4.979495049,7.773154259,8.428977966,8.481532097,8.422066689,8.370877266,8.339862823,8.440378189,8.291417122,8.107704163,7.420981407,4.45934248,0,0,0,0,0
8/10/2016,8,10,0,0,0,0,0,0,0.586862743,4.801666737,7.868135452,8.606226921,8.640907288,8.449424744,8.370877266,8.378210068,8.388064384,8.291417122,8.107704163,7.420981407,4.45934248,0,0,0,0,0
8/11/2016,8,11,0,0,0,0,0,0,0.495320529,4.773969173,7.868135452,8.606226921,8.640907288,8.449424744,8.370877266,8.378210068,8.388064384,8.291417122,8.107704163,7.420981407,4.45934248,0,0,0,0,0
8/12/2016,8,12,0,0,0,0,0,0,0.495320529,4.773969173,7.868135452,8.606226921,8.640907288,8.449424744,8.321144104,8.378210068,8.388064384,8.243449211,8.107704163,7.420981407,4.337473869,0,0,0,0,0
8/13/2016,8,13,0,0,0,0,0,0,0.495320529,4.759218216,7.868135452,8.606226921,8.640907288,8.449424744,8.321144104,8.378210068,8.388064384,8.243449211,8.107704163,7.420981407,4.337473869,0,0,0,0,0
8/14/2016,8,14,0,0,0,0,0,0,0.410750747,4.759218216,7.868135452,8.606226921,8.640907288,8.449424744,8.321144104,8.378210068,8.388064384,8.243449211,8.107704163,7.420981407,4.337473869,0,0,0,0,0
8/15/2016,8,15,0,0,0,0,0,0,0.410750747,4.759218216,7.868135452,8.606226921,8.640907288,8.449424744,8.321144104,8.378210068,8.388064384,8.496683121,8.222429276,7.47349596,4.337473869,0,0,0,0,0
8/16/2016,8,16,0,0,0,0,0,0,0.379980087,4.336905479,7.868135452,8.606226921,8.640907288,8.449424744,8.319905281,8.378210068,8.388064384,8.496683121,8.222429276,7.47349596,3.806681156,0,0,0,0,0
8/17/2016,8,17,0,0,0,0,0,0,0.328668267,4.336905479,7.511717796,8.338840485,8.434995651,8.359028816,8.185522079,8.292346001,8.308182716,8.496683121,8.222429276,7.47349596,3.806681156,0,0,0,0,0
8/18/2016,8,18,0,0,0,0,0,0,0.328668267,4.336905479,7.511717796,8.338840485,8.434995651,8.359028816,8.185522079,8.292346001,8.308182716,8.496683121,8.222429276,7.47349596,3.806681156,0,0,0,0,0
8/19/2016,8,19,0,0,0,0,0,0,0.328668267,4.336905479,7.511717796,8.338840485,8.434995651,8.359028816,8.185522079,8.145934105,8.308182716,8.496683121,8.222429276,7.47349596,3.806681156,0,0,0,0,0
8/20/2016,8,20,0,0,0,0,0,0,0.328668267,4.336905479,7.511717796,8.227367401,8.255041122,8.270073891,8.107336998,8.071834564,8.308182716,8.496683121,8.222429276,7.47349596,3.646850109,0,0,0,0,0
8/21/2016,8,21,0,0,0,0,0,0,0.264114201,3.955706835,7.177918911,7.934860229,8.255041122,8.270073891,8.107336998,8.071834564,8.084208488,8.496683121,8.222429276,7.47349596,3.646850109,0,0,0,0,0
8/22/2016,8,22,0,0,0,0,0,0,0.264114201,3.955706835,7.177918911,7.986066818,8.273049355,8.320031166,8.209690094,8.096086502,8.084208488,8.496683121,8.222429276,7.47349596,3.646850109,0,0,0,0,0
8/23/2016,8,23,0,0,0,0,0,0,0.237306684,3.87218523,6.885780811,7.986066818,8.273049355,8.320031166,8.209690094,8.771802902,8.771802902,8.496683121,8.222429276,7.47349596,3.646850109,0,0,0,0,0
8/24/2016,8,24,0,0,0,0,0,0,0.203987136,3.433115005,6.885780811,7.986066818,8.273049355,8.320031166,8.209690094,8.771802902,8.771802902,8.496683121,8.222429276,7.47349596,3.646850109,0,0,0,0,0
8/25/2016,8,25,0,0,0,0,0,0,0.175541669,3.362553835,6.885780811,8.194190025,8.28882122,8.320031166,8.209690094,8.771802902,8.771802902,8.496683121,8.222429276,7.47349596,3.646850109,0,0,0,0,0
8/26/2016,8,26,0,0,0,0,0,0,0.175541669,3.362553835,6.885780811,8.194190025,8.28882122,8.320031166,8.209690094,8.771802902,8.771802902,8.496683121,8.222429276,7.47349596,3.646850109,0,0,0,0,0
8/27/2016,8,27,0,0,0,0,0,0,0.175541669,3.362553835,7.009331703,8.194190025,8.28882122,8.320031166,8.209690094,8.771802902,8.771802902,8.496683121,8.222429276,7.47349596,3.646850109,0,0,0,0,0
8/28/2016,8,28,0,0,0,0,0,0,0.175541669,3.362553835,7.009331703,8.194190025,8.28882122,8.320031166,8.209690094,8.771802902,8.771802902,8.189370155,8.222429276,7.47349596,3.646850109,0,0,0,0,0
8/29/2016,8,29,0,0,0,0,0,0,0.159442574,3.315096855,7.009331703,8.194190025,8.28882122,8.231149673,8.144558907,8.771802902,8.771802902,8.189370155,7.722684383,6.673475742,2.159623861,0,0,0,0,0
8/30/2016,8,30,0,0,0,0,0,0,0.159442574,3.315096855,7.14627409,8.194190025,8.28882122,8.231149673,8.144558907,7.990088463,8.697461128,8.189370155,7.722684383,6.673475742,2.159623861,0,0,0,0,0
8/31/2016,8,31,0,0,0,0,0,0,0.159442574,3.375144958,7.184385777,8.194190025,8.28882122,8.231149673,7.91099453,7.886651516,8.697461128,8.189370155,7.722684383,6.673475742,2.159623861,0,0,0,0,0
9/1/2016,9,1,0,0,0,0,0,0,0.159442574,3.375144958,7.184385777,8.102144241,8.202019691,8.046491623,7.924598217,7.929479599,8.697461128,8.189370155,7.722684383,6.673475742,2.159623861,0,0,0,0,0
9/2/2016,9,2,0,0,0,0,0,0,0.159442574,3.375144958,7.184385777,8.102144241,8.202019691,8.046491623,7.924598217,7.929479599,8.697461128,8.189370155,7.722684383,6.673475742,2.159623861,0,0,0,0,0
9/3/2016,9,3,0,0,0,0,0,0,0.159442574,3.375144958,7.184385777,8.102144241,8.202019691,8.046491623,7.924598217,7.929479599,7.967411518,8.189370155,7.722684383,6.673475742,2.159623861,0,0,0,0,0
9/4/2016,9,4,0,0,0,0,0,0,0.159442574,3.375144958,7.184385777,8.102144241,8.202019691,8.046491623,7.924598217,7.929479599,7.967411518,8.189370155,7.722684383,6.673475742,2.159623861,0,0,0,0,0
9/5/2016,9,5,0,0,0,0,0,0,0.120653532,3.375144958,7.184385777,8.102144241,8.202019691,8.046491623,7.924598217,7.929479599,7.967411518,8.189370155,7.722684383,6.673475742,2.159623861,0,0,0,0,0
9/6/2016,9,6,0,0,0,0,0,0,0.120653532,3.375144958,7.184385777,8.102144241,8.202019691,8.046491623,7.924598217,7.929479599,7.967411518,7.94386673,7.680515289,6.534369946,2.050171614,0,0,0,0,0
9/7/2016,9,7,0,0,0,0,0,0,0.112975404,3.349370241,7.151110649,8.102144241,8.202019691,8.046491623,8.194063187,7.929479599,7.967411518,7.906218529,7.610233307,6.395263672,1.984500408,0,0,0,0,0
9/8/2016,9,8,0,0,0,0,0,0,0.092065595,3.285994768,7.13813591,8.046660423,8.086407661,7.911680222,8.194063187,7.927518845,7.946406364,7.897373676,7.536897182,6.296771526,1.728598714,0,0,0,0,0
9/9/2016,9,9,0,0,0,0,0,0,0.092065595,3.285994768,7.13813591,8.046660423,8.086407661,7.911680222,8.194063187,7.927518845,7.946406364,7.836574554,7.214267254,6.296771526,1.728598714,0,0,0,0,0
9/10/2016,9,10,0,0,0,0,0,0,0.092065595,3.285994768,7.13813591,8.046660423,8.086407661,7.911680222,8.194063187,7.927518845,7.946406364,7.943780422,7.214267254,6.296771526,1.728598714,0,0,0,0,0
9/11/2016,9,11,0,0,0,0,0,0,0.086771987,3.225692034,7.13171196,8.046660423,8.086407661,7.878746986,8.194063187,7.927518845,7.946406364,7.943780422,7.035785198,6.135522366,1.333529711,0,0,0,0,0
9/12/2016,9,12,0,0,0,0,0,0,0.082306556,3.171374321,7.13171196,8.046660423,7.856095552,7.665530682,8.194063187,7.891031265,7.946406364,7.943780422,7.035785198,6.135522366,1.333529711,0,0,0,0,0
9/13/2016,9,13,0,0,0,0,0,0,0.09249831,2.788350344,6.729148865,7.817295074,7.966655731,7.551212788,8.194063187,7.439390182,7.662863731,7.943780422,7.035785198,6.135522366,1.333529711,0,0,0,0,0
9/14/2016,9,14,0,0,0,0,0,0,0.09249831,2.653219938,6.702989578,7.880896091,7.966655731,7.920351028,7.875531673,7.439390182,7.662863731,7.943780422,7.035785198,6.135522366,1.333529711,0,0,0,0,0
9/15/2016,9,15,0,0,0,0,0,0,0.09249831,2.629893303,6.702989578,7.880896091,7.926468849,7.920351028,6.63266468,7.439390182,7.662863731,7.943780422,7.035785198,6.135522366,1.333529711,0,0,0,0,0
9/16/2016,9,16,0,0,0,0,0,0,0.09249831,2.629893303,6.702989578,8.57908535,8.272604942,7.920351028,7.844703197,7.439390182,7.662863731,7.943780422,6.699860573,6.135522366,1.333529711,0,0,0,0,0
9/17/2016,9,17,0,0,0,0,0,0,0.09249831,2.629893303,6.702989578,8.57908535,8.272604942,7.920351028,7.844703197,7.327640533,7.175475597,7.080450535,6.699860573,5.687136173,0.612563252,0,0,0,0,0
9/18/2016,9,18,0,0,0,0,0,0,0.09249831,2.629893303,6.702989578,8.57908535,8.272604942,7.920351028,7.844703197,7.327640533,6.840216637,7.080450535,6.699860573,5.687136173,0.612563252,0,0,0,0,0
9/19/2016,9,19,0,0,0,0,0,0,0.09249831,2.629893303,6.702989578,8.57908535,8.272604942,7.920351028,7.844703197,7.327640533,7.399864674,7.594488621,7.529368401,5.687136173,0.612563252,0,0,0,0,0
9/20/2016,9,20,0,0,0,0,0,0,0.035716124,2.629893303,6.702989578,8.57908535,8.272604942,7.920351028,7.844703197,7.327640533,7.399864674,7.594488621,7.529368401,5.687136173,0.612563252,0,0,0,0,0
9/21/2016,9,21,0,0,0,0,0,0,0.032306895,2.629893303,6.692082405,8.57908535,8.272604942,7.866630077,7.844703197,7.327640533,7.399864674,7.594488621,7.529368401,5.687136173,0.572743297,0,0,0,0,0
9/22/2016,9,22,0,0,0,0,0,0,0.017395277,2.690818548,7.568164349,8.584582329,8.561970711,8.356850624,8.143483162,8.195504189,8.393054008,8.518424988,8.150332451,5.677053928,0.572743297,0,0,0,0,0
9/23/2016,9,23,0,0,0,0,0,0,0.017395277,2.690818548,7.568164349,8.584582329,8.561970711,8.356850624,8.143483162,8.195504189,8.393054008,8.518424988,8.150332451,5.677053928,0.572743297,0,0,0,0,0
9/24/2016,9,24,0,0,0,0,0,0,0.017395277,2.690818548,7.568164349,8.584582329,8.561970711,8.356850624,8.143483162,8.195504189,8.393054008,8.518424988,8.150332451,5.677053928,0.572743297,0,0,0,0,0
9/25/2016,9,25,0,0,0,0,0,0,0.017395277,2.690818548,7.568164349,8.584582329,8.561970711,8.356850624,8.143483162,8.195504189,8.393054008,8.518424988,8.150332451,5.677053928,0.572743297,0,0,0,0,0
9/26/2016,9,26,0,0,0,0,0,0,0.017395277,2.690818548,7.568164349,8.584582329,8.561970711,8.356850624,8.143483162,8.195504189,8.393054008,8.518424988,8.150332451,5.677053928,0.549023151,0,0,0,0,0
9/27/2016,9,27,0,0,0,0,0,0,0.017395277,2.690818548,7.568164349,8.584582329,8.561970711,8.356850624,8.143483162,8.195504189,8.393054008,8.518424988,8.150332451,5.677053928,0.549023151,0,0,0,0,0
9/28/2016,9,28,0,0,0,0,0,0,0.017395277,2.690818548,7.568164349,8.584582329,8.561970711,8.356850624,8.143483162,8.195504189,8.393054008,8.518424988,8.150332451,5.677053928,0.549023151,0,0,0,0,0
9/29/2016,9,29,0,0,0,0,0,0,0.017395277,2.690818548,7.568164349,8.584582329,8.561970711,8.356850624,8.143483162,8.195504189,8.393054008,8.518424988,8.150332451,5.677053928,0.545321405,0,0,0,0,0
9/30/2016,9,30,0,0,0,0,0,0,0.009843801,2.537761927,7.416740417,8.406072617,8.297551155,8.202383995,8.026522636,8.107398033,8.217558861,8.252819061,7.731944084,5.11854744,0.464265823,0,0,0,0,0
10/1/2016,10,1,0,0,0,0,0,0,0.009843801,2.537761927,7.416740417,8.406072617,8.297551155,8.202383995,8.026522636,8.107398033,8.217558861,8.252819061,7.731944084,5.032864571,0.419499576,0,0,0,0,0
10/2/2016,10,2,0,0,0,0,0,0,0.009843801,2.44016242,7.288006306,8.406072617,8.297551155,8.202383995,8.026522636,8.107398033,8.217558861,8.252819061,7.731944084,4.904548168,0.360626996,0,0,0,0,0
10/3/2016,10,3,0,0,0,0,0,0,0.009843801,2.286521435,7.288006306,8.406072617,8.297551155,8.202383995,8.026522636,8.107398033,8.217558861,8.252819061,7.731944084,4.741603851,0.279388845,0,0,0,0,0
10/4/2016,10,4,0,0,0,0,0,0,0.004937876,2.286521435,7.288006306,8.406072617,8.297551155,8.202383995,8.026522636,8.107398033,8.217558861,8.252819061,7.731944084,4.741603851,0.279388845,0,0,0,0,0
10/5/2016,10,5,0,0,0,0,0,0,0.003330317,2.286521435,7.288006306,8.406072617,8.297551155,8.202383995,8.026522636,8.107398033,8.217558861,8.252819061,7.731944084,4.741603851,0.279388845,0,0,0,0,0
10/6/2016,10,6,0,0,0,0,0,0,0.003330317,2.286521435,7.288006306,8.449258804,8.413503647,8.047581673,7.90650034,7.84617281,7.969797134,8.089260101,7.660449028,4.67674017,0.256866306,0,0,0,0,0
10/7/2016,10,7,0,0,0,0,0,0,0.003330317,2.280045271,7.157421589,8.449258804,8.413503647,8.041664124,7.797823429,7.815910339,7.969797134,8.073945999,7.505156517,4.388489246,0.224277079,0,0,0,0,0
10/8/2016,10,8,0,0,0,0,0,0,0.003330317,2.148090601,7.072266102,8.449258804,8.413503647,8.041664124,7.797823429,7.815910339,7.969797134,8.073945999,7.505156517,4.206151009,0.198911682,0,0,0,0,0
10/9/2016,10,9,0,0,0,0,0,0,0.003330317,2.053534746,7.072266102,8.449258804,8.413503647,8.041664124,7.797823429,7.815910339,7.969797134,8.073945999,7.505156517,4.201983452,0.163269624,0,0,0,0,0
10/10/2016,10,10,0,0,0,0,0,0,0.001120243,1.869050264,6.930535316,8.449258804,8.413503647,8.041664124,7.797823429,7.883810282,7.969797134,8.073945999,7.505156517,3.993253708,0.134504586,0,0,0,0,0
10/11/2016,10,11,0,0,0,0,0,0,0.001120243,1.869050264,6.930535316,8.449258804,8.413503647,8.041664124,7.797823429,7.815910339,7.969797134,8.073945999,7.505156517,3.993253708,0.134504586,0,0,0,0,0
10/12/2016,10,12,0,0,0,0,0,0,0.001120243,1.869050264,6.930535316,8.449258804,8.413503647,8.041664124,7.797823429,7.815910339,7.969797134,8.073945999,7.505156517,3.885266304,0.121434338,0,0,0,0,0
10/13/2016,10,13,0,0,0,0,0,0,0.001120243,1.869050264,6.923194885,8.100282669,8.069270134,7.840064049,7.675406456,7.709628582,7.875875473,7.992197037,7.432104111,3.78226757,0.103487141,0,0,0,0,0
10/14/2016,10,14,0,0,0,0,0,0,0.001120243,1.823102355,6.923194885,8.047626495,7.876988411,7.61785984,7.515194893,7.553266048,7.735541821,7.925959587,7.389527321,3.693772554,0.089174457,0,0,0,0,0
10/15/2016,10,15,0,0,0,0,0,0,0.001120243,1.79571557,6.419609547,7.856034279,7.789640903,7.503334045,7.516001701,7.427518845,7.735541821,7.925959587,7.389527321,3.518048525,0.071357056,0,0,0,0,0
10/16/2016,10,16,0,0,0,0,0,0,0,1.438444972,6.419609547,7.856034279,7.789640903,7.494327068,7.516001701,7.427518845,7.655286312,7.356366158,7.057446003,3.21657896,0.056729678,0,0,0,0,0
10/17/2016,10,17,0,0,0,0,0,0,0,1.438444972,6.419609547,7.856034279,7.789640903,7.494327068,7.516001701,7.427518845,7.655286312,7.66940403,7.057446003,3.007848501,0.05148048,0,0,0,0,0
10/18/2016,10,18,0,0,0,0,0,0,0,1.438444972,6.419609547,7.856034279,7.655549049,7.457487583,7.516001701,7.427518845,7.655286312,7.66940403,7.057446003,3.007848501,0.043047544,0,0,0,0,0
10/19/2016,10,19,0,0,0,0,0,0,0,1.381477356,6.282423496,7.783655643,7.807713509,7.486242771,7.516001701,7.420496464,7.621366501,7.753144741,6.725907803,2.653540134,0.035822529,0,0,0,0,0
10/20/2016,10,20,0,0,0,0,0,0,0,1.195512056,6.378041267,8.016348839,8.027564049,7.752517223,7.549685001,7.602851391,7.874526024,7.954710484,6.725907803,2.531556845,0.013410025,0,0,0,0,0
10/21/2016,10,21,0,0,0,0,0,0,0,1.195512056,6.378041267,8.034572601,8.027564049,7.752517223,7.549685001,7.602851391,7.874526024,7.954710484,6.739797592,2.531556845,0.013410025,0,0,0,0,0
10/22/2016,10,22,0,0,0,0,0,0,0,1.195512056,6.378041267,8.034572601,8.027564049,7.752517223,7.549685001,7.602851391,7.874526024,7.954710484,6.739797592,2.531556845,0.013410025,0,0,0,0,0
10/23/2016,10,23,0,0,0,0,0,0,0,1.195512056,6.378041267,8.034572601,8.027564049,7.752517223,7.549685001,7.602851391,7.874526024,7.954710484,6.739797592,2.531556845,0.013410025,0,0,0,0,0
10/24/2016,10,24,0,0,0,0,0,0,0,1.195512056,6.378041267,8.034572601,8.027564049,7.788624525,7.549685001,7.602851391,7.874526024,7.954710484,6.739797592,2.450461149,0.00908182,0,0,0,0,0
10/25/2016,10,25,0,0,0,0,0,0,0,1.195512056,6.378041267,8.034572601,8.027564049,7.752517223,7.549685001,7.602851391,7.874526024,7.954710484,6.739797592,2.23094368,0.008011868,0,0,0,0,0
10/26/2016,10,26,0,0,0,0,0,0,0,1.195512056,6.378041267,8.034572601,8.027564049,7.752517223,7.549685001,7.602851391,7.874526024,7.954710484,6.739797592,2.23094368,0.004987172,0,0,0,0,0
10/27/2016,10,27,0,0,0,0,0,0,0,1.125757337,6.214929104,8.034572601,7.979285717,7.572056293,7.35953331,7.330233574,7.513708115,7.63013792,6.739797592,2.23094368,0.003497342,0,0,0,0,0
10/28/2016,10,28,0,0,0,0,0,0,0,0.989902496,5.89336729,7.955109119,7.906367779,7.469820023,7.241300106,7.323945045,7.506716728,7.567709446,6.556968212,2.073487997,0.000358401,0,0,0,0,0
10/29/2016,10,29,0,0,0,0,0,0,0,0.989902496,5.888359547,7.824405193,7.843601704,7.423108578,7.162409306,7.247388363,7.506716728,7.567709446,6.556968212,2.073487997,8.60345E-06,0,0,0,0,0
10/30/2016,10,30,0,0,0,0,0,0,0,0.950399578,5.888359547,7.824405193,7.690655708,7.303696156,7.148432255,7.247388363,7.506716728,7.567709446,6.556968212,1.983066678,8.60345E-06,0,0,0,0,0
10/31/2016,10,31,0,0,0,0,0,0,0,0.822597146,5.556084633,7.498544693,7.434283733,7.112380028,6.923998833,7.021975517,7.261724949,7.388480663,6.328512669,1.81709826,8.60345E-06,0,0,0,0,0
11/1/2016,11,1,0,0,0,0,0,0,0,0.716827929,5.56012249,7.944167137,7.875576973,7.457499981,7.166356564,7.116700649,7.349523544,7.475459576,6.20336628,1.692647815,8.60345E-06,0,0,0,0,0
11/2/2016,11,2,0,0,0,0,0,0,0,0.716827929,5.56012249,7.944167137,7.875576973,7.457499981,7.166356564,7.116700649,7.351400852,7.475459576,6.20336628,1.692647815,8.60345E-06,0,0,0,0,0
11/3/2016,11,3,0,0,0,0,0,0,0,0.716827929,5.56012249,7.944167137,7.875576973,7.457499981,7.166356564,7.116700649,7.351400852,7.475459576,6.186679363,1.452049255,8.60345E-06,0,0,0,0,0
11/4/2016,11,4,0,0,0,0,0,0,0,0.647704184,5.56012249,7.944167137,7.875576973,7.457499981,7.166356564,7.116700649,7.351400852,7.475459576,6.186679363,1.452049255,0,0,0,0,0,0
11/5/2016,11,5,0,0,0,0,0,0,0,0.647704184,5.56012249,7.944167137,7.875576973,7.457499981,7.166356564,7.116700649,7.351400852,7.475459576,6.186679363,1.452049255,0,0,0,0,0,0
11/6/2016,11,6,0,0,0,0,0,0,0,0.647704184,5.56012249,7.944167137,7.875576973,7.457499981,7.166356564,7.116700649,7.351400852,7.475459576,6.186679363,1.452049255,0,0,0,0,0,0
11/7/2016,11,7,0,0,0,0,0,0,0,0.647704184,5.56012249,7.944167137,7.875576973,7.457499981,7.166356564,7.116700649,7.351400852,7.475459576,6.186679363,1.452049255,0,0,0,0,0,0
11/8/2016,11,8,0,0,0,0,0,0,0,0.601298451,5.389997005,7.85893631,7.758855343,7.289239407,7.024585247,7.068843365,7.351400852,7.420346737,6.069844723,1.35652411,0,0,0,0,0,0
11/9/2016,11,9,0,0,0,0,0,0,0,0.514586031,5.058952808,7.547616005,7.567286491,7.166911125,6.926163197,7.03287077,7.324321747,7.420346737,6.069844723,1.308237553,0,0,0,0,0,0
11/10/2016,11,10,0,0,0,0,0,0,0,0.424472153,4.724294186,7.17525959,7.134411812,6.737669945,6.52452898,6.532880783,6.803339481,6.895857811,5.400949478,1.091151357,0,0,0,0,0,0
11/11/2016,11,11,0,0,0,0,0,0,0,0.424472153,4.724294186,7.192950249,7.134411812,6.737669945,6.52452898,6.532880783,6.803339481,6.895857811,5.400949478,1.091151357,0,0,0,0,0,0
11/12/2016,11,12,0,0,0,0,0,0,0,0.367862821,4.660283566,7.192950249,7.053143501,6.590481281,6.52452898,6.508440971,6.803339481,6.895857811,5.400949478,1.091151357,0,0,0,0,0,0
11/13/2016,11,13,0,0,0,0,0,0,0,0.367862821,4.660283566,7.192950249,7.053143501,6.590481281,6.52452898,6.508440971,6.803339481,6.895857811,5.400949478,1.091151357,0,0,0,0,0,0
11/14/2016,11,14,0,0,0,0,0,0,0,0.282557786,4.285087109,7.361253262,7.327207565,6.820604324,6.548789978,6.647254467,6.958182335,6.999358177,5.400949478,1.091151357,0,0,0,0,0,0
11/15/2016,11,15,0,0,0,0,0,0,0,0.282557786,4.285087109,7.361253262,7.327207565,6.820604324,6.548789978,6.647254467,6.958182335,6.999358177,5.400949478,1.091151357,0,0,0,0,0,0
11/16/2016,11,16,0,0,0,0,0,0,0,0.282557786,4.285087109,7.361253262,7.327207565,6.820604324,6.548789978,6.647254467,6.958182335,6.999358177,5.400949478,0.945794165,0,0,0,0,0,0
11/17/2016,11,17,0,0,0,0,0,0,0,0.282557786,4.285087109,7.361253262,7.327207565,6.820604324,6.548789978,6.647254467,6.958182335,6.999358177,5.223371506,0.88878125,0,0,0,0,0,0
11/18/2016,11,18,0,0,0,0,0,0,0,0.212476715,4.123753071,7.361253262,7.327207565,6.820604324,6.548789978,6.647254467,6.958182335,6.999358177,5.223371506,0.810414433,0,0,0,0,0,0
11/19/2016,11,19,0,0,0,0,0,0,0,0.212476715,4.123753071,7.361253262,7.327207565,6.820604324,6.548789978,6.647254467,6.958182335,6.999358177,5.223371506,0.760232568,0,0,0,0,0,0
11/20/2016,11,20,0,0,0,0,0,0,0,0.212476715,4.123753071,7.361253262,7.327207565,6.820604324,6.548789978,6.647254467,6.958182335,6.999358177,5.223371506,0.760232568,0,0,0,0,0,0
11/21/2016,11,21,0,0,0,0,0,0,0,0.173942477,3.68945241,6.970729351,6.996548653,6.570948601,6.411215782,6.343509197,6.596910954,6.710102558,4.94860363,0.760232568,0,0,0,0,0,0
11/22/2016,11,22,0,0,0,0,0,0,0,0.173942477,3.68945241,6.840368271,6.839193344,6.426037788,6.085184097,6.203863144,6.596910954,6.710102558,4.932359219,0.760232568,0,0,0,0,0,0
11/23/2016,11,23,0,0,0,0,0,0,0,0.147789344,2.969940662,6.653288364,6.839193344,6.426037788,6.085184097,6.203863144,6.596910954,6.710102558,4.932359219,0.734509647,0,0,0,0,0,0
11/24/2016,11,24,0,0,0,0,0,0,0,0.147789344,2.969940662,6.653288364,6.839193344,6.426037788,6.085184097,6.203863144,6.596910954,6.710102558,4.932359219,0.734509647,0,0,0,0,0,0
11/25/2016,11,25,0,0,0,0,0,0,0,0.097573631,2.969940662,6.653288364,6.782056808,6.426037788,6.085184097,6.166975498,6.596910954,6.623411179,4.932359219,0.734509647,0,0,0,0,0,0
11/26/2016,11,26,0,0,0,0,0,0,0,0.06796328,2.969940662,6.653288364,6.782056808,6.426037788,6.280725956,6.166975498,6.596910954,6.623411179,4.932359219,0.734509647,0,0,0,0,0,0
11/27/2016,11,27,0,0,0,0,0,0,0,0.073508792,3.076329708,6.972407341,7.194623947,6.688237667,6.39556551,6.469425201,6.840462208,6.937479973,4.932359219,0.606506109,0,0,0,0,0,0
11/28/2016,11,28,0,0,0,0,0,0,0,0.073508792,3.076329708,6.972407341,7.194623947,6.688237667,6.39556551,6.469425201,6.840462208,6.937479973,4.932359219,0.606506109,0,0,0,0,0,0
11/29/2016,11,29,0,0,0,0,0,0,0,0.073508792,3.076329708,6.972407341,7.194623947,6.688237667,6.39556551,6.469425201,6.840462208,6.937479973,4.912408352,0.600174785,0,0,0,0,0,0
11/30/2016,11,30,0,0,0,0,0,0,0,0.073508792,3.076329708,6.972407341,7.194623947,6.688237667,6.39556551,6.469425201,6.840462208,6.937479973,4.912408352,0.600174785,0,0,0,0,0,0
12/1/2016,12,1,0,0,0,0,0,0,0,0.073508792,3.076329708,6.972407341,7.194623947,6.688237667,6.39556551,6.469425201,6.840462208,6.937479973,4.912408352,0.600174785,0,0,0,0,0,0
12/2/2016,12,2,0,0,0,0,0,0,0,0.073508792,3.076329708,6.972407341,7.194623947,6.688237667,6.39556551,6.469425201,6.840462208,6.937479973,4.912408352,0.600174785,0,0,0,0,0,0
12/3/2016,12,3,0,0,0,0,0,0,0,0.073508792,3.076329708,6.972407341,7.194623947,6.688237667,6.39556551,6.469425201,6.840462208,6.937479973,4.912408352,0.600174785,0,0,0,0,0,0
12/4/2016,12,4,0,0,0,0,0,0,0,0.072122447,2.949837208,6.829463959,7.132295609,6.640246391,6.174189568,6.269970894,6.590518951,6.718917847,4.766476154,0.588838339,0,0,0,0,0,0
12/5/2016,12,5,0,0,0,0,0,0,0,0.072122447,2.878251553,6.829463959,6.971662521,6.45678091,6.174189568,6.269970894,6.590518951,6.718917847,4.766476154,0.588838339,0,0,0,0,0,0
12/6/2016,12,6,0,0,0,0,0,0,0,0.072122447,2.578717709,6.401320934,6.798577785,6.406363487,5.994265079,6.04690218,6.419897079,6.408666134,4.333044529,0.489747822,0,0,0,0,0,0
12/7/2016,12,7,0,0,0,0,0,0,0,0.072122447,2.531600952,6.225689888,6.541740894,6.209766865,5.994265079,6.035141945,6.371809959,6.408666134,3.846502542,0.489747822,0,0,0,0,0,0
12/8/2016,12,8,0,0,0,0,0,0,0,0.044964757,2.452005148,6.225689888,6.541740894,6.209766865,5.994265079,6.035141945,6.335315228,6.408666134,3.846502542,0.384468645,0,0,0,0,0,0
12/9/2016,12,9,0,0,0,0,0,0,0,0.044964757,2.452005148,6.225689888,6.541740894,6.209766865,6.111419201,6.222074986,6.438274384,6.623622417,4.788395405,0.552593946,0,0,0,0,0,0
12/10/2016,12,10,0,0,0,0,0,0,0,0.044964757,2.452005148,6.225689888,6.521587372,5.837842941,6.111419201,6.222074986,6.438274384,6.623622417,4.788395405,0.552593946,0,0,0,0,0,0
12/11/2016,12,11,0,0,0,0,0,0,0,0.013911461,2.452005148,6.160795212,6.402292728,5.769317627,6.111419201,6.302892208,6.677284241,6.784003735,4.788395405,0.552593946,0,0,0,0,0,0
12/12/2016,12,12,0,0,0,0,0,0,0,0.006058762,2.452005148,6.160795212,6.402292728,5.704091549,6.111419201,6.302892208,6.677284241,6.784003735,4.788395405,0.552593946,0,0,0,0,0,0
12/13/2016,12,13,0,0,0,0,0,0,0,0.006058762,2.452005148,6.160795212,6.402292728,5.704091549,6.111419201,6.302892208,6.677284241,6.784003735,4.788395405,0.552593946,0,0,0,0,0,0
12/14/2016,12,14,0,0,0,0,0,0,0,0.006058762,2.452005148,6.160795212,5.645305634,6.368966579,6.111419201,6.302892208,6.677284241,6.784003735,4.788395405,0.582988381,0,0,0,0,0,0
12/15/2016,12,15,0,0,0,0,0,0,0,0.006058762,2.452005148,6.160795212,6.975285053,6.455232143,6.111419201,6.302892208,6.677284241,6.784003735,4.788395405,0.582988381,0,0,0,0,0,0
12/16/2016,12,16,0,0,0,0,0,0,0,0.006058762,1.858407497,6.262701035,6.988131523,6.532894611,6.124483109,6.302892208,6.677284241,6.784003735,4.73866272,0.632691383,0,0,0,0,0,0
12/17/2016,12,17,0,0,0,0,0,0,0,0.002839153,1.858407497,6.262701035,6.988131523,6.532894611,6.124483109,6.302892208,6.677284241,6.784003735,4.73866272,0.632691383,0,0,0,0,0,0
12/18/2016,12,18,0,0,0,0,0,0,0,0.002839153,1.858407497,6.262701035,6.988131523,6.532894611,6.124483109,6.084453106,6.437926769,6.577267647,4.73866272,0.651444674,0,0,0,0,0,0
12/19/2016,12,19,0,0,0,0,0,0,0,0.002839153,1.858407497,6.262701035,6.988131523,6.532894611,6.124483109,6.084453106,6.437926769,6.577267647,4.73866272,0.651444674,0,0,0,0,0,0
12/20/2016,12,20,0,0,0,0,0,0,0,0.003742615,1.858407497,6.262701035,6.988131523,6.532894611,6.124483109,6.084453106,6.437926769,6.577267647,4.73866272,0.652738631,0,0,0,0,0,0
12/21/2016,12,21,0,0,0,0,0,0,0,0.003742615,1.858407497,6.262701035,6.988131523,6.532894611,6.124483109,6.084453106,6.437926769,6.577267647,4.73866272,0.652738631,0,0,0,0,0,0
12/22/2016,12,22,0,0,0,0,0,0,0,0.003742615,1.858407497,6.262701035,6.988131523,6.534222126,6.143564701,6.084453106,6.437926769,6.577267647,4.73866272,0.652738631,0,0,0,0,0,0
12/23/2016,12,23,0,0,0,0,0,0,0,0.003742615,1.651859283,6.018754005,6.753950119,6.534222126,6.143564701,5.958761692,6.341303349,6.543430328,4.706276894,0.658632517,0,0,0,0,0,0
12/24/2016,12,24,0,0,0,0,0,0,0,0.003742615,1.57710743,5.995321274,6.798103333,6.534222126,6.143564701,6.06411314,6.501534939,6.679008484,5.047420979,0.8185727,0,0,0,0,0,0
12/25/2016,12,25,0,0,0,0,0,0,0,0.003742615,1.448975801,6.047925949,6.976937771,6.534222126,6.143564701,6.06411314,6.501534939,6.697854519,5.085918903,0.826752305,0,0,0,0,0,0
12/26/2016,12,26,0,0,0,0,0,0,0,0.003742615,1.448975801,6.047925949,6.976937771,6.534222126,6.143564701,6.06411314,6.501534939,6.697854519,5.085918903,0.826752305,0,0,0,0,0,0
12/27/2016,12,27,0,0,0,0,0,0,0,0.000487571,1.448975801,6.047925949,6.976937771,6.534222126,6.143564701,6.093379498,6.501534939,6.697854519,5.085918903,0.861352682,0,0,0,0,0,0
12/28/2016,12,28,0,0,0,0,0,0,0,0.000487571,1.448975801,6.047925949,6.976937771,6.534222126,6.143564701,6.093379498,6.501534939,6.697854519,5.085918903,0.861352682,0,0,0,0,0,0
12/29/2016,12,29,0,0,0,0,0,0,0,0.000487571,1.446092486,6.047925949,6.976937771,6.46540451,6.120641708,6.123689175,6.501534939,6.697854519,5.169000626,0.923873723,0,0,0,0,0,0
12/30/2016,12,30,0,0,0,0,0,0,0,0.000487571,1.446092486,6.047925949,6.976937771,6.46540451,6.120641708,6.123689175,6.501534939,6.697854519,5.169000626,0.923873723,0,0,0,0,0,0
12/31/2016,12,31,0,0,0,0,0,0,0,0.000487571,1.446092486,6.047925949,6.976937771,6.484376907,6.120641708,6.123689175,6.472082615,6.697854519,5.523548126,1.743552446,0,0,0,0,0,0
1/1/2016,1,1,0,0,0,0,0,0,0.000487571,0,1.446092486,6.047925949,6.976937771,6.484376907,6.120641708,6.123689175,6.472082615,6.697854519,5.523548126,1.743552446,0,0,0,0,0,0
1/2/2016,1,2,0,0,0,0,0,0.078692414,0.03524344,0.442227244,5.253009319,8.246623039,8.423374176,8.26527977,7.961091518,7.860065937,8.136860847,8.299066544,8.029924393,5.423746109,0.735721469,0.513182163,0.469733179,0,0,0
1/3/2016,1,3,0,0,0,0,0,0.078692414,0.03524344,0.442227244,5.253009319,8.246623039,8.423374176,8.26527977,7.961091518,7.860065937,8.136860847,8.299066544,8.029924393,5.423746109,0.735721469,0.513182163,0.469733179,0,0,0
1/4/2016,1,4,0,0,0,0,0,0.078692414,0.03524344,0.442227244,5.253009319,8.246623039,8.423374176,8.26527977,7.961091518,7.860065937,8.136860847,8.299066544,8.029924393,5.423746109,0.735721469,0.513182163,0.469733179,0,0,0
1/5/2016,1,5,0,0,0,0,0,0.078692414,0.03524344,0.442227244,5.253009319,8.246623039,8.423374176,8.26527977,7.961091518,7.860065937,8.136860847,8.299066544,8.029924393,5.423746109,0.735721469,0.513182163,0.469733179,0,0,0
1/6/2016,1,6,0,0,0,0,0,0.078692414,0.03524344,0.442227244,5.253009319,8.246623039,8.423374176,8.26527977,7.961091518,7.860065937,8.136860847,8.299066544,8.029924393,5.423746109,0.735721469,0.513182163,0.469733179,0,0,0
1/7/2016,1,7,0,0,0,0,0,0.078692414,0.03524344,0.442227244,5.253009319,8.246623039,8.423374176,8.26527977,7.961091518,7.860065937,8.136860847,8.299066544,8.029924393,5.423746109,0.735721469,0.513182163,0.469733179,0,0,0
1/8/2016,1,8,0,0,0,0,0,0.078692414,0.03524344,0.442227244,5.253009319,8.246623039,8.423374176,8.26527977,7.961091518,7.860065937,8.136860847,8.299066544,8.029924393,5.423746109,0.735721469,0.513182163,0.469733179,0,0,0
1/9/2016,1,9,0,0,0,0,0,0.078692414,0.03524344,0.442227244,5.253009319,8.246623039,8.423374176,8.26527977,7.961091518,7.860065937,8.136860847,8.299066544,8.029924393,5.423746109,0.735721469,0.513182163,0.469733179,0,0,0
1/10/2016,1,10,0,0,0,0,0,0.078692414,0.03524344,0.442227244,5.253009319,8.246623039,8.423374176,8.26527977,7.961091518,7.860065937,8.136860847,8.299066544,8.029924393,5.423746109,0.735721469,0.513182163,0.469733179,0,0,0
1/11/2016,1,11,0,0,0,0,0,0.078692414,0.03524344,0.442227244,5.253009319,8.246623039,8.423374176,8.26527977,7.961091518,7.860065937,8.136860847,8.299066544,8.029924393,5.423746109,0.735721469,0.513182163,0.469733179,0,0,0
1/12/2016,1,12,0,0,0,0,0,0.078692414,0.03524344,0.442227244,5.253009319,8.246623039,8.423374176,8.26527977,7.961091518,7.860065937,8.136860847,8.299066544,8.029924393,5.423746109,0.735721469,0.513182163,0.469733179,0,0,0
1/13/2016,1,13,0,0,0,0,0,0.078692414,0.03524344,0.442227244,5.253009319,8.246623039,8.423374176,8.26527977,7.961091518,7.860065937,8.136860847,8.299066544,8.029924393,5.423746109,0.735721469,0.513182163,0.469733179,0,0,0
1/14/2016,1,14,0,0,0,0,0,0.078692414,0.03524344,0.442227244,5.253009319,8.246623039,8.423374176,8.26527977,7.961091518,7.860065937,8.136860847,8.299066544,8.029924393,5.423746109,0.735721469,0.513182163,0.469733179,0,0,0
1/15/2016,1,15,0,0,0,0,0,0.078692414,0.03524344,0.442227244,5.253009319,8.246623039,8.423374176,8.26527977,7.961091518,7.860065937,8.136860847,8.299066544,8.029924393,5.423746109,0.735721469,0.513182163,0.469733179,0,0,0
1/16/2016,1,16,0,0,0,0,0,0.078692414,0.03524344,0.442227244,5.253009319,8.246623039,8.423374176,8.26527977,7.961091518,7.860065937,8.136860847,8.299066544,8.029924393,5.423746109,0.735721469,0.513182163,0.469733179,0,0,0
