,0,1,2,3,4,5,6,0,1,2,3,4,5,6,0,1,2,3,4,5,6,0,1,2,3,4,5,6,0,1,2,3,4,5,6,0,1,2,3,4,5,6,0,1,2,3,4,5,6,0,1,2,3,4,5,6
0,2016-08-11,2016-08-12,2016-08-13,2016-08-14,2016-08-15,2016-08-16,2016-08-17,2016-08-11,2016-08-12,2016-08-13,2016-08-14,2016-08-15,2016-08-16,2016-08-17,2016-08-11,2016-08-12,2016-08-13,2016-08-14,2016-08-15,2016-08-16,2016-08-17,2016-08-11,2016-08-12,2016-08-13,2016-08-14,2016-08-15,2016-08-16,2016-08-17,2016-08-11,2016-08-12,2016-08-13,2016-08-14,2016-08-15,2016-08-16,2016-08-17,2016-08-11,2016-08-12,2016-08-13,2016-08-14,2016-08-15,2016-08-16,2016-08-17,2016-08-11,2016-08-12,2016-08-13,2016-08-14,2016-08-15,2016-08-16,2016-08-17,7.0,7.0,7.0,7.0,7.0,7.0,7.0
1,0.0,0.76,0.79,0.85,0.73,0.48,0.46,0.0,0.76,0.79,0.85,0.73,0.48,0.46,0.0,0.76,0.79,0.85,0.73,0.48,0.46,0.0,0.76,0.79,0.85,0.73,0.48,0.46,0.0,0.76,0.79,0.85,0.73,0.48,0.46,0.0,0.4,0.335,0.395,0.245,0.35,0.455,0.0,0.64,0.605,0.5,0.23,0.265,0.355,0.0,4.84,4.890000000000001,5.145,4.125,3.015,3.1100000000000003
2,0.0,0.73,0.79,0.86,0.73,0.48,0.46,0.0,0.73,0.79,0.86,0.73,0.48,0.46,0.0,0.73,0.79,0.86,0.73,0.48,0.46,0.0,0.73,0.79,0.86,0.73,0.48,0.46,0.0,0.73,0.79,0.86,0.73,0.48,0.46,0.0,0.38,0.36,0.28,0.17,0.28,0.37,0.0,0.63,0.65,0.4,0.16,0.25,0.33,0.0,4.66,4.960000000000001,4.98,3.98,2.9299999999999997,3.0000000000000004
3,0.0,0.73,0.79,0.86,0.63,0.465,0.415,0.0,0.73,0.79,0.86,0.63,0.465,0.415,0.0,0.73,0.79,0.86,0.63,0.465,0.415,0.0,0.73,0.79,0.86,0.63,0.465,0.415,0.0,0.73,0.79,0.86,0.63,0.465,0.415,0.0,0.37,0.25,0.25,0.155,0.245,0.325,0.0,0.63,0.655,0.38,0.16,0.235,0.295,0.0,4.6499999999999995,4.855,4.93,3.465,2.805,2.695
4,0.0,0.73,0.79,0.86,0.63,0.465,0.415,0.0,0.73,0.79,0.86,0.63,0.465,0.415,0.0,0.73,0.79,0.86,0.63,0.465,0.415,0.0,0.73,0.79,0.86,0.63,0.465,0.415,0.0,0.73,0.79,0.86,0.63,0.465,0.415,0.0,0.37,0.25,0.25,0.155,0.245,0.325,0.0,0.63,0.655,0.38,0.16,0.235,0.295,0.0,4.6499999999999995,4.855,4.93,3.465,2.805,2.695
5,0.0,0.73,0.79,0.86,0.63,0.465,0.415,0.0,0.73,0.79,0.86,0.63,0.465,0.415,0.0,0.73,0.79,0.86,0.63,0.465,0.415,0.0,0.73,0.79,0.86,0.63,0.465,0.415,0.0,0.73,0.79,0.86,0.63,0.465,0.415,0.0,0.37,0.14,0.25,0.155,0.245,0.325,0.0,0.62,0.66,0.38,0.16,0.235,0.295,0.0,4.64,4.75,4.93,3.465,2.805,2.695
6,0.0,0.73,0.825,0.86,0.63,0.465,0.415,0.0,0.73,0.825,0.86,0.63,0.465,0.415,0.0,0.73,0.825,0.86,0.63,0.465,0.415,0.0,0.73,0.825,0.86,0.63,0.465,0.415,0.0,0.73,0.825,0.86,0.63,0.465,0.415,0.0,0.38,0.27,0.25,0.155,0.245,0.325,0.0,0.63,0.62,0.38,0.16,0.235,0.295,0.0,4.66,5.015,4.93,3.465,2.805,2.695
7,0.86,0.73,0.825,0.86,0.63,0.465,0.415,0.86,0.73,0.825,0.86,0.63,0.465,0.415,0.86,0.73,0.825,0.86,0.63,0.465,0.415,0.86,0.73,0.825,0.86,0.63,0.465,0.415,0.86,0.73,0.825,0.86,0.63,0.465,0.415,0.48,0.38,0.27,0.25,0.155,0.245,0.325,0.51,0.63,0.62,0.38,0.16,0.235,0.295,5.289999999999999,4.66,5.015,4.93,3.465,2.805,2.695
8,0.8,0.68,0.86,0.86,0.53,0.45,0.37,0.8,0.68,0.86,0.86,0.53,0.45,0.37,0.8,0.68,0.86,0.86,0.53,0.45,0.37,0.8,0.68,0.86,0.86,0.53,0.45,0.37,0.8,0.68,0.86,0.86,0.53,0.45,0.37,0.45,0.38,0.4,0.22,0.14,0.21,0.28,0.5,0.63,0.58,0.36,0.16,0.22,0.26,4.95,4.41,5.28,4.88,2.9500000000000006,2.68,2.3899999999999997
9,0.8,0.68,0.86,0.86,0.53,0.45,0.37,0.8,0.68,0.86,0.86,0.53,0.45,0.37,0.8,0.68,0.86,0.86,0.53,0.45,0.37,0.8,0.68,0.86,0.86,0.53,0.45,0.37,0.8,0.68,0.86,0.86,0.53,0.45,0.37,0.48,0.36,0.28,0.25,0.175,0.26,0.33,0.51,0.63,0.61,0.35,0.19,0.26,0.3,4.99,4.390000000000001,5.19,4.8999999999999995,3.015,2.7699999999999996,2.48
10,0.8,0.68,0.86,0.86,0.53,0.45,0.37,0.8,0.68,0.86,0.86,0.53,0.45,0.37,0.8,0.68,0.86,0.86,0.53,0.45,0.37,0.8,0.68,0.86,0.86,0.53,0.45,0.37,0.8,0.68,0.86,0.86,0.53,0.45,0.37,0.5,0.33,0.28,0.25,0.175,0.26,0.33,0.52,0.63,0.61,0.35,0.19,0.26,0.3,5.02,4.36,5.19,4.8999999999999995,3.015,2.7699999999999996,2.48
11,0.8,0.68,0.86,0.86,0.53,0.45,0.37,0.8,0.68,0.86,0.86,0.53,0.45,0.37,0.8,0.68,0.86,0.86,0.53,0.45,0.37,0.8,0.68,0.86,0.86,0.53,0.45,0.37,0.8,0.68,0.86,0.86,0.53,0.45,0.37,0.53,0.31,0.16,0.25,0.175,0.26,0.33,0.53,0.64,0.64,0.35,0.19,0.26,0.3,5.0600000000000005,4.3500000000000005,5.1,4.8999999999999995,3.015,2.7699999999999996,2.48
12,0.8,0.68,0.86,0.86,0.53,0.45,0.37,0.8,0.68,0.86,0.86,0.53,0.45,0.37,0.8,0.68,0.86,0.86,0.53,0.45,0.37,0.8,0.68,0.86,0.86,0.53,0.45,0.37,0.8,0.68,0.86,0.86,0.53,0.45,0.37,0.51,0.35,0.29,0.25,0.175,0.26,0.33,0.53,0.64,0.61,0.35,0.19,0.26,0.3,5.04,4.390000000000001,5.2,4.8999999999999995,3.015,2.7699999999999996,2.48
13,0.8,0.68,0.86,0.86,0.53,0.45,0.37,0.8,0.68,0.86,0.86,0.53,0.45,0.37,0.8,0.68,0.86,0.86,0.53,0.45,0.37,0.8,0.68,0.86,0.86,0.53,0.45,0.37,0.8,0.68,0.86,0.86,0.53,0.45,0.37,0.48,0.4,0.29,0.25,0.175,0.26,0.33,0.54,0.65,0.61,0.35,0.19,0.26,0.3,5.0200000000000005,4.45,5.2,4.8999999999999995,3.015,2.7699999999999996,2.48
14,0.82,0.68,0.86,0.86,0.53,0.45,0.37,0.82,0.68,0.86,0.86,0.53,0.45,0.37,0.82,0.68,0.86,0.86,0.53,0.45,0.37,0.82,0.68,0.86,0.86,0.53,0.45,0.37,0.82,0.68,0.86,0.86,0.53,0.45,0.37,0.46,0.44,0.42,0.28,0.21,0.31,0.38,0.54,0.65,0.58,0.34,0.22,0.3,0.34,5.1,4.49,5.3,4.92,3.0800000000000005,2.86,2.57
15,0.82,0.68,0.86,0.795,0.505,0.455,0.4,0.82,0.68,0.86,0.795,0.505,0.455,0.4,0.82,0.68,0.86,0.795,0.505,0.455,0.4,0.82,0.68,0.86,0.795,0.505,0.455,0.4,0.82,0.68,0.86,0.795,0.505,0.455,0.4,0.43,0.45,0.405,0.3,0.315,0.425,0.505,0.54,0.64,0.625,0.32,0.25,0.34,0.395,5.069999999999999,4.49,5.33,4.595000000000001,3.09,3.0399999999999996,2.9
16,0.82,0.68,0.86,0.795,0.505,0.455,0.4,0.82,0.68,0.86,0.795,0.505,0.455,0.4,0.82,0.68,0.86,0.795,0.505,0.455,0.4,0.82,0.68,0.86,0.795,0.505,0.455,0.4,0.82,0.68,0.86,0.795,0.505,0.455,0.4,0.45,0.46,0.405,0.3,0.315,0.425,0.505,0.57,0.63,0.625,0.32,0.25,0.34,0.395,5.12,4.49,5.33,4.595000000000001,3.09,3.0399999999999996,2.9
17,0.82,0.68,0.86,0.795,0.505,0.455,0.4,0.82,0.68,0.86,0.795,0.505,0.455,0.4,0.82,0.68,0.86,0.795,0.505,0.455,0.4,0.82,0.68,0.86,0.795,0.505,0.455,0.4,0.82,0.68,0.86,0.795,0.505,0.455,0.4,0.46,0.46,0.39,0.3,0.315,0.425,0.505,0.59,0.62,0.67,0.32,0.25,0.34,0.395,5.1499999999999995,4.48,5.359999999999999,4.595000000000001,3.09,3.0399999999999996,2.9
18,0.82,0.68,0.85,0.795,0.505,0.455,0.4,0.82,0.68,0.85,0.795,0.505,0.455,0.4,0.82,0.68,0.85,0.795,0.505,0.455,0.4,0.82,0.68,0.85,0.795,0.505,0.455,0.4,0.82,0.68,0.85,0.795,0.505,0.455,0.4,0.48,0.49,0.45,0.3,0.315,0.425,0.505,0.61,0.68,0.635,0.32,0.25,0.34,0.395,5.19,4.57,5.335,4.595000000000001,3.09,3.0399999999999996,2.9
19,0.82,0.735,0.85,0.795,0.505,0.455,0.4,0.82,0.735,0.85,0.795,0.505,0.455,0.4,0.82,0.735,0.85,0.795,0.505,0.455,0.4,0.82,0.735,0.85,0.795,0.505,0.455,0.4,0.82,0.735,0.85,0.795,0.505,0.455,0.4,0.49,0.51,0.45,0.3,0.315,0.425,0.505,0.64,0.74,0.635,0.32,0.25,0.34,0.395,5.2299999999999995,4.925,5.335,4.595000000000001,3.09,3.0399999999999996,2.9
20,0.76,0.79,0.84,0.73,0.48,0.46,0.43,0.76,0.79,0.84,0.73,0.48,0.46,0.43,0.76,0.79,0.84,0.73,0.48,0.46,0.43,0.76,0.79,0.84,0.73,0.48,0.46,0.43,0.76,0.79,0.84,0.73,0.48,0.46,0.43,0.51,0.53,0.51,0.32,0.42,0.54,0.63,0.66,0.8,0.6,0.3,0.28,0.38,0.45,4.97,5.28,5.31,4.27,3.0999999999999996,3.22,3.23
21,0.76,0.79,0.85,0.73,0.48,0.46,0.0,0.76,0.79,0.85,0.73,0.48,0.46,0.0,0.76,0.79,0.85,0.73,0.48,0.46,0.0,0.76,0.79,0.85,0.73,0.48,0.46,0.0,0.76,0.79,0.85,0.73,0.48,0.46,0.0,0.49,0.42,0.395,0.245,0.35,0.455,0.0,0.68,0.68,0.5,0.23,0.265,0.355,0.0,4.97,5.05,5.145,4.125,3.015,3.1100000000000003,0.0
22,0.76,0.79,0.85,0.73,0.48,0.46,0.0,0.76,0.79,0.85,0.73,0.48,0.46,0.0,0.76,0.79,0.85,0.73,0.48,0.46,0.0,0.76,0.79,0.85,0.73,0.48,0.46,0.0,0.76,0.79,0.85,0.73,0.48,0.46,0.0,0.47,0.42,0.395,0.245,0.35,0.455,0.0,0.67,0.68,0.5,0.23,0.265,0.355,0.0,4.9399999999999995,5.05,5.145,4.125,3.015,3.1100000000000003,0.0
23,0.76,0.79,0.85,0.73,0.48,0.46,0.0,0.76,0.79,0.85,0.73,0.48,0.46,0.0,0.76,0.79,0.85,0.73,0.48,0.46,0.0,0.76,0.79,0.85,0.73,0.48,0.46,0.0,0.76,0.79,0.85,0.73,0.48,0.46,0.0,0.45,0.31,0.395,0.245,0.35,0.455,0.0,0.66,0.56,0.5,0.23,0.265,0.355,0.0,4.91,4.82,5.145,4.125,3.015,3.1100000000000003,0.0
24,0.76,0.79,0.85,0.73,0.48,0.46,0.0,0.76,0.79,0.85,0.73,0.48,0.46,0.0,0.76,0.79,0.85,0.73,0.48,0.46,0.0,0.76,0.79,0.85,0.73,0.48,0.46,0.0,0.76,0.79,0.85,0.73,0.48,0.46,0.0,0.42,0.335,0.395,0.245,0.35,0.455,0.0,0.65,0.605,0.5,0.23,0.265,0.355,0.0,4.87,4.890000000000001,5.145,4.125,3.015,3.1100000000000003,0.0
25,0.0,0.0,0.0,0.0,0.0,0.0,0.0,0.0,0.0,0.0,0.0,0.0,0.0,0.0,0.0,0.0,0.0,0.0,0.0,0.0,0.0,0.0,0.0,0.0,0.0,0.0,0.0,0.0,0.0,0.0,0.0,0.0,0.0,0.0,0.0,0.0,0.0,0.0,0.0,0.0,0.0,0.0,0.0,0.0,0.0,0.0,0.0,0.0,0.0,0.0,0.0,0.0,0.0,0.0,0.0,0.0
26,0.0,0.0,0.0,0.0,0.0,0.0,0.0,0.0,0.0,0.0,0.0,0.0,0.0,0.0,0.0,0.0,0.0,0.0,0.0,0.0,0.0,0.0,0.0,0.0,0.0,0.0,0.0,0.0,0.0,0.0,0.0,0.0,0.0,0.0,0.0,0.0,0.0,0.0,0.0,0.0,0.0,0.0,0.0,0.0,0.0,0.0,0.0,0.0,0.0,0.0,0.0,0.0,0.0,0.0,0.0,0.0
27,0.0,0.0,0.0,0.0,0.0,0.0,0.0,0.0,0.0,0.0,0.0,0.0,0.0,0.0,0.0,0.0,0.0,0.0,0.0,0.0,0.0,0.0,0.0,0.0,0.0,0.0,0.0,0.0,0.0,0.0,0.0,0.0,0.0,0.0,0.0,0.0,0.0,0.0,0.0,0.0,0.0,0.0,0.0,0.0,0.0,0.0,0.0,0.0,0.0,0.0,0.0,0.0,0.0,0.0,0.0,0.0
28,0.0,0.0,0.0,0.0,0.0,0.0,0.0,0.0,0.0,0.0,0.0,0.0,0.0,0.0,0.0,0.0,0.0,0.0,0.0,0.0,0.0,0.0,0.0,0.0,0.0,0.0,0.0,0.0,0.0,0.0,0.0,0.0,0.0,0.0,0.0,0.0,0.0,0.0,0.0,0.0,0.0,0.0,0.0,0.0,0.0,0.0,0.0,0.0,0.0,0.0,0.0,0.0,0.0,0.0,0.0,0.0
29,0.0,0.0,0.0,0.0,0.0,0.0,0.0,0.0,0.0,0.0,0.0,0.0,0.0,0.0,0.0,0.0,0.0,0.0,0.0,0.0,0.0,0.0,0.0,0.0,0.0,0.0,0.0,0.0,0.0,0.0,0.0,0.0,0.0,0.0,0.0,0.0,0.0,0.0,0.0,0.0,0.0,0.0,0.0,0.0,0.0,0.0,0.0,0.0,0.0,0.0,0.0,0.0,0.0,0.0,0.0,0.0
30,0.0,0.0,0.0,0.0,0.0,0.0,0.0,0.0,0.0,0.0,0.0,0.0,0.0,0.0,0.0,0.0,0.0,0.0,0.0,0.0,0.0,0.0,0.0,0.0,0.0,0.0,0.0,0.0,0.0,0.0,0.0,0.0,0.0,0.0,0.0,0.0,0.0,0.0,0.0,0.0,0.0,0.0,0.0,0.0,0.0,0.0,0.0,0.0,0.0,0.0,0.0,0.0,0.0,0.0,0.0,0.0
31,0.5049472311326441,0.563241959260631,0.5220385402835688,0.32804358787425203,0.388771327951253,0.33373341635174775,0.2688376831093117,0.39896483585257203,0.445024196523753,0.4124688832648313,0.33084658268459605,0.392093215819019,0.3867738459704948,0.33848205495141975,0.5049472311326441,0.563241959260631,0.5220385402835688,0.32804358787425203,0.388771327951253,0.33373341635174775,0.2688376831093117,0.39896483585257203,0.445024196523753,0.4124688832648313,0.33084658268459605,0.392093215819019,0.3867738459704948,0.33848205495141975,0.36622665826282,0.408506489026055,0.37862259322346875,0.36622665826282,0.434022884539855,0.317300644469083,0.24935412302112897,3.7487827051095035,3.8324397569681437,3.867222894577804,3.206844837175,3.1839296018734697,2.966349462897254,2.5595163185419563,0.6295528472416391,0.5984235414105911,0.6014796749277159,0.422035169642828,0.42309244461107204,0.3427072544622577,0.27277525769731575,6.552386344584395,6.855902098973559,6.716340009825789,5.312887006198344,5.602774018564941,5.0673718864730795,4.296285175381864
32,4.1375375392512,4.511782476072192,3.862609343881124,3.862609343881124,4.782522348280271,4.06384236198675,4.12728415814403,4.0636025600576,4.431159994625216,3.833397978005088,3.833397978005088,4.746354049162152,4.431558441079175,4.500740757280183,4.1375375392512,4.511782476072192,3.862609343881124,3.862609343881124,4.782522348280271,4.06384236198675,4.12728415814403,4.0636025600576,4.431159994625216,3.833397978005088,3.833397978005088,4.746354049162152,4.431558441079175,4.500740757280183,3.1417213481919997,3.4258935874307195,2.8984766084710842,2.8984766084710842,3.588773267464861,3.677037275783725,3.5578169746243278,36.423339437548,36.93759532095808,36.700795211008,37.119116048753924,36.80981732536448,33.8052794690961,33.854467717526404,4.897285092570001,4.640035445965452,4.688123235051315,4.983314081580224,4.981779526526464,4.15430816797908,4.1588260892701205,60.86462607692761,62.88940929574907,59.67940969830283,60.39292138257766,64.43812291424065,58.62742651899076,58.82716061226928
33,6.504370926054399,7.092698612072703,6.154913817043217,6.154913817043217,7.620758472087964,7.197584406080424,7.080078436914054,6.6973568967423995,7.303140381462783,6.337531326251536,6.337531326251536,7.846867881873243,8.0398575082399,7.795487959179492,6.504370926054399,7.092698612072703,6.154913817043217,6.154913817043217,7.620758472087964,7.197584406080424,7.080078436914054,6.6973568967423995,7.303140381462783,6.337531326251536,6.337531326251536,7.846867881873243,8.0398575082399,7.795487959179492,7.6608,8.353727999999998,7.249212000000001,7.249212000000001,8.975673,8.107520613907399,7.792949871083923,59.54917750369279,61.049374613427204,61.419724025228795,61.42871251825,61.14121292529249,61.433588628843204,58.47286424332323,7.673759314126397,7.294317299671324,7.367797129117917,7.950317341095099,7.964744329239356,7.365812731253932,7.1273095694394,101.28719246341278,105.4890979001695,101.02162344093622,101.61313214593461,109.01688296245426,107.38180580264518,103.14425647603365
34,7.2056687072384,7.857429568502144,6.818533320349977,6.818533320349977,8.442424559119754,8.65006159160465,7.987118373272493,7.325620355155199,7.988230978256831,6.9320403856040285,6.9320403856040285,8.582964289632537,8.794057823550824,8.653856862001845,7.2056687072384,7.857429568502144,6.818533320349977,6.818533320349977,8.442424559119754,8.65006159160465,7.987118373272493,7.325620355155199,7.988230978256831,6.9320403856040285,6.9320403856040285,8.582964289632537,8.794057823550824,8.653856862001845,7.6608,8.353727999999998,7.249212000000001,7.249212000000001,8.975673,8.671935929151426,8.807315981451792,64.7413087867,66.99276410775173,67.18136533980031,67.191197022425,66.87672776200324,67.19653054960048,64.91136925210083,8.472349416826624,8.080786674752714,8.162189059960427,8.80751628844985,8.823498786710267,8.852238501537657,8.040400360152299,109.93703632831384,115.11859987602239,110.09391381166874,110.74907272278287,118.72667724621809,119.60894381060051,115.0410360642536
35,7.269562121740799,7.927102214406527,6.878993965077912,6.878993965077912,8.517284416501097,8.72676258816705,8.216837935732334,7.355140283545599,8.020421017463294,6.959974311450784,6.959974311450784,8.617550915600535,8.829495089560599,8.753644481707825,7.269562121740799,7.927102214406527,6.878993965077912,6.878993965077912,8.517284416501097,8.72676258816705,8.216837935732334,7.355140283545599,8.020421017463294,6.959974311450784,6.959974311450784,8.617550915600535,8.829495089560599,8.753644481707825,7.5456596987968,8.228173128695488,7.140257784622253,7.140257784622253,8.840770418974333,9.058204560294925,8.92722719826917,64.34391544231372,67.3644045697726,67.02471567588864,67.46195625211875,67.14621978023943,67.46731127171844,65.65986222545126,8.517284416501097,8.10966114287731,8.10966114287731,8.885613452199449,8.901737668935642,8.930732221806071,8.2716523795185,109.65626436818441,115.59728530508505,109.9525711564456,111.16576404199785,119.15839853235266,120.56876340927474,116.79970663811925
36,7.075444141024,7.7154260434038395,6.695305264781861,6.695305264781861,8.289848702432815,8.493733211233375,8.318144251791217,7.192150342092799,7.8426884519828475,6.805741249700192,6.805741249700192,8.426585948916967,8.633833439037799,8.674807847582032,7.075444141024,7.7154260434038395,6.695305264781861,6.695305264781861,8.289848702432815,8.493733211233375,8.318144251791217,7.192150342092799,7.8426884519828475,6.805741249700192,6.805741249700192,8.426585948916967,8.633833439037799,8.674807847582032,7.312792804351999,7.974243161016319,6.91990201425728,6.91990201425728,8.567935062737119,8.778658960651999,8.813341283580483,63.3556363994262,65.63893837473275,65.93722119246179,65.96699900336876,65.65825925310193,65.97223535571045,65.06851966354849,8.289848702432815,7.89311012935136,8.014677763940735,8.648342305480375,8.664035959778136,8.69225627563666,8.3736345089998,107.49346687244461,112.6225206558738,107.87389399962392,108.53733635207051,116.32309957831676,117.69828389254147,116.24139965487527
37,7.083026861299199,7.723694629279871,6.702480592007689,6.702480592007689,8.298732894376302,8.3590521117411,8.217497571700182,7.1252907288192,7.7236193881799675,6.7024152991606725,6.7024152991606725,8.298652051486888,8.501487213757825,8.494746546578382,7.083026861299199,7.723694629279871,6.702480592007689,6.702480592007689,8.298732894376302,8.3590521117411,8.217497571700182,7.1252907288192,7.7236193881799675,6.7024152991606725,6.7024152991606725,8.298652051486888,8.501487213757825,8.494746546578382,7.189426050105601,7.839717744712896,6.803163324396685,6.803163324396685,8.570898679369874,8.664894277620174,8.592874438112718,63.354127441250554,64.168649516696,64.93615080201721,64.96547652100625,64.6614241114668,64.96096077381809,63.71790504634191,8.268202319242247,7.85877307739955,8.023267056481039,8.657610693335549,8.673321166448957,8.554427290059024,8.2723164159113,107.22839099083521,110.76176837372812,106.57237296523166,107.23604232107522,115.10041384901201,115.90136099249514,114.00758413692306
38,6.90295124110058,7.65968367704608,6.646933061244821,6.646933061244821,8.229956250503156,8.40407152023005,8.002241503138233,7.008305696201456,7.776587559437055,6.748380107051824,6.748380107051824,8.355563766186195,8.5610645027341,8.605605955879778,6.90295124110058,7.65968367704608,6.646933061244821,6.646933061244821,8.229956250503156,8.40407152023005,8.002241503138233,7.008305696201456,7.776587559437055,6.748380107051824,6.748380107051824,8.355563766186195,8.5610645027341,8.605605955879778,7.095197234553544,7.873004537442943,6.832048992843176,6.832048992843176,8.459159103050053,8.66720771292215,8.802513951697414,63.75969313218456,64.07623079328575,64.35923798277624,65.40143510410944,65.30641124892905,65.31642034493227,64.16030556198507,8.19967870080322,7.793642647958876,8.06751047076938,8.59512710135402,8.620081941989781,8.5922085652478,8.031319477219691,106.87708294214539,110.61542045165383,106.04942378298207,107.61923753489992,115.55669232734759,116.50610866903051,114.2098339089382
39,6.86871140265432,7.621690314136319,6.61396311748728,7.018988995934144,8.259638764045544,8.380016853929146,8.1313113766496,7.016548752700928,7.785734256713727,6.756317443251713,7.170060816008608,8.437413463787166,8.560382487656607,8.580691109084798,6.86871140265432,7.621690314136319,6.61396311748728,7.018988995934144,8.259638764045544,8.380016853929146,8.1313113766496,7.016548752700928,7.785734256713727,6.756317443251713,7.170060816008608,8.437413463787166,8.560382487656607,8.580691109084798,7.033370716401381,7.80440031942688,6.772515510248021,7.1872508202440235,8.457641907715374,8.580905746105275,8.683962639092,64.29746250245664,63.997337489611745,64.62541108311376,65.430008539033,65.37171526780901,64.36724845729019,62.39894433995525,8.15900686868088,7.79721569267328,7.858498897265625,8.56763546792832,8.585971366612501,8.552493776404079,8.138501461965948,107.26036039824939,110.413802643412,105.99698661210539,109.56299445109084,115.8094329978023,115.38144666297104,112.64541341248199
40,6.7807309482938525,7.505791126258176,6.513387927158305,6.912254782022886,8.32483081490813,8.446159030430712,8.547597611986399,6.935704091216024,7.651503610056511,6.639834549085748,7.046444742280625,8.546671231971622,8.671232606525484,8.7753743273688,6.7807309482938525,7.505791126258176,6.513387927158305,6.912254782022886,8.32483081490813,8.446159030430712,8.547597611986399,6.935704091216024,7.651503610056511,6.639834549085748,7.046444742280625,8.546671231971622,8.671232606525484,8.7753743273688,6.982415811240332,7.747859509316031,6.723450431860829,7.135181094549033,8.396368535576922,8.518739360154783,8.621049633288798,63.25996028549575,62.73413865148892,63.51123090563589,64.301956627183,66.21822678407928,65.20075293038694,63.814684296176296,7.958757426802678,7.719152476998457,7.738998681093751,8.437351770763776,8.653739110218124,8.619997286569722,8.55515579703592,105.63400360255851,108.51574011043279,104.28012497107856,107.79188854110282,117.01133852363384,116.57427285102385,115.63683360521142
41,6.584708051257248,7.3064682644398715,6.340419202085189,6.72869379803146,7.968973004579253,8.085114857271535,8.1822172892624,6.782029670716195,7.5255061424632945,6.530496256763284,6.930410791529299,8.270803883038026,8.391344696224186,8.4921249562528,6.584708051257248,7.3064682644398715,6.340419202085189,6.72869379803146,7.968973004579253,8.085114857271535,8.1822172892624,6.782029670716195,7.5255061424632945,6.530496256763284,6.930410791529299,8.270803883038026,8.391344696224186,8.4921249562528,6.839557162871668,7.589340055995967,6.585890156587173,6.989196903032966,8.294151920971853,8.415033014440153,8.1326972073128,61.701094302489324,61.701094302489324,62.63124664716368,63.243094987393,64.08085117275722,63.09621908946038,61.75488963716773,7.661422415481913,7.552538256366532,7.350116956225966,8.21329049956307,8.283821604458751,8.251522127417383,8.189452387964392,102.93554932478979,106.50692142865815,102.30908467767375,105.76379156911057,113.13837847342238,112.71569333830936,111.42572372347533
42,6.101853012732413,6.7707654724661115,5.933589068253925,6.235352839926538,7.3374900650210275,7.284295140500753,7.371779707630399,6.207591579104244,6.888095574126144,6.036411800988975,6.3434048150791025,7.5174644051066695,7.62702585588027,7.718626627488,6.101853012732413,6.7707654724661115,5.933589068253925,6.235352839926538,7.3374900650210275,7.284295140500753,7.371779707630399,6.207591579104244,6.888095574126144,6.036411800988975,6.3434048150791025,7.5174644051066695,7.62702585588027,7.718626627488,6.135644919750576,6.808261799698175,5.9664491338209,6.269884065597261,7.425732295692985,7.488204076309988,6.797800232848799,56.16493789963391,55.998764526298224,56.618908705815755,57.886403175657,58.24409870385269,57.349151037007374,56.12999549234865,7.033377440436373,6.7707654724661115,6.945085737224794,7.611100427333311,7.627389211658126,7.434219995084263,7.378298179568812,93.95284944349417,96.89551389164703,93.47044531534723,96.92490297859887,103.0071291514592,102.09421710116366,100.48690657500306
43,3.815306913793668,3.9986097326712087,3.632940742213375,3.8177007395813787,4.4925029853213285,3.7663781480119325,3.8116124439279995,3.7302043097801603,3.8833371018102985,3.5282096818913247,3.707643385272584,4.362992312139794,3.884882758657997,3.9315402979167997,3.815306913793668,3.9986097326712087,3.632940742213375,3.8177007395813787,4.4925029853213285,3.7663781480119325,3.8116124439279995,3.7302043097801603,3.8833371018102985,3.5282096818913247,3.707643385272584,4.362992312139794,3.884882758657997,3.9315402979167997,3.765275394585088,4.029982637987552,3.6614446256992,3.847654241382368,4.527750954044127,4.593739555590368,3.7885376604103995,33.65022168777321,32.52332859397245,33.093067286711246,33.833902472954996,33.80375898226226,29.21121971726481,28.590233707174328,4.331055593499071,3.9843568855819402,4.252246767124658,4.66002557937056,4.669998664384376,3.8438974803914796,3.814982849683632,56.837575123005024,56.301561786504955,55.329059527744505,57.392270543415854,60.712499195613,52.95137856658651,51.680059700957955
44,0.0,0.0,0.0,0.0,0.0,0.0,0.0,0.0,0.0,0.0,0.0,0.0,0.0,0.0,4.009225790180832,3.8335993913404147,3.66788003646464,4.0127129611541354,4.52711066221376,3.76152413632828,3.7887936990201703,0.0,0.0,0.0,0.0,0.0,0.0,0.0,0.0,0.0,0.0,0.0,0.0,0.0,0.0,0.0,0.0,0.0,0.0,0.0,0.0,0.0,0.0,0.0,0.0,0.0,0.0,0.0,0.0,4.009225790180832,3.8335993913404147,3.66788003646464,4.0127129611541354,4.52711066221376,3.76152413632828,3.7887936990201703
45,0.0,0.0,0.0,0.0,0.0,0.0,0.0,0.0,0.0,0.0,0.0,0.0,0.0,0.0,0.0,0.0,0.0,0.0,0.0,0.0,0.0,0.0,0.0,0.0,0.0,0.0,0.0,0.0,0.0,0.0,0.0,0.0,0.0,0.0,0.0,0.0,0.0,0.0,0.0,0.0,0.0,0.0,0.0,0.0,0.0,0.0,0.0,0.0,0.0,0.0,0.0,0.0,0.0,0.0,0.0,0.0
46,0.0,0.0,0.0,0.0,0.0,0.0,0.0,0.0,0.0,0.0,0.0,0.0,0.0,0.0,0.0,0.0,0.0,0.0,0.0,0.0,0.0,0.0,0.0,0.0,0.0,0.0,0.0,0.0,0.0,0.0,0.0,0.0,0.0,0.0,0.0,0.0,0.0,0.0,0.0,0.0,0.0,0.0,0.0,0.0,0.0,0.0,0.0,0.0,0.0,0.0,0.0,0.0,0.0,0.0,0.0,0.0
47,0.0,0.0,0.0,0.0,0.0,0.0,0.0,0.0,0.0,0.0,0.0,0.0,0.0,0.0,0.0,0.0,0.0,0.0,0.0,0.0,0.0,0.0,0.0,0.0,0.0,0.0,0.0,0.0,0.0,0.0,0.0,0.0,0.0,0.0,0.0,0.0,0.0,0.0,0.0,0.0,0.0,0.0,0.0,0.0,0.0,0.0,0.0,0.0,0.0,0.0,0.0,0.0,0.0,0.0,0.0,0.0
48,0.0,0.0,0.0,0.0,0.0,0.0,0.0,0.0,0.0,0.0,0.0,0.0,0.0,0.0,0.0,0.0,0.0,0.0,0.0,0.0,0.0,0.0,0.0,0.0,0.0,0.0,0.0,0.0,0.0,0.0,0.0,0.0,0.0,0.0,0.0,0.0,0.0,0.0,0.0,0.0,0.0,0.0,0.0,0.0,0.0,0.0,0.0,0.0,0.0,0.0,0.0,0.0,0.0,0.0,0.0,0.0
49,0.0,0.0,0.0,0.0,0.0,0.0,0.0,0.0,0.0,0.0,0.0,0.0,0.0,0.0,0.0,0.0,0.0,0.0,0.0,0.0,0.0,0.0,0.0,0.0,0.0,0.0,0.0,0.0,0.0,0.0,0.0,0.0,0.0,0.0,0.0,0.0,0.0,0.0,0.0,0.0,0.0,0.0,0.0,0.0,0.0,0.0,0.0,0.0,0.0,0.0,0.0,0.0,0.0,0.0,0.0,0.0
50,0.0,0.0,0.0,0.0,0.0,0.0,0.0,0.0,0.0,0.0,0.0,0.0,0.0,0.0,0.0,0.0,0.0,0.0,0.0,0.0,0.0,0.0,0.0,0.0,0.0,0.0,0.0,0.0,0.0,0.0,0.0,0.0,0.0,0.0,0.0,0.0,0.0,0.0,0.0,0.0,0.0,0.0,0.0,0.0,0.0,0.0,0.0,0.0,0.0,0.0,0.0,0.0,0.0,0.0,0.0,0.0
51,0.0,0.0,0.0,0.0,0.0,0.0,0.0,0.0,0.0,0.0,0.0,0.0,0.0,0.0,0.0,0.0,0.0,0.0,0.0,0.0,0.0,0.0,0.0,0.0,0.0,0.0,0.0,0.0,0.0,0.0,0.0,0.0,0.0,0.0,0.0,0.0,0.0,0.0,0.0,0.0,0.0,0.0,0.0,0.0,0.0,0.0,0.0,0.0,0.0,0.0,0.0,0.0,0.0,0.0,0.0,0.0
52,0.0,0.0,0.0,0.0,0.0,0.0,0.0,0.0,0.0,0.0,0.0,0.0,0.0,0.0,0.0,0.0,0.0,0.0,0.0,0.0,0.0,0.0,0.0,0.0,0.0,0.0,0.0,0.0,0.0,0.0,0.0,0.0,0.0,0.0,0.0,0.0,0.0,0.0,0.0,0.0,0.0,0.0,0.0,0.0,0.0,0.0,0.0,0.0,0.0,0.0,0.0,0.0,0.0,0.0,0.0,0.0
53,0.0,0.0,0.0,0.0,0.0,0.0,0.0,0.0,0.0,0.0,0.0,0.0,0.0,0.0,0.0,0.0,0.0,0.0,0.0,0.0,0.0,0.0,0.0,0.0,0.0,0.0,0.0,0.0,0.0,0.0,0.0,0.0,0.0,0.0,0.0,0.0,0.0,0.0,0.0,0.0,0.0,0.0,0.0,0.0,0.0,0.0,0.0,0.0,0.0,0.0,0.0,0.0,0.0,0.0,0.0,0.0
54,0.0,0.0,0.0,0.0,0.0,0.0,0.0,0.0,0.0,0.0,0.0,0.0,0.0,0.0,0.0,0.0,0.0,0.0,0.0,0.0,0.0,0.0,0.0,0.0,0.0,0.0,0.0,0.0,0.0,0.0,0.0,0.0,0.0,0.0,0.0,0.0,0.0,0.0,0.0,0.0,0.0,0.0,0.0,0.0,0.0,0.0,0.0,0.0,0.0,0.0,0.0,0.0,0.0,0.0,0.0,0.0
55,0.626899183,0.626899183,0.626899183,0.407270789,0.407270789,0.327871323,0.261043131,0.495320529,0.495320529,0.495320529,0.410750747,0.410750747,0.379980087,0.328668267,0.626899183,0.626899183,0.626899183,0.407270789,0.407270789,0.327871323,0.261043131,0.495320529,0.495320529,0.495320529,0.410750747,0.410750747,0.379980087,0.328668267,0.454675615,0.454675615,0.454675615,0.454675615,0.454675615,0.311727196,0.242124468,3.698366572,3.698366572,3.698366572,3.06691676,3.06691676,2.837164158,2.454038669,0.626899183,0.626899183,0.626899183,0.407270789,0.407270789,0.327871323,0.261043131,7.024380794,7.024380794,7.024380794,5.564906236,5.564906236,4.892465497,4.136629064
56,4.860828876,4.860828876,4.795484543,4.795484543,4.795484543,3.97704339,3.97704339,4.773969173,4.773969173,4.759218216,4.759218216,4.759218216,4.336905479,4.336905479,4.860828876,4.860828876,4.795484543,4.795484543,4.795484543,3.97704339,3.97704339,4.773969173,4.773969173,4.759218216,4.759218216,4.759218216,4.336905479,4.336905479,3.690932035,3.690932035,3.598500013,3.598500013,3.598500013,3.598500013,3.428305864,35.64537904,35.64537904,35.53523936,35.53523936,35.53523936,32.3819937,32.3819937,4.860828876,4.860828876,4.795484543,4.795484543,4.795484543,3.97704339,3.97704339,63.466736049000005,63.466736049000005,63.038629434,63.038629434,63.038629434,56.585434841,56.415240692000005
57,7.641413212,7.641413212,7.641413212,7.641413212,7.641413212,7.043852329,6.822350502,7.868135452,7.868135452,7.868135452,7.868135452,7.868135452,7.868135452,7.511717796,7.641413212,7.641413212,7.641413212,7.641413212,7.641413212,7.043852329,6.822350502,7.868135452,7.868135452,7.868135452,7.868135452,7.868135452,7.868135452,7.511717796,9.0,9.0,9.0,9.0,9.0,7.934353352,7.509272099,58.7483204,58.7483204,58.7483204,58.7483204,58.7483204,58.7483204,56.08708779,7.641413212,7.641413212,7.641413212,7.641413212,7.641413212,7.043852329,6.822350502,106.40883094,106.40883094,106.40883094,106.40883094,106.40883094,103.550501643,99.086846987
58,8.465306282,8.465306282,8.465306282,8.465306282,8.465306282,8.465306282,7.696372509,8.606226921,8.606226921,8.606226921,8.606226921,8.606226921,8.606226921,8.338840485,8.465306282,8.465306282,8.465306282,8.465306282,8.465306282,8.465306282,7.696372509,8.606226921,8.606226921,8.606226921,8.606226921,8.606226921,8.606226921,8.338840485,9.0,9.0,9.0,9.0,9.0,8.486713409,8.486713409,64.25936356,64.25936356,64.25936356,64.25936356,64.25936356,64.25936356,62.26289259,8.465306282,8.465306282,8.465306282,8.465306282,8.465306282,8.465306282,7.696372509,115.867736248,115.867736248,115.867736248,115.867736248,115.867736248,115.354449657,110.51640449599999
59,8.540369034,8.540369034,8.540369034,8.540369034,8.540369034,8.540369034,7.917729855,8.640907288,8.640907288,8.640907288,8.640907288,8.640907288,8.640907288,8.434995651,8.540369034,8.540369034,8.540369034,8.540369034,8.540369034,8.540369034,7.917729855,8.640907288,8.640907288,8.640907288,8.640907288,8.640907288,8.640907288,8.434995651,8.864731789,8.864731789,8.864731789,8.864731789,8.864731789,8.864731789,8.602259636,64.51830843,64.51830843,64.51830843,64.51830843,64.51830843,64.51830843,62.98084598,8.540369034,8.540369034,8.540369034,8.540369034,8.540369034,8.540369034,7.917729855,116.28596189699999,116.28596189699999,116.28596189699999,116.28596189699999,116.28596189699999,116.28596189699999,112.206286483
60,8.312316895,8.312316895,8.312316895,8.312316895,8.312316895,8.312316895,8.015348434,8.449424744,8.449424744,8.449424744,8.449424744,8.449424744,8.449424744,8.359028816,8.312316895,8.312316895,8.312316895,8.312316895,8.312316895,8.312316895,8.015348434,8.449424744,8.449424744,8.449424744,8.449424744,8.449424744,8.449424744,8.359028816,8.59115696,8.59115696,8.59115696,8.59115696,8.59115696,8.59115696,8.492519379,63.08858243,63.08858243,63.08858243,63.08858243,63.08858243,63.08858243,62.41363104,8.312316895,8.312316895,8.312316895,8.312316895,8.312316895,8.312316895,8.015348434,113.51553956299999,113.51553956299999,113.51553956299999,113.51553956299999,113.51553956299999,113.51553956299999,111.670253353
61,8.321225166,8.321225166,8.321225166,8.321225166,8.321225166,8.180512428,7.918365479,8.370877266,8.321144104,8.321144104,8.321144104,8.321144104,8.319905281,8.185522079,8.321225166,8.321225166,8.321225166,8.321225166,8.321225166,8.180512428,7.918365479,8.370877266,8.321144104,8.321144104,8.321144104,8.321144104,8.319905281,8.185522079,8.446224213,8.446224213,8.446224213,8.446224213,8.594128609,8.479822159,8.280077934,62.50209883,62.13076057,62.13076057,62.13076057,62.13076057,62.12151076,61.11812343,8.321225166,8.321225166,8.321225166,8.321225166,8.321225166,8.180512428,7.918365479,112.653753073,112.18294848900001,112.18294848900001,112.18294848900001,112.33085288500001,111.782680765,109.524341959
62,8.252262115,8.252262115,8.252262115,8.252262115,8.252262115,8.224570274,7.710945129,8.378210068,8.378210068,8.378210068,8.378210068,8.378210068,8.378210068,8.292346001,8.252262115,8.252262115,8.252262115,8.252262115,8.252262115,8.224570274,7.710945129,8.378210068,8.378210068,8.378210068,8.378210068,8.378210068,8.378210068,8.292346001,8.482086182,8.482086182,8.482086182,8.482086182,8.482086182,8.482086182,8.482086182,62.55685002,62.55685002,62.55685002,62.55685002,62.55685002,62.55685002,61.91573629,8.252262115,8.252262115,8.252262115,8.252262115,8.252262115,8.224570274,7.710945129,112.552142683,112.552142683,112.552142683,112.552142683,112.552142683,112.46906716,110.115349861
63,8.21132946,8.21132946,8.21132946,8.21132946,8.21132946,8.21132946,7.873074532,8.388064384,8.388064384,8.388064384,8.388064384,8.388064384,8.388064384,8.308182716,8.21132946,8.21132946,8.21132946,8.21132946,8.21132946,8.21132946,7.873074532,8.388064384,8.388064384,8.388064384,8.388064384,8.388064384,8.388064384,8.308182716,8.408174515,8.408174515,8.408174515,8.408174515,8.408174515,8.408174515,8.408174515,62.63042839,62.63042839,62.63042839,62.63042839,62.63042839,62.63042839,62.03398291,8.21132946,8.21132946,8.21132946,8.21132946,8.21132946,8.21132946,7.873074532,112.44872005299999,112.44872005299999,112.44872005299999,112.44872005299999,112.44872005299999,112.44872005299999,110.677746453
64,8.106151581,8.086463928,8.086463928,8.086463928,8.276140213,8.276140213,8.276140213,8.291417122,8.243449211,8.243449211,8.243449211,8.496683121,8.496683121,8.496683121,8.106151581,8.086463928,8.086463928,8.086463928,8.276140213,8.276140213,8.276140213,8.291417122,8.243449211,8.243449211,8.243449211,8.496683121,8.496683121,8.496683121,8.347259521,8.347259521,8.347259521,8.347259521,8.347259521,8.347259521,8.347259521,61.90880071,61.55064289,61.55064289,61.55064289,63.44144243,63.44144243,63.44144243,8.106151581,8.086463928,8.086463928,8.086463928,8.276140213,8.276140213,8.276140213,111.15734921800001,110.64419261699999,110.64419261699999,110.64419261699999,113.610488832,113.610488832,113.610488832
65,7.871812344,7.871720791,7.871720791,7.871720791,7.922363758,7.922363758,7.922363758,8.107704163,8.107704163,8.107704163,8.107704163,8.222429276,8.222429276,8.222429276,7.871812344,7.871720791,7.871720791,7.871720791,7.922363758,7.922363758,7.922363758,8.107704163,8.107704163,8.107704163,8.107704163,8.222429276,8.222429276,8.222429276,8.176476479,8.176476479,8.176476479,8.176476479,8.245640755,8.245640755,7.874416351,60.53708719,60.53708719,60.53708719,60.53708719,61.39369518,61.39369518,61.39369518,7.871812344,7.871720791,7.871720791,7.871720791,7.922363758,7.922363758,7.922363758,108.544409027,108.544134368,108.544134368,108.544134368,109.851285761,109.851285761,109.480061357
66,7.294574261,7.294574261,7.294574261,7.294574261,7.294574261,7.137664318,7.137664318,7.420981407,7.420981407,7.420981407,7.420981407,7.47349596,7.47349596,7.47349596,7.294574261,7.294574261,7.294574261,7.294574261,7.294574261,7.137664318,7.137664318,7.420981407,7.420981407,7.420981407,7.420981407,7.47349596,7.47349596,7.47349596,7.334971428,7.334971428,7.334971428,7.334971428,7.382300377,7.337468624,6.581913471,55.40959431,55.40959431,55.40959431,55.40959431,55.80170014,55.80170014,55.80170014,7.294574261,7.294574261,7.294574261,7.294574261,7.294574261,7.137664318,7.137664318,99.470251335,99.470251335,99.470251335,99.470251335,100.01471521999999,99.49915363800001,98.743598485
67,4.561079979,4.466227055,4.466227055,4.466227055,4.466227055,3.69056201,3.69056201,4.45934248,4.337473869,4.337473869,4.337473869,4.337473869,3.806681156,3.806681156,4.561079979,4.466227055,4.466227055,4.466227055,4.466227055,3.69056201,3.69056201,4.45934248,4.337473869,4.337473869,4.337473869,4.337473869,3.806681156,3.806681156,4.501268864,4.501268864,4.501268864,4.501268864,4.501268864,4.501268864,3.668220043,33.29618337,32.38623765,32.38623765,32.38623765,32.38623765,28.42301401,28.42301401,4.561079979,4.466227055,4.466227055,4.466227055,4.466227055,3.69056201,3.69056201,60.399377130999994,58.961135417,58.961135417,58.961135417,58.961135417,51.609331215999994,50.776282395
68,0.0,0.0,0.0,0.0,0.0,0.0,0.0,0.0,0.0,0.0,0.0,0.0,0.0,0.0,4.561079979,4.466227055,4.466227055,4.466227055,4.466227055,3.69056201,3.69056201,0.0,0.0,0.0,0.0,0.0,0.0,0.0,0.0,0.0,0.0,0.0,0.0,0.0,0.0,0.0,0.0,0.0,0.0,0.0,0.0,0.0,0.0,0.0,0.0,0.0,0.0,0.0,0.0,4.561079979,4.466227055,4.466227055,4.466227055,4.466227055,3.69056201,3.69056201
69,0.0,0.0,0.0,0.0,0.0,0.0,0.0,0.0,0.0,0.0,0.0,0.0,0.0,0.0,0.0,0.0,0.0,0.0,0.0,0.0,0.0,0.0,0.0,0.0,0.0,0.0,0.0,0.0,0.0,0.0,0.0,0.0,0.0,0.0,0.0,0.0,0.0,0.0,0.0,0.0,0.0,0.0,0.0,0.0,0.0,0.0,0.0,0.0,0.0,0.0,0.0,0.0,0.0,0.0,0.0,0.0
70,0.0,0.0,0.0,0.0,0.0,0.0,0.0,0.0,0.0,0.0,0.0,0.0,0.0,0.0,0.0,0.0,0.0,0.0,0.0,0.0,0.0,0.0,0.0,0.0,0.0,0.0,0.0,0.0,0.0,0.0,0.0,0.0,0.0,0.0,0.0,0.0,0.0,0.0,0.0,0.0,0.0,0.0,0.0,0.0,0.0,0.0,0.0,0.0,0.0,0.0,0.0,0.0,0.0,0.0,0.0,0.0
71,0.0,0.0,0.0,0.0,0.0,0.0,0.0,0.0,0.0,0.0,0.0,0.0,0.0,0.0,0.0,0.0,0.0,0.0,0.0,0.0,0.0,0.0,0.0,0.0,0.0,0.0,0.0,0.0,0.0,0.0,0.0,0.0,0.0,0.0,0.0,0.0,0.0,0.0,0.0,0.0,0.0,0.0,0.0,0.0,0.0,0.0,0.0,0.0,0.0,0.0,0.0,0.0,0.0,0.0,0.0,0.0
72,0.0,0.0,0.0,0.0,0.0,0.0,0.0,0.0,0.0,0.0,0.0,0.0,0.0,0.0,0.0,0.0,0.0,0.0,0.0,0.0,0.0,0.0,0.0,0.0,0.0,0.0,0.0,0.0,0.0,0.0,0.0,0.0,0.0,0.0,0.0,0.0,0.0,0.0,0.0,0.0,0.0,0.0,0.0,0.0,0.0,0.0,0.0,0.0,0.0,0.0,0.0,0.0,0.0,0.0,0.0,0.0
